id,text
0,The presence of communication amid scientific minds was equally important to the success of the Manhattan Project as scientific intellect was. The only cloud hanging over the impressive achievement of the atomic researchers and engineers is what their success truly meant; hundreds of thousands of innocent lives obliterated.
1,"group discussions, community boards or panels with a third party, or victim and offender dialogues, and requires a skilled facilitator who also has sufficient understanding of sexual assault, domestic violence, and dating violence, as well as trauma and safety issues."
2,"Western betrayal. The concept of Western betrayal refers to the view that the United Kingdom and France failed to meet their legal, diplomatic, military and moral obligations with respect to the Czech and Polish nations during the prelude to and aftermath of the Second World War."
3,what to Do If I Stepped on Rusty Nail: Prevent Getting Tetanus. What to do if you step on a nail and are afraid to get Tetanus? Tetanus vaccines are available to help the body fight off the bacteria that causes this infection. Patients as young as two months are able to receive a tetanus shot.
4,A preview of what LinkedIn members have to say about Göran: Göran är en mycket duktig och noggrann säljare och ledare. Under görans ledning och stöd byggde vi en effektiv och stark sälj/marknads organisation för outsourcing av dokumenthanteringstjänster i stor skala. Jag jobbar gärna med Göran närsomhelst och rekommenderar gärna Göran som er nästa sälj/marknadschef.
5,"While Chicago O’Hare in 2014 was briefly the world’s busiest in flight counts, Atlanta has had the most flights for the past two years. Hartsfield-Jackson had a 1.8 percent increase in flights in 2016, while Chicago O’Hare had a 0.9 percent decline."
6,the cost of attending new york university is comparable to that of other selective private institutions new york university charges tuition and registration fees on a per unit basis for 2015 2016 the tuition rate is expected to be $ 1616 per unit plus registration and service feesthe estimated total tuition for the ms program is $ 51654 the board of trustees of new york university reserves the right to alter tuition and feesfinal tuition and fees for the 2015 16 academic year will be made official by april of this yearhe board of trustees of new york university reserves the right to alter tuition and fees final tuition and fees for the 2015 16 academic year will be made official by april of this year
7,"In an effort to better understand how children form memories, the researchers asked 140 kids between the ages of 4 and 13 to describe their earliest memories and then asked them to do the same thing two years later."
8,"Your dentist or oral surgeon may use one of three types of anesthesia, depending on the expected complexity of the wisdom tooth extraction and your comfort level. Local anesthesia. Your dentist or oral surgeon administers local anesthesia with one or more injections near the site of each extraction."
9,"Taken from Wiktionary: Funnest is a regular superlative of the adjective fun. However, the use of fun as an adjective is itself still often seen as informal or casual and to be avoided in formal writing, and this would apply equally to the superlative form."
10,Phloem is a conductive (or vascular) tissue found in plants. Phloem carries the products of photosynthesis (sucrose and glucose) from the leaves to other parts of the plant. … The corresponding system that circulates water and minerals from the roots is called the xylem.
11,"CE Certification. CE Certification is required for all recreational boats entering or being sold in the European Union. Manufacturers must test and document to ensure conformity to all applicable European directives and requirements. CE certification is obtained from Notified Bodies, organizations that are recognized by European states to conduct CE assessments and issue CE certification documents."
12,McDonald's USA Nutrition Facts for Popular Menu Items. We provide a nutrition analysis of our menu items to help you balance your McDonald's meal with other foods you eat. Our goal is to provide you with the information.
13,"Panglao is an island in the north Bohol Sea, located in the Central Visayas Region of the Visayas island group, in the south-central Philippines.he airport is very close to Tagbilaran Airport which currently serves as the gateway to Panglao Island and the rest of Bohol for domestic air travelers. It also is less than 2 hours travel time from Mactan-Cebu International airport, which is a gateway to the Central Philippines for international tourists."
14,Synonyms for calomel in the sense of this definition. mercurous chloride (calomel is a kind of ...) any compound containing a chlorine atom. chloride (calomel is made of the substance ...) a heavy silvery toxic univalent and bivalent metallic element; the only metal that is liquid at ordinary temperatures. atomic number 80; hg; hydrargyrum; mercury; quicksilver (... is made of the substance calomel) a mixture of calomel and limewater that is used on syphilitic sores. black lotion; blackwash
15,"We will use what we know from this: The sum of the squares of the first n natural numbers. Let. We have. We want to find. Proof 2 - Induction proof. 1) For n = 1 it's true. 2) Let's consider that is true for n, and let's prove it for n+1."
16,Oklahoma Natural Gas Oklahoma City toll free customer service phone number : +1 800-664-5463 BancFirst toll free customer service phone number : +1(405) 948-7930 Click to enter your compliant for Bancfirst Oklahoma
17,"For the first time in Montreal, an exhibition is devoted to Pompeii and Herculaneum, its neighbouring city. February 13, 2016 to January 8, 2017."
18,"DeWitt was named after DeWitt Clinton, Governor of New York during the 1820s. It was first settled by Captain David Scott, who moved there from Ann Arbor in 1833, and platted the land. The State Legislature formally created DeWitt Township on March 23, 1836."
19,"To create a new email address at MSN, you will have to sign up for a new MSN account under a different user name. There is only one email address per user name on MSN; but you can have as many different user names as you care to create. Click on Email Solutions in the MSN Services box."
20,"It might seem surprising to some that it's virtually impossible to get CPAP machines without a prescription as a motorized oxygen mask doesn't qualify to most as being on the same plane as actual medication, but it really is.t might seem surprising to some that it's virtually impossible to get CPAP machines without a prescription as a motorized oxygen mask doesn't qualify to most as being on the same plane as actual medication, but it really is."
21,"A confirmation is sent to the email address listed on the itinerary when the check-in is purchased. Purchases of the Early Bird Check-In are not refundable, and passengers who cancel their reservation must forfeit the option for that particular flight. In the rare event that Southwest cancels a flight, a refund will be issued within one or two billing cycles."
22,"Then you can open the file in Excel, select the cells containing the array formulas, and press Ctrl+Shift+Enter to make the formula work. If you're working along in Excel, be sure that Sheet1 is active, and then select cells E2:E11. Press F2 and then type the formula =C2:C11*D2:D11 in the current cell of E2."
23,"WELCOME TO COLUMBUS! The City of Columbus includes a mix of residential, rural and commercial property. Columbus boasts large tracts of public land, including Carlos Avery Wildlife Management Area and Lamprey Pass."
24,"Local social security offices in BELLEVUE, WA offer information, help and services handled by the Social Security Administration. Services typically available include: Apply for Retirement Benefits in BELLEVUE, WA. Apply for Disability in BELLEVUE, WA – SSDI in BELLEVUE, WA, Supplemental Security Income (SSI) in BELLEVUE, WA."
25,"Yes, whiskers are used to help animals balance themselves like we need our pinky toe for balance."
26,"My husband and I stayed at the Residence Inn in Shelton, CT for 3 months following a kitchen fire in our house. This could have been a stressful time for us but the staff at the Residence Inn made sure that it wasn't."
27,"Arconic’s Legal Department is seeking to fill one (1) Legal Assistant/Paralegal II position at its Corporate Center in Pittsburgh, Pennsylvania. Qualified candidates should possess 3 or more years of professional experience as a legal assistant/ paralegal..."
28,"Bp America Salary. Bp America average salary is $111,082, median salary is $105,060 with a salary range from $33,000 to $1,117,000.Bp America salaries are collected from government agencies and companies.Each salary is associated with a real job position. Bp America salary statistics is not exclusive and is for reference only.p America salary is full-time annual starting salary. Intern, contractor and hourly pay scale vary from regular exempt employee. Compensation depends on work experience, job location, bonus, benefits and other factors."
29,"$8,532 - $20,605. The average national cost of window installation is $4,995, with most homeowners spending between $2,602 and $7,404. This data is based on actual project costs as reported by HomeAdvisor members. Windows can bring light and warmth, provide views, beautify inside and out and add tremendous value to your home."
30,"In this post, we’ll break down the Doing Business As (DBA; a.k.a. Fictitious Business Name or Assumed Business Name) to see if your business needs one. In this post, we’ll break down the Doing Business As (DBA; a.k.a. Fictitious Business Name or Assumed Business Name) to see if your business needs one."
31,"According to the 2015 Genworth Financial cost of care survey, the average cost of assisted living in Washington is $4,625 per month. The monthly base rate for Washington assisted living is typically higher when compared to neighboring states."
32,"+ More. Fees are one of the biggest enemies of your retirement savings, especially when compounded over the course of your career. If you invest $100,000 in a portfolio and pay 1 percent annually in fees, it will cost you nearly $28,000 over 20 years, according to Securities and Exchange Commission calculations.If instead you had been able to invest that $28,000, your portfolio would have earned another $12,000.f you invest $100,000 in a portfolio and pay 1 percent annually in fees, it will cost you nearly $28,000 over 20 years, according to Securities and Exchange Commission calculations. If instead you had been able to invest that $28,000, your portfolio would have earned another $12,000."
33,"Disability Listing for COPD. To qualify for benefits, you must first be diagnosed with chronic obstructive pulmonary disease. In addition, a lung function test performed by a consulting doctor hired by the SSA must show very limited airflow. Specifically, the SSA wants to see results from one of the following tests:"
34,"Dear Kusum, There is no law which defines the percentage of minimum or maximum basic salary in india. Moreover, it depends on Management. Govt revise Minimum Wages every after six month and Employer should keep in mind that their employee' basic should be more than what govt fix and revise time to time. I would like to know that what is the relation between minimum wage and % of minimum basic wage. please let me know also that how minimum wage (which is upgraded from time to time) changes the minimum % of basic salary?"
35,"In one common rendition, the rice is fried with ketchup, and extra ketchup is squeezed on top as a garnish. In another popular one, seen in the Kyoto video, the chef uses demi-glace (a rich, veal stock–based sauce) to both fry the rice and top the omelette. Japanese mayo is often also squeezed on top."
36,"Classiþcation of hazardous health-care waste is summarized in Table 2.1. and described in more detail in sections 2.1.2 to 2.1.10. 2.1.2 Infectious waste. Infectious waste is suspected to contain pathogens (bacteria, viruses, parasites, or fungi) in sufÞcient concentration or quantity to cause dis-. ease in susceptible hosts."
37,"You can sell back this text book as well if you buy Elementary Statistics online now and you want to get rid of it later on. Robert R. Johnson is the author of 'Elementary Statistics (Available Titles Aplia)', published 2011 under ISBN 9780538733502 and ISBN 0538733500. Marketplace prices"
38,Track Web Site Track Map StatsMaster customizable stats for Belterra Park Track Records
39,The average cost for a Jeep Compass Alternator Replacement is between $377 and $577. Labor costs are estimated between $123 and $156 while parts are priced between $254 and $421. Estimate does not include taxes and fees. Get a Personalized Estimate for your Jeep Compass.
40,"Folate and folic acid are forms of a water-soluble B vitamin. Folate occurs naturally in food, and folic acid is the synthetic form of this vitamin. Since 1998, folic acid has been added to cold cereals, flour, breads, pasta, bakery items, cookies, and crackers, as required by federal law."
41,"SQL clauses site was designed to help programmers and IT professionals, yet unfamiliar with SQL (Structured Query Language) to learn the language and use it in their everyday work. Our tutorial shows how to put into practice various SQL clauses, SQL commands, SQL statements and SQL operators. If SQL clauses and commands like SELECT, INSERT, UPDATE, DELETE, WHERE, JOIN, DISTINCT, ORDER BY, GROUP BY, HAVING, and UNION sound like ancient Greek to you, then you have come to the right place."
42,"1 To change an address on a registration, tag, title or boat/vessel/trailer, see a Motor Vehicle Service Center above or visit www.gorenew.com.  To change an address on a driver license, see a Driver License Service Center above or visit www.gorenew.com."
43,"1 A single implant typically costs $2,400-$3,000, but can be $4,000-$10,000 or more if additional procedures like extractions, bone grafts, 2  Placing an abutment and a dental crown on a single implant typically adds $500-$3,000 to the cost of just the implant, for a total of $1,500-$13,000 or more."
44,"Big Bus Tours London. The hop-on, hop-off bus tour of London includes a cruise along the River Thames; a selection of guided walking tours and a Big Bus voucher booklet that offers a range of discounts at attractions, shops and restaurants.ur hop-on, hop-off bus tours of London allow you to explore the sights at your own pace. There are more than 50 locations where you can get off the bus to visit attractions or explore places of interest."
45,"Granuloma annulare (GA) is a common conditi0n of unknown cause which affects the skin of children, teen4gers or young adults (or any age group, less commonly). Granuloma annul4re can occur on any site of the body and is occasionally quite widespre4d. It only affects the skin and is c0nsidered harmless."
46,"Basically, our certification means that we ensure the organic integrity of the organic products we sell from the time they reach our stores until they are safely tucked into your shopping cart. It’s similar to the organic certification for food processing plants."
47,"Most people should get all the nutrients they need by having a varied and balanced diet, although some few people may need to take extra supplements. What this guide covers This guide has information about:"
48,"Prizes are considered taxable income regardless of whether the prize is in the form of cash, trips or merchandise. If you win a prize valued over $600, the sweepstakes or contest sponsor must report the value to you and the Internal Revenue Service on a Form 1099-MISC.You’re still supposed to report and pay tax on prizes under $600.f you win a prize valued over $600, the sweepstakes or contest sponsor must report the value to you and the Internal Revenue Service on a Form 1099-MISC. You’re still supposed to report and pay tax on prizes under $600."
49,"Communication in the Nervous System: Neurons. There are two major types of cells in the nervous system: glia and neurons. Neurons are cells that receive, integrate, and transmit information. In the human nervous system, the vast majority are interneurons-neurons that communicate with other neurons."
50,"These trails offer a challenge for all ages and abilities. Nine Mile Forest Unit has 10 miles of single track mountain bike trails and 20 miles on the cross country trails, all riders 12 years and older require a daily or annual pass."
51,SGO Clinical Practice Statement: Salpingectomy for Ovarian Cancer Prevention. SGO Clinical Practice Statement: Salpingectomy for Ovarian Cancer Prevention. Salpingectomy may be appropriate and feasible as a strategy for ovarian cancer risk reduction.
52,"Chromium (III) picolinate (CrPic 3) is a chemical compound sold as a nutritional supplement to treat type 2 diabetes and promote weight loss. This bright-red coordination compound is derived from chromium (III) and picolinic acid.s such, chromium (III) picolinate has been used as a treatment for type 2 diabetes, although its effectiveness remains controversial due to conflicting and/or poorly carried out clinical studies. Chromium (III) picolinate has been described as a poor [...] nutritional supplement."
53,"Riparian rights: the right of access to the water, the right to construct piers from their lands into the water, and the right to use the shore for bathing, boating or kindred purposes. B. Common law rules. 1. An easement to use shorelands did not make the easement holder a riparian owner."
54,"A triglyceride is an ester derived from glycerol and three to four fatty acids. Triglycerides are the main constituents of body fat in humans and other animals, as well as vegetable fat. They are also present in the blood to enable the bidirectional transference of adipose fat and blood glucose from the liver, and are a major component of human skin oils. There are many different types of triglyceride, with the main division between saturated and unsaturated types. Saturated fats are saturated"
55,"Saturday, May 19, 2012. Cunnilingus is a sexual act where a woman’s genital area is stimulated by her partner’s lips, mouth and tongue. “Cunnilingus” is derived from two Latin words; “cunnus” meaning vulva (hello lady parts!) and “lingua” which means tongue. The big word basically describes oral sex performed on a woman for the purpose of sexual pleasure. Most people who engage in oral sex find it extremely pleasurable."
56,"Today, President Obama delivered the commencement address to the 2013 graduates of Morehouse College in Atlanta, GA. “It is one of the great honors of my life to be able to address this gathering here today,” President Obama told the graduates."
57,"What causes tooth root resorption? A: A study on external root resorption in the journal Schweiz Monatsschr Zahnmed states that trauma, periodontitis, orthodontic treatment, internal bleaching, cysts, tumors or stimuli from a necrotic dental pulp may cause tooth root resorption."
58,"1 Easier To Operate-Another huge advancement with portable oxygen tanks is that they are incredibly easy to operate, whether it is for using oxygen, monitoring oxygen levels, refilling, or replacing the tank."
59,All patients gave written informed consent. The chemotherapy/conditioning regimens 'BEAM' and Fludarabine – 2 Gy TBI are considered standard chemotherapy/conditioning regimens in our internal handbook of the stem-cell transplant unit. The handbook is revised on a regular basis and approved by the Ethics Committee.
60,"Cheetahs are currently listed as “vulnerable” on the International Union for Conservation of Nature red list, which monitors animal population numbers. But Panthera has called for the cats to be up-listed to an “endangered” designation as soon as possible, pointing to recent losses in areas that were home to most of the animals."
61,Both your parents would have to be a car … rier of the gene for you to be born with Cystic Fibrosis. When two carriers of the CF gene parent a child together there is a 1 in 4 chance of the child being born with Cystic Fibrosis.   no because you don't have the other gene.
62,"Ocean resources are under intense pres-. sure to satisfy expanding demands due to population growth and globalization. Many valuable. fisheries around the world have collapsed, invasive species have disrupted marine food webs, and an increasing number of species are in danger of extinction as a result of human activi-. ties. Changes such as habitat loss and degradation pose significant threats to marine life, while."
63,"Garcinia cambogia, a tropical fruit also known as the Malabar tamarind, is a popular weight-loss supplement.People say it blocks your body's ability to make fat and it puts the brakes on your appetite. It could help keep blood sugar and cholesterol levels in check, too.arcinia cambogia may make it easier for your body to use glucose, the sugar your cells need for energy. Mice that got garcinia cambogia in one study had lower insulin levels than mice that didn't. That's another reason, besides weight loss, that people with diabetes are interested in it."
64,"Posted on. (Answer #1). A bicameral legislature is one that is split up into two houses. Many legislatures around the world are split in this way. For example, the Congress of the United States is split up between the House of Representatives and the Senate.Bicameral legislatures are generally set up as a way of providing checks and balances in a governmental system.or example, the Congress of the United States is split up between the House of Representatives and the Senate. Bicameral legislatures are generally set up as a way of providing checks and balances in a governmental system."
65,"Conservatory Average Cost. The cost of a conservatory varies widely depending on the design, local labor and material costs, and other factors. Before you begin conservatory construction, check with the local planning department to find out what permits you may need.1  Conservatory costs start at around $7,500 to $15,000.2  The average cost of a conservatory is $10,000 to $30,000. 3  A conservatory could cost as much as $40,000 to $80,000 or more.he cost of a conservatory varies widely depending on the design, local labor and material costs, and other factors. Before you begin conservatory construction, check with the local planning department to find out what permits you may need."
66,The maximum temperature for Jammu over the next 7 day will be 37℃ (or 99℉) on Wednesday 14 th October at around 2 pm. In the same week the minimum temperature will be 21℃ (or 70℉) on Tuesday 20 th October at around 5 am.
67,"Question: Will I Know It When My Blood Pressure Goes Up? Answer: High blood pressure, or hypertension, is called the silent killer because it can go undiagnosed for years, damaging the brain, your eyesight, your heart or your kidneys long before symptoms develop."
68,"This means that plants and crops are in danger from this type of erosion. The wind picks up loose particles, which damage the structure and stability similarly to water erosion, making it easier for later wind to pick up more particulates."
69,"This young lady had begun to PHYSICALLY turn into a snake, shedding her skin and having snakish tendencies.Possessed by a violent snake demon, the python spirit was exposed during this church service in Lagos, Nigeria.It confessed how it uses her to torment and destroy men! Thank God for her powerful deliverance through prayer from Prophet T.B. Joshua!ossessed by a violent snake demon, the python spirit was exposed during this church service in Lagos, Nigeria. It confessed how it uses her to torment and destroy men! Thank God for her powerful deliverance through prayer from Prophet T.B. Joshua!"
70,"1 out of 1 found this helpful. It depends on what you tested positive for... An ELISA (quick and dirty) test for toxoplasmosis will test your IgG and IgM antibodies. If you are ONLY IgG positive, then it means you probably acquired the infection >=12 months ago."
71,"Haunted Towns. Haunted Towns is an American paranormal television series that premiered on August 15, 2017 in the United States on Destination America. The series features the Tennessee Wraith Chasers, a group of professional paranormal investigators that are known for trying to trap ghosts during their investigations."
72,Research has shown that nearly 60% of performance horses have stomach ulcers. This is known as Equine Gastric Ulcer Syndrome (EGUS).
73,"You'll want to use a Partnership Agreement between yourself and the other business partner or partners. Its terms define how the business partnership will be conducted, making it an important foundational document for running your new business."
74,"The ICD-9-CM Official Guidelines for Coding and Reporting provide advice on the selection of principal and secondary diagnoses, which LTCHs are required to follow, as the Uniform Hospital Discharge Data Set (UHDDS) definitions are applicable to long-term care hospitals."
75,"rev'-er-ens: In the Old Testament, reverence occurs as the translation of two Hebrew words, yare' and shachah. It is used to express the attitude toward God Himself, as in Psalm 89:7 the King James Version; or toward His sanctuary, as in Leviticus 19:30; Leviticus 26:2."
76,"In the lungs, thick bronchial secretions block the small airways, which become inflamed. As the disease progresses, the bronchial walls thicken, the airways fill with infected secretions, areas of the lung contract, and lymph nodes enlarge.In the liver, thick secretions block the bile ducts.Obstruction may also occur in the gallbladder. In the pancreas, thick secretions may block the gland completely.s the disease progresses, the bronchial walls thicken, the airways fill with infected secretions, areas of the lung contract, and lymph nodes enlarge. In the liver, thick secretions block the bile ducts. Obstruction may also occur in the gallbladder."
77,"People use minerals in so many different ways. Mineral are used in  industrial processes and most things like jewelry, fuel, clothing,  furniture and fittings are made from … minerals. Chromite (iron magnesium chromium oxide) is the main ore of chromium and is also used as a refracto … ry material.   Diamond (a carbon allotrope) is mined for its high value as a gemstone, but it is also an excellent abrasive."
78,"See all results for fisher price i can play piano. 1  Fisher-Price I Can Play Piano System. by Fisher-Price. 2  I Can Play Piano Software - Nicktoons Show Tunes. by Fisher-Price. 3  I Can Play Piano Software - Dora's Musical Adventure. by Fisher-Price.  Fisher-Price Kick and Play Piano Gym by Fisher-Price. 4.7 out of 5 stars 1,344."
79,"1 The average cost of living in a not-for-profit. 2  is $2,672.00 per month, or $32,064.00 annually. 3  The average monthly rate for. 4  is $4,270.00 per month or $51,240.00 annually. 5  To move into a community, individuals might also have to pay an. 6  ranging from $60,000.00 to $120,000.00 or more."
80,"Commenting the date of a show, and adding !setlistbot to the comment, will trigger a response from /u/setlistbot. This response includes the shows setlist, links to listen to the show, and a link to phish.net for more information. Example: 12-31-99 Check out this awesome show !setlistbot Useful Links"
81,"The ability to use information technologies effectively to find and manage information, and the ability to critically evaluate and ethically apply that information to solve a problem are some of the hallmarks of an information literate individual."
82,Diagnosis and Tests. 1  Colonoscopy: MedlinePlus Health Topic (National Library of Medicine) Also in Spanish. 2  Lower GI Series (Barium Enema) (National Institute of Diabetes and Digestive and Kidney Diseases) Also in Spanish.
83,How to disable app icon badges in Notification Center. 1  Launch the Settings app on your iPhone or iPad. 2  Tap on Notification Center. 3  Scroll down and find the app you'd like to disable app icon badges for and tap on it. 4  Turn the option for Badge App Icon to Off. Launch the Settings app on your iPhone or iPad. 2  Tap on Notification Center. 3  Scroll down and find the app you'd like to disable sounds for and tap on it. 4  Turn the option for Sounds to Off. 5  This also disables any vibration alerts that may be attached to that sound alert.
84,"On 2 November 1868, New Zealand officially adopted a standard time to be observed nationally, and was perhaps the first country to do so. It was based on longitude 172° 30′ East of Greenwich, 111⁄2 hours ahead of Greenwich Mean Time (GMT)."
85,"1 Bake for 45 minutes for sweet potatoes/yams that are 2-3 inches in diameter. For sweet potatoes that are up to 4 inches in diameter, bake for an hour. For super large sweet potatoes, bake for an hour and 15 minutes.  After the time has elapsed, don't open the oven but turn it off."
86,Blank Wine Labels - High Gloss - Water Resistant - White - For Inkjet Printers - 40 Labels - 10 Sheets. Excellent quality; easy to work with; beautiful labels using ink-jet printer and photo paper selection.
87,Definition of conquest in US English - the subjugation and assumption of control of a place or people by use of military force Definition of conquest in US English - the subjugation and assumption of control of a place or people by use of military force
88,"From the Roman name Mauritius, a derivative of MAURUS. Saint Maurice was a 3rd-century Roman soldier from Egypt. He and the other Christians in his legion were supposedly massacred on the orders of emperor Maximian for refusing to worship Roman gods."
89,"WLOS News 13 provides local news, weather forecasts, traffic updates, notices of events and items of interest in the community, sports and entertainment programming for Asheville, NC and nearby towns and communities in Western North Carolina and the Upstate of South Carolina, including the counties of Buncombe, Henderson, Rutherford, Haywood, Polk, ..."
90,"Ad. Other terms used in reference to body habitus may describe features such as musculature or strength, along with other characteristics of interest. As a general rule, any change in the physique can be a cause for concern."
91,"Mendes was born in Miami, Florida, to Cuban parents Eva Pérez Suárez and Juan Carlos Méndez, and raised by her mother in the Los Angeles suburb of Glendale after her parents' divorce. Mendes was raised a Roman Catholic and at one time even considered becoming a Catholic nun."
92,LINK / CITE ADD TO WORD LIST. adjective. The definition of traumatic is something that is extremely upsetting or something that causes great harm or damage to the mind or body. 1  Getting into a serious accident that gives you PTSD is an example of a traumatic event.
93,"It consists of a rectangle with a width to length ratio of two to three featuring: 1  A blue vertical stripe one-third the entire length of the flag wide, and two equal horizontal stripes, the upper stripe white, the lower red, each two-thirds the entire length of the flag long."
94,"As specific as possible. 1  Include a complete diagnosis and appropriate Common Diagnostic Codes (ICD codes). Clarify a specific body site and the definition of the injury. 2  If your patient is unable to perform any work due to the injury or disease, estimate how much time the injured worker will lose due to the injury."
95,"Non-Silicate Minerals. Minerals can be classified as either silicate - that is, containing silicon and oxygen - or non-silicate - that is, lacking silicon. While most of the earth's crust is composed of silicate minerals, several non-silicate minerals are of great importance."
96,"The blood pressure in each leg is divided by the blood pressure in the higher pressure of the two arms to obtain an ABI for each lower extremity. An ABI above 0.9 is normal, except when it exceeds 1.3 (an indicator of severe peripheral arterial obstruction)."
97,"For the first time, the music royalty fee will also be passed along to standalone SiriusXM Internet Radio subscribers. Currently, internet-only customers pay $14.99 per month for most of SiriusXM’s channels plus premium content from Howard Stern and others. Starting in January, an additional fee of $2.08 will be tacked on to the monthly bills of internet-only customers, bringing the total cost to a little over $17 per month. SiriusXM began passing along the cost of music royalties to subscribers in 2009 shortly after the merger of the two satellite radio companies."
98,"The gas prices for the cost to drive from Chandler, AZ to Phoenix, AZ Has been Galculated: 16 this month. The gas prices for the cost to drive from Tucson, AZ to Tucson, AZ Has been Galculated: 16 this month. The gas prices for the cost to drive from Oro Valley, AZ to Dana Point, CA Has been Galculated: 15 this month.he gas prices for the cost to drive from Phoenix, AZ to Tecumseh, OK Has been Galculated: 15 this month. The gas prices for the cost to drive from Laveen, AZ to Phoenix, AZ Has been Galculated: 14 this month. The gas prices for the cost to drive from Phoenix, AZ to Flagstaff, AZ Has been Galculated: 14 this month."
99,"Below is a picture showing an actual cutaway view of the forcing cone area that's inside most all shotgun barrels , notice the upper barrel is showing a lengthened forcing cone while the lower barrel is shown with a factory length forcing cone. Back to the Top. Patterns."
100,"At this time the Industrial Workers of the World had a membership of over 100,000 members. In 1913 William Haywood replaced Vincent Saint John as secretary-treasurer of the Industrial Workers of the World. By this time, the IWW had 100,000 members."
101,"Radiation. The principal risks associated with nuclear power arise from health effects of radiation. This radiation consists of subatomic particles traveling at or near the velocity of light---186,000 miles per second.ining uranium to fuel nuclear power plants leaves mill tailings, the residues from chemical processing of the ore, which lead to radon exposures to the public. However, these effects are grossly over-compensated by the fact that mining uranium out of the ground reduces future radon exposures."
102,"Other News. 1  Through a partnership with Richmond Rec, the fitness room at Honeoye Central School will open on Monday, September 28th for use by adults in the community. 2  Regular hours are Monday through Thursday, 5:30 to 8:30 pm, following the HCS calendar. 3  Cost is $2 per visit, or $25 for a punch card with 16 visits.elcome to the Hamlet of Honeoye. Located on Honeoye Lake, in the Western Finger Lakes Region of Upstate New York. Our Honeoye Community Gazebo is home to many community events. Plantings are maintained courtesy of the Lake Country Garden Club volunteers."
103,Beneficiary data. The following briefly describes the different types of beneficiaries paid by Social Security. The descriptions are not meant to be definitive. Check with a local Social Security office if you believe you may be eligible for benefits. We pay benefits to the following types of beneficiaries.
104,"Tectonic setting The Denali-Totschunda fault is a major dextral (right lateral) strike-slip system, similar in scale to the San Andreas fault system. In Alaska, moving from east to west, the plate interactions change from a transform boundary between Pacific and North American plates to a collision zone with a microplate , the Yakutat terrane , which is in the process of being Express yourself."
105,"Many words are abbreviated in. more than one manner, sometimes in the course of a single. document. Individual commanders frequently improvise. abbreviations, which will be understandable from the. context to the German officer reading them, but may. cause considerable difficulty to the non-German."
106,"Thank You So Much Deannya :) ... The private beach at the Hilton was perfect - clean, quiet and never overcrowded. The Straw Market and downtown shopping area, the John Watling's Distillery and Graycliff Chocolatierare just minutes away (very walkable). And also near by is the famous Fish Fry and Junkanoo Beach."
107,"The Benefits of a Weak Dollar Despite expressions to the contrary by politicos and economists, the nature of a weak dollar can actually benefit stagnated portions of our economy. For example, a weak U.S. dollar will actually help boost the manufacturing sector. A weak dollar can also help sell U.S. made goods in overseas markets at lower prices. A weak dollar will benefit a few European retailers who import Asian products bought for dollars and sell them in European markets for stronger euro payments."
108,"One-third of France’s land is crop growing. Wheat is the major single crop grown at large farms in the Paris Basin and in the north.In southern France, most of the grapes produced are used in making wine being of high quality that come from several regions.In the Mediterranean region, grapes are used for cheaper wines.heat is the major single crop grown at large farms in the Paris Basin and in the north. In southern France, most of the grapes produced are used in making wine being of high quality that come from several regions."
109,"By William Powell of Powell & Denny, P.C. posted in What is a FCE on Friday, June 28, 2013. Alabama Workers Compensation: What is a FCE: If you have suffered a serious job injury to your neck, back, shoulder or hips, or to multiple body parts, most likely towards the end of your medical treatment you will be told that a FCE has been ordered for you."
110,"Grevy's Zebra. Grevy's zebra (Equus grevyi) consumes a lot of very coarse grasses that other kinds of zebras and equines are not able to digest properly, due to the severe toughness. The bulk of the Grevy's zebra diet consists of these fibrous, tougher-textured grasses, along with forbs."
111,"In this section you can learn more about the known causes of cancer, including genetic factors; lifestyle factors such as tobacco use, diet, and physical activity; certain types of infections; and environmental exposures to different types of chemicals and radiation."
112,Best Answer: Your scores will be available on June 24th-only 17 more days to go! Here is the link to where you can access your scores when they are available-http://sat.collegeboard.com/scores. Good luck! Source(s): I work for PowerScore SAT Prep http://www.powerscore.com/sat. want to take advantage of the four free score reports that get sent to 4 colleges but I want to see my score first before I send them to my top 4 picks. Any help would be greatly appreciated! Source(s): long sat scores back: https://tr.im/qgo88. America · 2 months ago.
113,"ALS, or amyotrophic laterals sclerosis, is a progressive neurodegenerative disease that affects nerve cells in the brain and the spinal cord. A-myo-trophic comes from the Greek language. A means no. Myo refers to muscle, and Trophic means nourishment – No muscle nourishment. When a muscle has no nourishment, it atrophies or wastes away."
114,"Since the inception of the Buick brand, the Buick logo has undergone quite the transformation, going from a simple text-based insignia to a single shield derived from the Buick family’s ancestral arms, and from the first iteration of the Tri-Shield to an eagle named Happy, and then back to the modern Tri-Shield we have today."
115,"There remains a real problem with foreign nationals who cannot be deported to their country of origin. Times, Sunday Times (2010)If the powers that be can identify an individual as an illegal immigrant just deport them. The Sun (2013)She had been arrested and deported after the government accused her of being a spy."
116,"The trick is to assume the value of the Earth's magnetic field and the direction of the compass. Let's assume that at this location on the Earth, the magnetic field is pointing directly North with a horizontal component of about 2 x 10-5 T. Now suppose that I do something to create a magnetic field in a known direction and perpendicular to the horizontal component of the Earth's magnetic field."
117,I personally do not do Thermage. Fraxel lasts years especially if you incorporate a good skin care program after the treatments. 7 years ago by Forever Young MedSpa. After you have completed a series of Fraxel treatments it is always recommended to do a follow up every 4-6 months to maintain your results.
118,"The 2017 Volkswagen Tiguan ranks 11 out of 18 Compact SUVs. The 2017 Volkswagen Tiguan suffers from a lack of advanced driver assistance features, an outdated design, and some disappointing crash test scores. Additionally, it has one of the highest starting prices in its class."
119,"Average temperatures for March at places in Texas, including a list of monthly high and low temperatures for cities, towns, parks and lakes."
120,"Bacterial pinkeye may cause more drainage than viral pinkeye. Bacterial infections usually last 7 to 10 days without antibiotic treatment and 2 to 4 days with antibiotic treatment. The person can usually return to day care, school, or work 24 hours after an antibiotic has been started if symptoms have improved."
121,"Necie (NEE-see) is a cute nickname for Denise. -- VictoriaCalledTori 3/13/2007. Also the name of one of my best friends and I love it! It's classic and has a nice meaning. -- renee06 5/10/2007. There are a few spellings of this name, but I like one particular version - Denyse - because it looks rather unique. I mean, Denise seems quite overused to me because I know quite a few people called Denise."
122,"The lower the mortgage rate, the more home you can afford. An adjustable rate mortgage, or ARM, makes that possible by starting out lower than a fixed rate and then adjusting over time. An ARM is a particularly attractive option when you expect changes in your financial situation over the next five years."
123,"Although oregano is popular in Mediterranean cuisine, in the US, it's often associated primarily with a pizza spice. This does this medicinal herb a great disservice, since today we know that oregano contains vitamins A, C, E, and K, as well as fiber, folate, iron, magnesium, vitamin B6, calcium, and potassium."
124,"Over 30 languages constitute the Visayan language family. The Visayan language with the most speakers is Cebuano, spoken by 20 million people as a native language in Central Visayas, parts of Eastern Visayas, eastern Negros Island Region and most of Mindanao."
125,"Macronutrients include Carbon, Oxygen, Hydrogen, and Nitrogen. Micronutrients are chlorine, iron, maganese, zinc, boron, sodium, copper, molybdenum and nickel. Plants need these nutrients to survive.Macronutrients mainly include carbohydrates, proteins and fats and also water which are required in large quantities and their main function being the release of energy in body.Whereas, micronutrients mainly comprise vitamins and minerals which are required in minute quantities. Essential micronutrients include iodine, iron, vitamin A and folate.   A nutrient is a substance used in an organism's metabolism which must be taken in from the en … vironment. Non-autotrophic organisms typically acquire nutrients by the ingestion of foods."
126,"On February 7, 2015, Jim Boyle of the Pennsylvania Record reported that the bill to amend the state constitution and raise the mandatory retirement age for Pennsylvania judges from 70 to 75 years was approved by the House Judiciary Committee."
127,"For example, the 2017-2018 FAFSA encompasses the following semesters: 1  Summer Session 2017. 2  Fall Semester 2017. 3  Winter Semester 2018. 4  Spring Semester 2018."
128,"This resource, updated to reflect the MLA Handbook for Writers of Research Papers (7 th ed.) and the MLA Style Manual and Guide to Scholarly Publishing (3 rd ed.), offers examples for the general format of MLA research papers, in-text citations, endnotes/footnotes, and the Works Cited page."
129,"Gatwick by Car-Directions. London Gatwick is 28 miles (45km) south of London, directly linked to the M23 motorway at Junction 9 and to the A23 London-Brighton road.The M25 at Junction 7 is a 10 minute drive from Gatwick Airport, connecting it with the UK's extensive road and motorway network.If you plan on driving to or from London Gatwick Airport, you can search the AA Route Planner for tailored directions.atwick by Car-Directions. London Gatwick is 28 miles (45km) south of London, directly linked to the M23 motorway at Junction 9 and to the A23 London-Brighton road."
130,"Samples of Driver License Knowledge Tests. Before you come into DMV to take your knowledge test, practice taking one (or all) of these sample tests. Note: To allow you sufficient time for testing, DMV will not be administering knowledge tests after 4:30 p.m. When you are ready to take the actual test, keep these suggestions in mind:"
131,"As a result of pressure, friction, and plate material melting in the mantle, earthquakes and volcanoes are common near convergent boundaries. When two plates move towards one another, they form either a subduction zone or a continental collision. This depends on the nature of the plates involved."
132,"Example 2. Add or subtract months to a date with Excel EDATE. Microsoft Excel provides a special function that returns a date that is a specified number of months before or after the start date - the EDATE function. It is available in modern versions of Excel 2007, 2010, 2013 and upcoming Excel 2016."
133,"Almost Free. Sam's Town, Las Vegas, offers two RV parks with more than 500 spacious spots with full hookups and all amenities. Although there is a modest charge for parking, the amenities offset the cost and entice visitors to visit Nevada's second largest casino."
134,"Not later, NOW!!! If you are shooting meth, pills, or heroin then you will need a cotton ball (paper towels, a rag, or anything like that) and witch hazel U. S. P. Astringent. You will take the witch hazel and soak the cotton ball or whatever you are using and apply it to the injection cite."
135,"Courtesy of Defender. High-pressure Inflatable Floor: Like the roll-up floor, the high-pressure inflatable floor can stow easily, and setup time is super quick. The bottom of the boat has a V-shape due to an inflatable keel tube, so this style of inflatable tracks better than a flat-bottom dinghy. Due to its light weight and the hull shape, an inflatable hull dinghy can also hop on a plane with as little as a 5-horse outboard for a single rider."
136,"By definition these materials can be harmful and should never go into your community’s regular trash. The materials listed below have commonly been referred to as household hazardous waste or HHW but are now commonly referred to as home generated special materials. These materials include: Automotive products (antifreeze, fluids, motor oil, oil filters, gasoline, polish and wax)"
137,"Cells undergoing aerobic respiration produce 6 molecules of carbon  dioxide, … 6 molecules of water, and up to 30 molecules of ATP  (adenosine triphosphate), which is directly used to produce energy,  from each molecule of glucose in the presence of surplus oxygen."
138,"Now, another part that I want to highlight on the head of the femur is this depression right here that is used for the attachment of this ligament that is cut right here. This is the head of the femur ligament."
139,"Derek Cianfrance wrote the script based on the town his wife Shannon Plumb grew up in, Schenectady, NY. The film was mostly filmed there on location. The phrase Place Beyond the Pines is actually the Native American meaning to the word Schenectady.."
140,"Hello, I used to be an Alltel customer and just switched to Verizon. I am able to send text messages to people but often when they send them back, they go to my old Alltel phone.I kept the same phone number that I had with Alltel. am able to send text messages to people but often when they send them back, they go to my old Alltel phone. I kept the same phone number that I had with Alltel."
141,"Put together, the United States constitutes roughly 40 percent of the world's military expenditures. For the period 2010–14, the Stockholm International Peace Research Institute (SIPRI) found that the United States was the world's largest exporter of major arms, accounting for 31 per cent of global shares."
142,"Annual Weather Averages Near Charleston. Averages are for Charleston Air Force Base Reporting Station, which is 10 miles from Charleston. All Year Climate & Weather Averages in Charleston. January Climate & Weather Averages in Charleston."
143,"Myrrh is a common resin in the Horn of Africa. An essential oil extracted from myrrh (Commiphora myrrha). Myrrh /ˈmɜr/ from the Hebrew 'מור' (mor) and Arabic مر (mur) is the aromatic resin of a number of small, thorny tree species of the genus Commiphora, which is an essential oil termed an oleoresin.Myrrh resin is a natural gum.yrrh gum, like frankincense, is such a resin. When people harvest myrrh, they wound the trees repeatedly to bleed them of the gum. Myrrh gum is waxy, and coagulates quickly. After the harvest, the gum becomes hard and glossy."
144,"The plural of stone is also stone. Many scales provide a weight display setting in kilograms, pounds or stone.. What is a Stone in Weight Measurement. The stone (st) is a unit of measure equal to 14 pounds (lb) avoirdupois, or 6.3503 kilograms (kg).This unit of measurement is used in Australia, Great Britain, and Ireland for measuring human body weight, and people there may commonly be said to weigh, e.g., 11 stone 4 (11 stone - 4 pounds), which equals approx.he plural of stone is also stone. Many scales provide a weight display setting in kilograms, pounds or stone. Use our calculator below to convert stones to pounds and/or kilograms-and vice versa. Simply enter the value you know in the appropriate box and the other figures will be calculated for you."
145,"United States Postal Service is located at the address 1304 Ne Cedar St in Roseburg, Oregon 97470. They can be contacted via phone at (541) 672-8044 for pricing, hours and directions. For more information contact Lynne K Tonn, Manager or go to www.usps.gov."
146,"When used with the Insteon Hub, you will receive instant alerts the instant a water leak is detected. Avoid Flooding One of the sensors you hope you never have to use in your home, Leak Sensor's function is simple: it detects water leaks. Place one by your water heater, under every sink, by your clothes and dish washers and behind the toilet for total protection."
147,"An opportunistic infection is an infection caused by bacterial, viral, fungal, or protozoan pathogens that take advantage of a host with a weakened immune system or an altered microbiota (such as a disrupted gut flora).Many of these pathogens do not cause disease in a healthy host that has a normal immune system.n opportunistic infection is an infection caused by bacterial, viral, fungal, or protozoan pathogens that take advantage of a host with a weakened immune system or an altered microbiota (such as a disrupted gut flora). Many of these pathogens do not cause disease in a healthy host that has a normal immune system."
148,"Building a l-shaped corner desk is easy and it will create lots of storage space in your bedroom, but there are a few things that you should take into account. Always adjust the size and the design of the desk to your needs and buy quality materials."
149,The successful use of permanent percutaneous femoral nerve stimulation using a stimulating lead placed close to the femoral nerve with the aid of ultrasound guidance has been reported. Surgical
150,A yoke used for oxen. A yoke used for oxen. The definition of yoke is the bar that is used as a frame to pull or support something heavy. 1. An example of yoke is the wood that oxen are hooked to on an old-style plow. 2.
151,"Acute bronchitis often develops three to four days after a cold or the flu. It may start with a dry cough, then after a few days the coughing spells may bring up mucus. Most people get over an acute bout of bronchitis in two to three weeks, although the cough can sometimes hang on for four weeks or more.t may start with a dry cough, then after a few days the coughing spells may bring up mucus. Most people get over an acute bout of bronchitis in two to three weeks, although the cough can sometimes hang on for four weeks or more."
152,Withdrawal symptoms may be diminished by substituting nicotine in the ... nicotine withdrawal definition ... You can complete the definition of nicotine withdrawal given by the English Definition dictionary with other ...
153,"Transcript of Vacuoles, Vesicles, and Cytoskeleton Defined. Cytoskeleton The Cytoskelton is a network of protein filaments. that gives a eukaryotic cell its shape and support. Its main functions are: It supports the cell and maintains shape. It controls the positions and movements of organelles within the cell."
154,"Rub each trout generously with olive oil and sprinkle with sea salt; sprinkle inside of cavities with salt and black pepper. Place half the lemon and onion slices into cavity of each trout, along with minced garlic, and place a sprig of rosemary and thyme into cavities."
155,General Parking: Parking for a fee is available in the public parking structure is located at 6170 Sylmar Ave. between Delano St. and Calvert St. (one block east of Van Nuys Blvd.) The parking structure closes at 7:00 pm. The ticket booth is at the top of the ramp on the 4th level.
156,"Bremsstrahlung (or Brems) radiation. is one of the two kinds of x-rays produced at the tungsten target of the x-ray tube; The incident high-speed electron, passing through a tungsten atom, is attracted by the positively charged nucleus and therefore is deflected from its course, with a resulting loss of energy."
157,"The role of Deputy Director of HR and Corporate Services is a full time appointment. Post holders are selected on merit, against objective criteria, following public advertisement."
158,"For round rings measure the horizontal inside diameter of the ring at the. widest point. When measuring D-rings, take the perpendicular dimension. from the point where the ring exits from the metal base to the inside of. the top of the ring. HOW MANY PAGES WILL A BINDER HOLD - (BASED ON 20# BOND PAPER) ROUND RING."
159,"Tropical Rainforest The tropical rainforest is a hot, moist biome found near Earth's equator. The world's largest tropical rainforests are in South America, Africa, and Southeast Asia.Tropical rainforests receive from 60 to 160 inches of precipitation that is fairly evenly distributed throughout the year.he world's largest tropical rainforests are in South America, Africa, and Southeast Asia. Tropical rainforests receive from 60 to 160 inches of precipitation that is fairly evenly distributed throughout the year."
160,"He incorporated Biltmore and opened the house to visitors for the first time in 1930. Edith died in 1958, and in 1960 the Cecil sons split the Biltmore property. George took the dairy and a portion of the estate, while William took the house and the part of the estate known as Biltmore Forest. William became head of the Biltmore Company and a leading historic preservation advocate. Although the U.S. government has declared Biltmore a National Historic Landmark, it operates without federal grants"
161,"To provide healthy-lifestyle education, a quality program of physical education must be a core requirement in all schools and a central component in a comprehensive school health program (Allensworth & Kolbe, 1987). Our first step might be to consider ways to increase curriculum time devoted to physical education."
162,"Blue dart is a reputed brand for delivering goods and documents with safety and also a popular courier company. That’s they the Blue Dart providing top notch customer care number with toll free and general number as well.In order to provide quality service the to its customer the company provides the customer service numbers for major cities like Delhi, Mumbai, Hyderabad, Kolkata, Indore, Ranchi, Ahmadabad etc.he Blue dart is the Asia’s largest courier service provider having thousands of outlet in India. Few people know that the Blue Dart is the part of DHL Express group of company. The company was corporate in 1995 year."
163,"Process theories of motivation are based on early cognitive theories, which posit that behavior is the result of conscious decision-making processes. The major process theories of motivation are expectancy theory, equity theory, goal-setting theory, and reinforcement theory."
164,"Often going along with depression in many individuals, anxiety is also one of the more prevalent mental health problems among the elderly. Anxiety disorders encompass a range of issues, from obsessive-compulsive disorder (including hoarding syndrome) to phobias to post-traumatic stress disorder (PTSD)."
165,You need to verify the date and time when updates were last installed on your Windows Server 2008 R2 system. Security Information. You need to add the Active Directory Domain Services role to a Windows Server 2012 R2 system. Click the option you would use in Server Manager to access the Add Roles and Features Wizard.
166,The Fission Theory: This theory proposes that the Moon was once part of the Earth and somehow separated from the Earth early in the history of the solar system. The present Pacific Ocean basin is the most popular site for the part of the Earth from which the Moon came.
167,"LegalZoom Satisfaction Guarantee Details: 1  If you're not satisfied, simply call us toll-free at (800) 773-0888 during our normal business hours.  If you want to exchange the product you ordered for a different one, you must request this exchange and complete your replacement order within 60 days of purchase."
168,"I will have to see if I can see my breath when the temperature is 45. The thing I like learning about was that our breath has tiny water droplets. I also did not know that when it's 45 degree outside, you can see your breath I thought that you can only see your breath when it's really cold outside, like 32 degrees."
169,"Tornado Climatology for the Pittsburgh County Warning Area. Weather.gov > Pittsburgh, PA > Tornado Climatology for the Pittsburgh County Warning Area. All known tornadoes from 1950 to Present are plotted on the maps below. Click on a county name to see a detailed map of all known tornado tracks in that county. Please read the important disclaimer below concerning the plotting of historical tornadoes."
170,"Avocados are an excellent source, along with organic raw butter, coconut oil, and organic pastured eggs, just to name a few. There's also evidence suggesting that limiting your intake of protein can be helpful for long-term good health and the prevention of cancer."
171,"Uber-smooth northern delights. Georgian Bay, part of the great Lake Huron, the shores of which sustain Parry Sound, birthplace of Bobby Orr, is now home to a new, intrepid and, yes, accomplished distillery. It is called Georgian Bay Spirit Company, thus named by its co-founders, Denzil Wadds and Tim Keenleyside."
172,"Nature expresses Emerson's belief that each individual must develop a personal understanding of the universe. Emerson makes clear in the Introduction that men should break away from reliance on secondhand information, upon the wisdom of the past, upon inherited and institutionalized knowledge: Our age is retrospective."
173,"Looking for things to do at Ayers Rock? Located in the Red Centre of the Northern Territory, Australia, Ayers Rock or Uluru is one of the greatest natural attractions and an iconic landmark of Australia.yers Rock at sunset is magical, and even more magical whilst enjoying a BBQ dinner! If you need help planning your experience, feel free to contact our team. Ayers Rock at sunset is magical, and even more magical whilst enjoying a BBQ dinner! If you need help planning your experience, feel free to contact our team."
174,"The hyperlink container. A hyperlink container is a document or application that contains hyperlinks. The container supports hyperlinks by implementing the IHlinkSite interface and, if the container's objects can be targets of other hyperlinks, the IHlinkTarget interface."
175,"Eligibility and Applying. UCCB is not based on income. For each child under age 6 you have, you will receive a payment of $100 per month, regardless of income. The only stipulations are that you live with your child and are the primary caretaker.You must also be a Canadian citizen.f you already signed up to receive the Canada child tax benefit, you generally do not need to apply for the UCCB, because your enrollment is automatic. If not, you can submit a form RC66, child benefits application, or apply for child benefits online, on the CRA's website, using the My Account service."
176,"General Warranty Deed. In this type of deed guarantees the grantor’s “good and marketable title” to a property and his right to sell said property with no restrictions. This goes on to include the entire line of the property’s ownership, not just the time that the grantor owned it."
177,"British thermal unit. n a unit of heat in the fps system equal to the quantity of heat required to raise the temperature of 1 pound of water by 1°F. 1 British thermal unit is equivalent to 1055.06 joules or 251.997 calories, (Abbrevs) btu, BThU. thermal barrier."
178,"Tomato Disease Identification Key by Affected Plant Part: Leaf Symptoms. Generalized tomato plant adapted from Plant Pathology 4th edition by G. N. Agrios copyright 1997 as Figure 1-1 published by Academic Press, San Diego, CA, with permission from Elsevier. Guía sinóptica para hoja de tomate en espanol."
179,"This Is Why Marijuana Should Be Legal Everywhere. A Gallup poll released on Tuesday reveals that for the first time in history, Americans are more in favor of legalizing marijuana than criminalizing it. 2013 has markedly been a successful year for marijuana legalization, with Colorado and Washington both passing laws to decriminalize the drug."
180,"faculty coaches to become certified to coach in Illinois. They are called ASEP (American Sport Education. Program) and NFHS (National Federation of State High Schools). ASEP Certification: You must add to your cart from the ASEP.com website and complete one of the following. packages (both meet the IHSA By-Law Requirement) IHSA Coaching Orientation Online Package, cost $110.00."
181,"Biological basis of love. The theory of a biological basis of love has been explored by such biological sciences as evolutionary psychology, evolutionary biology, anthropology and neuroscience. Specific chemical substances such as oxytocin are studied in the context of their roles in producing human experiences and behaviors that are associated with love."
182,Membership fees in Girl Scouts of the USA (GSUSA) *Must be a currently registered Girl Scout who will be graduating high are non-refundable or transferable Lifetime Registrations: # of Lifetime Adults: (x $375 each)= # of Graduating Ambassadors*: (x $195 each)= Total Amount of Fees: $ Donations Received: $ Other: $
183,"faux pas, gaffe, solecism, slip, gaucherie(noun) a socially awkward or tactless act. slip, slip-up, miscue, parapraxis(noun) a minor inadvertent mistake usually observed in speech or writing or in small accidents or memory lapses etc. slip(noun) potter's clay that is thinned and used for coating or decorating ceramics."
184,St. Mary’s Hospital-St. Louis is home to the Maternal & Fetal Care Center and is the main center for SSM Health's high-risk pregnancy services. Learn more about our high-risk services here.
185,"Duo Bed is the best of both worlds. Combining the warmth and comfort of straw with the absorbency of wood shavings, Duo Bed horse bedding offers exceptional year-round comfort. Give your horse the bedding it deserves with Duo Bed horse bedding. Combining the warmth and comfort of straw with the absorbency and cleanliness of premium dust extracted wood shavings, Duo Bed is the professional’s choice for luxury horse bedding."
186,Step 1. Estimate Your Tile Project. Begin your project with our Flooring Estimator to calculate the approximate cost of tile installation or other flooring installation options before you schedule an in-home measure. Estimate the Cost of Your Flooring Project.
187,"1 Place the chicken in the bottom of the crockpot. 2  Cover and cook on low for 4-6 hours or high 3 hours. 3  The last 30 minutes of cooking, shred the chicken with two forks and add the broccoli, sour cream, and cheese. 4  Cook for about 30 more minutes until the broccoli is tender and heated through."
188,"Yield to maturity is a useful measure of the attractiveness of a seasoned bond that is held to maturity and redeemed at par value. For example, suppose you buy a $1000 par value ABC Company bond with a 5% coupon rate maturing in five years, and the market price for the bond is $900."
189,"How long is the drive from Alberta to Toronto, Canada? The total driving time is 37 hours, 54 minutes.ou can also calculate the cost to drive from Alberta to Toronto, Canada based on current local gas prices and an estimate of your car's best gas mileage."
190,"For example, if the absorbance reading is 1, extend the line from this absorbance point on the Y axis (a): At the point of intersection, extend a vertical line to the X axis and read the corresponding concentration (b). Samples that have an absorbance value falling out of the range of the standard curve."
191,"Dr. Phil’s Marriage Has Hit A Rough Patch. 11/08/2012 2:52 PM ET | Filed under: Love Line • Dr. Phil • For Reals Estate. It looks like there’s trouble on Dr. Phil island! The TV host has been having some marital probz with his wife, Robin McGraw and even a $30 million mansion can’t fix it!"
192,"The film does so through the focus of another genre, the personal documentary. Its main character—its virtual auteur—is Bill Genovese, one of Kitty’s three younger brothers, who was sixteen at the time of her murder; he was her favorite brother, and the two were very close."
193,"‘Tourniquets, ligatures, and compression bandages should not be used.’ ‘She soaked her body again, at the same time soaking the bandage over her wound.’ ‘With treatment, Cara is able to play outside and with friends without being wrapped in bandages to protect her.’"
194,"How many grams of fiber is high fiber? A specific food is considered to be high in fiber if it contains 5 or more grams of fiber. The FDA recommends a daily intake of 20-30 grams of fiber (See FDA Webpage), so a hi…gh fiber diet would constitute anything in the upper portion of that range."
195,"Marsala Notes: This popular Sicilian fortified wine is Italy's answer to sherry and Madeira. It's mostly used as a cooking wine and is a key ingredient in many Italian dishes, including zabaglione, tiramisu, and veal scaloppini.Marsalas are graded according to their sweetness and age.ortified wine Notes: These are wines that have been fortified with brandy and sometimes flavored with herbs, roots, peels, and spices. The most popular examples are sherry, Madeira, Marsala, port, and vermouth."
196,"The idea behind this is quite simple. You give up part of your salary and, in return, your employer gives you a non-cash benefit, such as childcare vouchers, or increased pension contributions. Once you accept a salary sacrifice, your overall pay is lower, so you pay less tax and National Insurance.alary sacrifice is when you agree to give up part of your salary so you can get extra benefits from your employer. Find out more about how it works. How salary sacrifice works. Things to consider before taking salary sacrifice."
197,"Obesity, also called corpulence or fatness, obesityRay Pietro—Photonica/Getty Imagesexcessive accumulation of body fat, usually caused by the consumption of more calories than the body can use. The excess calories are then stored as fat, or adipose tissue."
198,"Discernment of Private Revelation. Julia Kim and her supporters claim that 'The Precious Blood' of Jesus has descended from Heaven to land on Julia Kim's bed and mattress, forming large lumps of partially-coagulated blood which move as if breathing.They claim that this blood appears miraculously, and is literally the blood of Jesus.They had the blood tested for blood type, and it was said to be type AB (the same blood type as the Shroud of Turin). They have placed this blood on an altar, next to the Eucharist.gain, I say a curse. No one can follow and believe in the messages and signs of false prophets, such as Julia Kim, and still also remain a faithful Catholic. All such persons are on the path to heresy and schism from the Church. Anathema sint."
199,"Elderberry Syrup Recipe Method. 1  Add all ingredients except for the honey into a medium saucepan. 2  Bring to a boil, and then lower heat to medium. 3  Continue simmering for 30-45 minutes until the liquid is reduced to half. 4  Before the liquid cools, strain it through a fine mesh strainer."
200,"Stern, Goth. stairno), from PIE *ster- (cf. Skt. star-, Hittite shittar, Gk. aster, astron, L. stella, Bret. sterenn, Welsh seren star). Astrological sense of influence of planets and zodiac on human affairs is recorded from mid-13c.; star-crossed is from Romeo and Juliet (1592)."
201,"The terms formative and summative do not have to be difficult, yet the definitions have become confusing in the past few years. This is especially true for formative assessment. In a balanced assessment system, both summative and formative assessments are an integral part of information gathering. Depend too much on one or the other and the reality of student achievement in your classroom becomes unclear."
202,"Striped skunks reach sexual maturity at a year old, and it is at this age that they are finally ready to leave their mother. Skunks generally live to be two or three years old in the wild, but they may live up to ten years in captivity.triped skunks are usually solitary animals, meaning that they live alone. Skunks only interact with each other during winter, when they are mating, or when a mother is taking care of her new babies. Adult skunks are generally quiet animals, but young skunks tend to be more playful and make more noises."
203,"The University of North Texas Health Science Center at Fort Worth is accredited by the Commission on Colleges of the Southern Association of Colleges and Schools (1866 Southern Lane, Decatur, GA 30033-4097; telephone number 404-679-4501) to award master’s and doctoral degrees."
204,"The lacrimal apparatus consists of the lacrimal glands, which secrete the tears, and the lacrimal sac and ducts, which convey the tears into the nasal cavity. Secretory function of the lacrimal glands declines with age, and many elderly individuals develop “dry eye” syndrome."
205,"News-October 22, 2015; 8:14 AM ET. In the classic 1980s film, Back to the Future 2, Marty McFly and Dr. Emmet Brown used a car fitted with a time machine to travel 30 years in the future, arriving on Oct. 21, 2015."
206,"The discount rates for the three lending programs are the same across all Reserve Banks except on days around a change in the rate. Further information on the discount window, including interest rates, is available from the Federal Reserve System's discount window web site. See also the articles in the Federal Reserve Bulletin for July 2002 (51 KB PDF) and November 1994 (75 KB PDF)."
207,"McGuffin; Etymology . Used by Alfred Hitchcock, as an arbitrary Scottish surname. The actual name comes from Ulster and means son of the black fairheaded . See also Wikipedia's MacGuffin: History and use. Pronunciation (Received Pronunciation, US) IPA : /məˈɡʌf.ɪn/"
208,"Also, it is concluded that the maximum true stress values are almost 15% higher than that of the maximum engineering stress values while the maximum true strain failure values are 1.5% smaller than the maximum engineering strain failure values."
209,"With the middle ear pressure of 30 being more than the ouside pressure of 10,, the eardrum bulges outward until the pressure inside and outside matches at 10. The bulging eardrum causes the ear to feel clogged. With ear popping, the eardrum moves back into neutral position and the ear feels back to normal."
210,"HPV is a common sexually transmitted infection that affects up to 75% of men and women who are sexually active. Often those who contract HPV will not know because it did not present symptoms and resolved on its own. There are many strains of HPV, and some of them will result in the development of genital warts. These warts are very contagious and are easily spread from person to person via sexual activity. These warts will show up externally around the vagina, anus, in the rectum, or on the cervix."
211,"Hill-Sachs Lesion. This lesion is caused exclusively by anterior (toward the front) shoulder dislocations, which can result from sports activities, falls, reaching, or pulling on the arm.A Hill-Sachs lesion is a fracture in the head of the humerus bone, resulting from direct compression of the humeral head during a shoulder dislocation.ill-Sachs Lesion. This lesion is caused exclusively by anterior (toward the front) shoulder dislocations, which can result from sports activities, falls, reaching, or pulling on the arm."
212,"Fife ([ˈfəif] ; Scottish Gaelic: Fiobha) fìobha is a council area and historic county Of. Scotland it is situated between The firth Of tay and The firth Of, forth with inland boundaries To perth And kinross And. clackmannanshirelmost all road traffic into and out of Fife has to pass over one of three bridges, south on the Forth Road Bridge, west on the Kincardine Bridge or north-east via the Tay Road Bridge, the exception being traffic headed north on the M90."
213,"DEFINITION of 'Underwriting Expenses'. Costs and expenditures associated with underwriting activity. Underwriting expenses include a wide range of expenditures, and the exact definition differs for insurers and investment banks. As a major expense category, the lower these expenditures are as a proportion of underwriting activity, the higher the profitability of the insurer or investment bank. Next Up."
214,"The total mortality of the 1918–1919 pandemic is not known, but it is estimated that up to 1% of the world's population was killed. As many as 25 million may have been killed in the first 25 weeks; in contrast, HIV/AIDS has killed 25 million in its first 25 years."
215,"Bandwidth knowledge of results and motor learning: More than just a relative frequency effect. Abstract. Motor learning is facilitated when knowledge of results (KR) is presented in accordance with a goal-centred bandwidth (i.e. when the error exceeds a tolerance limit about a movement goal). However, under different conditions of the bandwidth procedure the frequency with which KR is provided is also affected—the wider the goal-centred tolerance limits, the lower the frequency of KR."
216,"Average Teacher Salary in Arkansas. The national average for teacher salaries was $49,720 in 2009 and $48,353 in 2008. The average teacher salary in Arkansas was $43,520 in 2008 and $43,580 in 2009. During both years, the average teacher salary in Arkansas was well below the national average.The average teaching salaries in Arkansas have seen very little increase in the past few years. From 2007 to 2008, the increase in Arkansas teacher salaries was 5.49 percent.Then, from 2008 to 2009 the increase was a mere .14 percent.uring both years, the average teacher salary in Arkansas was well below the national average. The average teaching salaries in Arkansas have seen very little increase in the past few years. From 2007 to 2008, the increase in Arkansas teacher salaries was 5.49 percent."
217,"QuranicNames.com is the most authentic, most detailed and most original Islamic baby name site on the internet—all in good English. « NayelNayemNayir Nayla NaylaaNaylaaNayyirah ». View all baby names starting with N 381 names | All baby names 6289 names."
218,"Check the Beijing, China weather in May before you book your next holiday. This gives the best indication of the weather in May and includes figures for temperature, sunshine and rainfall. 1  27°C max day temperature.ravel deals & exclusive discounts on holidays, flights, hotels & more... We promise not to share your details. We help you find the best travel deals for your holiday in the sun by sharing tips on when and where to go, before providing you with top discounts."
219,"The BSA, a quasi-judicial entity, may grant variances from use and bulk provisions to ensure that an eminent domain taking does not occur in violation of the Constitution's fifth amendment. FinCEN's role is to oversee the administration of BSA by numerous agencies including IRS. I asked her if she was aware of the discriminatory policies of the BSA and let her know I was objecting to our school being used as a recruitment site."
220,"Word origin: chemo- + troph = nourishment. Related forms: chemotrophic (adjective). Please contribute to this project, if you have more information about this term feel free to edit this page. This page was last modified on 22 April 2009, at 12:57.This page has been accessed 26,596 times. What links here | Related changes | Permanent link."
221,"It is intended to offer basic guidance in the preparation of MNDs and to encourage. their use where appropriate. Mitigated Negative Declarations is neither a replacement of nor an. amendment to the CEQA Guidelines (Title 14, Ch. 3, § 15000 et seq)."
222,"In biology, a phylum (/ˈfaɪləm/ ; plural: phyla) is a taxonomic rank below kingdom and above class. Traditionally, in botany the term division was used instead of phylum, although from 1993 the International Code of Nomenclature for algae, fungi, and plants accepted the designation phylum.The kingdom Animalia contains approximately 35 phyla, Plantae contains 12, and Fungi contains 7.raditionally, in botany the term division was used instead of phylum, although from 1993 the International Code of Nomenclature for algae, fungi, and plants accepted the designation phylum."
223,"Your pay as you go plan is subject to the Standard Terms and Conditions for Pay As You Go Customers-see www.orange.co.uk/terms. 12. Broadband Service is subject to the standard Terms and Conditions for Orange Home Services, see www.orange.co.uk/terms.COMPANY CONFIDENTIAL.ne offer per pay as you go plan. 2. New and existing PAYG customers must connect or upgrade to an 18 month broadband contract. Existing Orange broadband customers who connect to a PAYG Animal plan may benefit from the promotion but will be required to sign a new 18 month broadband contract."
224,"The SPM Synchronous Motor Protection and Control relay controls starting, synchronizing, and protection of. collector-ring and brushless type synchronous motors. The SPM control functions for starting synchronous motors include accurate sensing of motor speed and rotor."
225,"A copy of every fee agreement between a VA claimant and an accredited attorney must be filed with the Office of the General Counsel within 30 days of its execution. This is because the DVA is authorized to review the expenses and fees that are charged in connection with claims for disability benefits.hile at a minimum you must hire an attorney who is accredited, you also want to find an attorney who is well experienced in handling veterans’ disability appeals. You will want to do your own investigation into the attorneys’ background."
226,"deportes definition. in spanish, the word means sports. or so we americans think. (we are wrong.) it is in fact, the name of a mexican sport. in this game, you are trying to jump the border from mexico to america. you can do this various ways; slingshot, actually jumping, etc. if you win, congratulations! you’re an illegal immigrant. however, if you loose, you are deported back to mexico (hence the name deportes.)"
227,"Peridotite is the dominant rock of the Earth's mantle above a depth of about 400 km; below that depth, olivine is converted to the higher-pressure mineral wadsleyite. Oceanic plates consist of up to about 100 km of peridotite covered by a thin crust; the crust, commonly about 6 km thick, consists of basalt, gabbro, and minor sediments. The peridotite below the ocean crust, abyssal peridotite, is found on the walls of rifts in the deep sea floor."
228,"1 At this location, the cost is going to depend on the time of year, day and the amount of people. 2  On average, be prepared to spend anywhere from $130 to $230 per person for a wedding at Park Savoy Estate. 3  Depending on the time of the year, be prepared to have a minimum that can range from 150 to 200 people."
229,"TYKERB is the trade name for lapatinib. In some cases, health care professionals may use the trade name TYKERB when referring to the generic drug name lapatinib. Drug type: Lapatinib is a targeted therapy. Lapatinib is classified as a signal transduction inhibitor - tyrosine kinase inhibitor, inhibitor of EGFR and HER2."
230,"Menstruation is a good time to remember to focus on foods rich in iron, which the Dietary Guidelines for Americans, 2010 names as a nutrient of real concern among women in their childbearing years. Just don’t view your period as an excuse to load up on double cheeseburgers."
231,"Bullfrog Rana catesbeiana We have impressive Bullfrogs for sale at unbeatable prices. These tremendous frogs are incredible predators, willing to eat anything they can swallow, including insects, rodents, birds, and even baby turtles."
232,"When the flooring on your boat's deck needs to be replaced, you may decide to replace it with vinyl boat flooring. Vinyl will look good for some time, it resists damage at least as well as any other flooring, except steel, and, in a boat, laying vinyl only requires one more step than laying vinyl in a house.emove the plywood sheet and use heavy-duty scissors to cut the vinyl along the pencil lines. Repeat this process for each piece of plywood. Lift the plywood sheets into the boat and lay them in place. Use a screwdriver to fasten them at the corners with screws."
233,"Note: Values clarification was a popular exercise in the 1960’s and 1970’s. However, the use of such exercises became contentious in the later part of the century. Today, the scholars in values clarification emphasize the need to share with students that not all values are relative – within"
234,"You must be 18 years-old to go to a shooting range. However, you can be 16, if you have someone 21 or older with you. As far as buying a gun, you can actually be 18. Unfortunately, you must be 21 to purchase a handgun, but any other type of gun you are in the clear."
235,"3,000 B.C. - Longshan culture - The Longshan (or Lung-shan) culture [龙山文化 L ngshān w nhu ], also sometimes referred to as the Black Pottery Culture, was a late Neolithic culture in the middle and lower Yellow River valley areas of northern China, dated from about 3000 to 2000 BC.,600 B.C. - Giza Pyramids - There is no doubt that the Pyramids of Giza, the best known of all the Egyptian monuments, have a strong connection to the epoch 2,600 to 2,300 BC, the same dates as Stonehenge."
236,"Why Lifting Heavy is the Key to Weight Loss. You know that losing fat involves increasing your metabolism. What you may not know is that muscle plays a huge role in raising metabolism. A pound of muscle burns about 10-20 calories a day while a pound of fat burns 5 calories. That means any growth in your muscle tissue is going to help you burn more calories all day long. Increases resting metabolic rate so you burn more calories, even while at rest."
237,"TURN ON TRANSLATION. This is a list of countries and the time difference between them and Rhodes or Greece. Rhodes island has the same time with the rest of Greece, and Greece has the same time everywhere. COUNTRY."
238,"Best Answer: The mitochondria's MAJOR functions is to produce ATP (energy). The rest of the functions are as follows: signaling, cell differentiating, cell deaths ..."
239,These tests are done: 1  To see if your kidneys are working normally. 2  To find out if your kidney disease is changing. 3  To see how well the kidneys work in people who take medicines that can cause kidney damage. 4  To check for severe dehydration.
240,"The Harvard Economics Department typically receives over 700 applications and admits between 30-33 students each year. Although the number of well-qualified candidates greatly exceeds the number of offers, we invite all who would like to study Economics at Harvard to apply for admission."
241,"For relief of symptoms, swallow 1 tablet with a glass of water. For prevention of symptoms, swallow 1 tablet with a glass of water right before or any time up to 30 minutes before eating food or drinking beverages that cause heartburn. Tagamet HB 200® can be used up to twice daily (up to 2 tablets in 24 hours)."
242,"What does it mean for when trophies, stack? You're browsing the GameFAQs Message Boards as a guest. Sign Up for free (or Log In if you already have an account) to be able to post messages, change how messages are displayed, and view media in posts."
243,"Theft is a crime with related articles in the Wetboek van Strafrecht. 1  Article 310 prohibits theft (Dutch: diefstal), which is defined as taking away any object that (partly) belongs to someone else, with the intention to appropriate it illegally. Maximum imprisonment is 4 years or a fine of the fifth category."
244,3 elements oxygen in the nitrate Nitrate in the ammonium and nitrate Hydrogen in the ammonium
245,"1 Calories, Fat, Protein, Fiber, & Carbs In Melba Snacks With Sea Salt. 2  Calories, Fat, Protein, Fiber, & Carbs In Bread Melba Garlic. 3  Calories, Fat, Protein, Fiber, & Carbs In Melba Snacks.  Calories, Fat, Protein, Fiber, & Carbs In Melba Rounds."
246,"Crystals for healing should be used as a compliment to other therapies and not as a replacement for regular medical care. With that said, for your condition, I would like to suggest a combination of crystals that can help to ease pain and address the fibroids and cysts. To send healing energy to the fibroids and cysts and to relieve pain, I would recommend a combination of Amethyst, Danburite and Smoky Quartz. Amethyst is a powerful healing crystal and helps to relieve pain. Danburite fills the area in question with a supportive, universal healing energy (pink ray) of love and life."
247,rodents can be difficult to keep out of structures mice can squeeze through spaces as small as a dime and rats can fit through holes the size of a quarterfor proper rodent pest control seal any cracks and voidsodents can be difficult to keep out of structures mice can squeeze through spaces as small as a dime and rats can fit through holes the size of a quarter
248,Your rotator cuff is a group of four muscles and tendons that stabilize your shoulder joint and let you lift and rotate your arms. There are two kinds of rotator cuff tears. A partial tear is when the tendon that protects the top of your shoulder is frayed or damaged.
249,"Santa's elves were likely a bit warm this week during final Christmas preparations. Temperatures at the North Pole soared to the melting point of 32 degrees Thursday, according to data from a nearby weather buoy. That might not sound balmy, but it's some 40 to 50 degrees above average at what's typically an unimaginably cold, pitch-black point in mid-winter. 1  In fact, the average winter temperature at the North Pole is about 40 degrees below zero, the Woods Hole Oceanographic Institution said."
250,"Midrin, is a unique medication that can be used as a Migraine abortive or for tension-type headaches. It's a compound medication consisting of three ingredients-isometheptene mucate, dichloralphenazone, and acetaminophen.The isometheptene mucate helps reverse the vasodilation that sometimes occurs during a Migraine.Dichloralphenazone is a sedative, and acetaminophen is a simple analgesic.Midrin has been a problem to get for some time now. There was a shortage of one of the ingredients in 2007. That was followed by some kind of manufacturing issues the manufacturer (Caraco) had a bit later.ichloralphenazone is a sedative, and acetaminophen is a simple analgesic. Midrin has been a problem to get for some time now. There was a shortage of one of the ingredients in 2007. That was followed by some kind of manufacturing issues the manufacturer (Caraco) had a bit later."
251,"Metastasis, or metastatic disease, is the spread of a cancer or other disease from one organ or part to another not directly connected with it. The new occurrences of disease thus generated are referred to as metastases /mə ˈtaes ˈtæs tə/ (siːz sometimes abbreviated). metslthough advanced cancer may cause pain, it is often not the first symptom. Some patients, however, do not show any symptoms. When the organ gets a metastatic disease it begins to shrink until its lymph nodes burst, or undergo lysis."
252,Full Definition of DIPHTHERIA. : an acute febrile contagious disease typically marked by the formation of a false membrane especially in the throat and caused by a gram-positive bacterium (Corynebacterium diphtheriae) that produces a toxin causing inflammation of the heart and nervous system.
253,"If the users think that how they can contact Gmail technical support for the issues or errors, which can occur anytime. Then it's simple for the users to connect with the skilled and proficient technicians by dialing Gmail Technical Support Phone Number, which is available 24x7 days for help and support."
254,"Alligator Point, Wakulla County, Florida Land for Sale. Looking for rural homes and land for sale in Alligator Point, Wakulla County, Florida? LandWatch.com has thousands of rural properties in Alligator Point, Wakulla County, Florida, including hunting & fishing properties, cabins, Land for sale and land auctions. Choose from small acreage lots to massive 500+ acre estates."
255,"Originally called Stash, the name OPM, according to the band's frontman John E. Necro, is an abbreviation of the phrase Open People's Minds (originally Other People's Money). This was stated during an interview with MarijuanaRadio.com. The name also sounds like the drug opium."
256,"When Australian scientist Ruben Meerman lost 30 pounds last year, one question kept bugging him: Where did the fat go? The answer might seem obvious: It was burned up, as we say — which implies that it was transformed into heat or energy."
257,"Freebase (4.00 / 1 vote) Rate this definition: Homonym. In linguistics, a homonym is, in the strict sense, one of a group of words that share the same spelling and the same pronunciation but have different meanings. Thus homonyms are simultaneously homographs and homophones. The state of being a homonym is called homonymy."
258,"When you pull forward with your calves, the motion works all your thigh muscles. A similar machine exercises your hamstring muscles, on the back of your thighs. Lie stomach down on the bench and hook your heels under a bar. When you bend your legs and pull the bar upwards, you exercise the back of your legs."
259,"A. Vitamin B12 can be received in your diet through eating meats, eggs, milk and fish. The daily recommended daily requirement is set at 2.6 mcg. People that have a B12 deficiency may feel week, shaky, and experience mood disturbances. It is best to discuss your plan to take B12 as supplement with your doctor."
260,There are different methods used to develop an amortization schedule. 1  These include: 2  Straight line (linear) 3  Declining balance. 4  Annuity. 5  Bullet (all at once) 6  Balloon (amortization payments and large end payment) 7  Increasing balance (negative amortization)
261,"Medically termed sinusitis, a sinus infection occurs when the cavities around your nose become swollen and inflamed. Sinusitis is most often caused by a virus and often lasts long after the other upper respiratory symptoms are gone. Rarely, fungus or bacteria may cause a sinus infection. Allergies, nasal polyps, a tooth infection, and a deviated septum are other ways in which sinusitis may be triggered."
262,"Final grades due - 14-week courses. ** Withdrawal date is 66.66% into classes for non 14 and 15 week courses. For more information, contact Humber at: enquiry@humber.ca. Previously the academic calendar reflected a mid-week start of Wednesday, January 7, 2015 to the Winter 2015 semester."
263,"ABO incompatibility is a relatively common type of hemolytic disease of newborns, and may occur during blood transfusion reactions of older people. For purposes of this article, we will discuss ABO Incompatibility of the newborn.hile ABO Incompatibility is not generally as dangerous as other types of hemolytic diseases of the newborn, there are complications that can be caused by this disorder. Complications of ABO Incompatibility may include:"
264,"The Autonomic Nervous System (ANS) is the involuntary division of the nervous system. It consists of autonomic neurons that conduct impulses from the central nervous system (brain and/or spinal cord) to glands, smooth muscle and cardiac muscle."
265,Part One: Create Your List of Addresses in Microsoft Excel. 1  Be sure to use column headings in the Excel document as those column headings are what you will need as the merge fields for the actual labels within Word.  Add all of your names and addresses to the sheet.
266,"New York City events calendar - April 2017. Best film festivals, fun things to do, weekend shows, discount tickets, theater, Easter parade, egg hunts, events in NYC, New York. Best events for 12 months events12.com."
267,"Blood alcohol content (BAC) or blood alcohol level is the concentration of alcohol in the bloodstream. It is usually measured as mass per volume. For example, a BAC of 0.04% means 0.4% (permille) or 0.04 grams of alcohol per 100 grams of individual's blood.Use the HealthStatus BAC Calculator for informational purposes only, and not to drink and drive or drink and work.Every state in the U.S. has a legal Blood Alchohol (BAC) limit of 0.08% per se.t is usually measured as mass per volume. For example, a BAC of 0.04% means 0.4% (permille) or 0.04 grams of alcohol per 100 grams of individual's blood."
268,Duckies is old English slang for boobs. There are love letters from Henry the 8th to Anne Boleyn saying that he cannot wait to rest his head upon her fine fine duckies.
269,"Conjugated bilirubin. A water-soluble form of bilirubin formed in the liver by the chemical addition of sugar molecules to unconjugated bilirubin; when present in the blood, conjugated bilirubin can become chemically bound to albumin, forming delta-bilirubin (also known as biliprotein).onjugated bilirubin. A water-soluble form of bilirubin formed in the liver by the chemical addition of sugar molecules to unconjugated bilirubin; when present in the blood, conjugated bilirubin can become chemically bound to albumin, forming delta-bilirubin (also known as biliprotein)."
270,"For the best answers, search on this site https://shorturl.im/3E0d8. Your rising sign or Ascendant is a very important part of your horoscope. Your Ascendant is the sign that was rising over the eastern horizon at the time of your birth. That is why it is called the rising sign."
271,"Bangad Name Meaning Historically, surnames evolved as a way to sort people into groups - by occupation, place of origin, clan affiliation, patronage, parentage, adoption, and even physical characteristics (like red hair)."
272,Definition of crux. cruxes. cruces. 1 : a puzzling or difficult problem : an unsolved question The origin of the word is a scholarly crux. 3 : a main or central feature (as of an argument) … he discarded all but the essential cruxes of his argument.
273,"Kia Fourth of July Sale 2016. VanDevere Kia in Akron, Ohio. VanDevere Kia is celebrating America's Independence Day with great savings on new and used Kia models during our 2016 Kia Fourth of July Sale."
274,"As the plates move across the Earth's surface, they interact with one another at plate boundaries, which are places where earthquakes and volcanoes are common. Typically, plate boundaries are also places of great mineral wealth."
275,Learn what your goal AHI should be to maximize the benefits of using CPAP for optimal therapy and how the pressures are determined and should be adjusted.
276,"There are a few caveats when you go with free blog sites: 1  You have a shared domain (this website on WordPress.com would be www.blogbasics.wordpress.com, for example). 2  You don’t technically own the blog or its content. 3  You won’t be able to make a lot of money on a free blog."
277,"Glial cells, sometimes called neuroglia or simply glia (Greek γλοία glue; pronounced in English as either /ˈɡliːə/ or /ˈɡlaɪə/), are non-neuronal cells that maintain homeostasis, form myelin, and provide support and protection for neurons in the central nervous system and peripheral nervous system.n general, neuroglial cells are smaller than neurons; there are about 86 billion neurons and 85 billion nonneuronal (glial) cells in the human male brain. Glial cells comprise about half the total volume of the brain and spinal cord."
278,"IMPORTANT: Malware files can masquerade as legitimate files by using the same file names. To avoid deleting a harmless file, ensure that the Value column for the registry value displays exactly one of the paths listed in Location of Remove Spytech SpyAgent.lnk and Associated Malware."
279,"Yes, whales are mammals, however due to the fact that they live in the ocean these large animals are referred to as marine mammals. In fact the blue whale is the largest living mammal (and animal species) on this earth. In terms of size the blue whale can grow to lengths of over 90 ft. long and weigh more than 150 tons."
280,Definition of transform. transitive verb. 1a : to change in composition or structureb : to change the outward form or appearance ofc : to change in character or condition : convert. 2 : to subject to mathematical transformation. 3 : to cause (a cell) to undergo genetic transformation. intransitive verb.
281,“The kitten’s eyes remain closed until approximately 7 to 10 days after birth although the age at which they open ranges between 2 and 10 days. It takes an average of 2 to 3 days for both eyes to open completely.”.
282,FOUR ABDOMINAL QUADRANTS RIGHT UPPER QUADRANT • Liver • Gallbladder • Duodenum • Head of the pancreas • Right Adrenal gland • Upper lobe of right kidney • Hepatic flexure of colon • Section of ascending colon • Section of transverse colon RIGHT LOWER QUADRANT • Lower lobe of right kidney • Section of ascending colon • Right fallopian tube (female) • ...
283,"That same year, she married Gavin Newsom, a city supervisor from a prominent family; he was elected mayor in 2003. Kimberly is extremely visible in San Francisco society, as a member of many charitable organizations, and maintains close ties with the Getty family. In 2004, she moved to New York to become a legal consultant for MSNBC, CNN and CourtTV. In January 2006, Kimberly joined Fox News Channel where she is host of The Lineup (2005). She is also a legal analyst for the Fox News Channel."
284,"The full team of Jumeirah colleagues are here to make your stay in Dubai even more rewarding. Contact Jumeirah Emirates Towers PO Box 72127, Dubai, UAE For hotel enquiries please contact us directly:Tel: +971 4 330 0000Fax: +971 4 330 3030Email: JETinfo@jumeirah.com.he spectacular views from the hotel itself are complemented by the stellar accommodation and business services you’ll find within. Jumeirah Emirates Towers in Dubai redefines the business hotel experience; seamlessly combining high technology, efficiency and unparalleled luxury."
285,"Full Answer. In some countries, including the United States, prostitution is legal in limited situations, such as in specific areas or regions. Other nations with limited prostitution include Bangladesh, Bulgaria, Iceland, India, Norway, Spain and Sweden."
286,"Compressing http://cisap.asia/images/map.png could save 1.8KiB (45% reduction). Minify HTML Compacting HTML code, including any inline JavaScript and CSS contained in it, can save many bytes of data and speed up download and parse times."
287,"What are Outriggers Used For? Mainly used in deep sea trolling, outriggers are a pair of long poles fitted on both sides of a boat that holds fishing lines away from the boat.It is usually made of fiberglass and aluminum, and is tilted at an angle between 70 to 80 degrees.enerally, outriggers improve the chances of a fish striking because not only does it allow the angler to cover more ocean space, it also permits the use of multiple lines."
288,"The Best Wireless Routers of 2017. A good router is essential to making the most of your PC, phone, and other connected devices. Here are our top-rated models, along with advice about shopping for one."
289,"The average pay for a Merchandiser is $11.74 per hour. Pay for this job does not change much by experience, with the most experienced earning only a bit more than the least. People in this job generally don't have more than 20 years' experience."
290,"A specific antidote for oxcarbazepine does not exist. What are the possible side effects of Trileptal®? Potential side effects of oxcarbazepine include: headache, dizziness, sedation, unsteady or abnormal gait, fatigue, tremor, double vision, abnormal vision, nausea, vomiting, stomach pain, and indigestion."
291,"Hyatt Centric debuts in Tokyo. Hyatt Hotels Corporation has announced the expansion of the Hyatt Centric brand with the development of the first Hyatt Centric hotel in Tokyo, Japan."
292,"There are many different grades of steel that encompass varied properties. These properties can be physical, chemical and environmental. All steel is composed of iron and carbon. It is the amount of carbon, and the additional alloys that determine the properties of each grade."
293,"Internally, stratified squamous epithelium has no need to be keratinized because it is not in contact with the outside world. So in areas such as the esophagus and the lining of the mouth, we find non-keratinized tissue."
294,"ICD-10: Re-Evaluate the Way You Report Abnormal Pap Smear Results. - Published on Wed, Mar 09, 2011. Good news: ASC-US, ASC-H, LGSIL, and HGSIL will have one-to-one matches. When a patient's cervical Pap smear returns abnormal results, you should report 795.0x (Abnormal Papanicolaou smear of cervix and cervical HPV)."
295,"Poppy Symbolism. The flower symbolism associated with poppies is beauty, magic, consolation, fertility and eternal life. The Egyptians included poppies at funerals and in burial tombs. The Greeks used poppies in the shrines of Demeter, goddess of fertility, and Diana, goddess of the hunt. Poppies denote sleep, rest and repose."
296,Radio Frequency Wireless Technology in Medical Devices - Guidance for Industry and Food and Drug Administration Staff. This guidance represents the Food and Drug Administration's (FDA's) current thinking on this topic.
297,"importer of record. Customs term for the entity responsible for (1) ensuring the imported goods comply with local laws and regulations, (2) filing a completed duty entry and associated documents and (3) paying the assessed import duties and other taxes on those goods."
298,"DHL Express (UK) welcomes your comments and enquiries on any aspect of our service. Please select the nature of your enquiry from the list below and complete the form. If you would like to speak to a Customer Service advisor, please call Customer Service."
299,"Mastoiditis may occur as a complication of acute or chronic otitis media. Acute otitis media (AOM), an acute illness marked by the presence of middle ear fluid and inflammation of the mucosa that lines the middle ear space, is discussed separately. (See Acute otitis media in adults (suppurative and serous).)"
300,"Making Golden Milk. Add 1 tsp of the turmeric paste to 1 cup. hot milk (cow, goat, soy, rice, almond, or any combination), maple syrup or honey to taste and 1/2 tsp. of almond or sesame oil.Gently heat and stir and then Enjoy!And yes….the Disclaimer.dd 1 tsp of the turmeric paste to 1 cup. hot milk (cow, goat, soy, rice, almond, or any combination), maple syrup or honey to taste and 1/2 tsp. of almond or sesame oil."
301,"You can enter the exact address, but please note that it is possible that some information are not available. Change the route for US. After generating the route Houston,TX-San-Angelo,TX could be changed by simply dragging the line with the mouse. The change can be applied to any intermediate points of that route as well as the points of departure and arrival."
302,"Glencoe weather forecast from AccuWeather.com. Extended forecast in Glencoe, AL 35905 for up to 25 days includes high temperature, RealFeel and chance of precipitation Glencoe weather forecast from AccuWeather.com. Extended forecast in Glencoe, AL 35905 for up to 25 days includes high temperature, RealFeel and chance of precipitation my recent locations °f Glencoe, AL 49°"
303,The World's most comprehensive professionally edited abbreviations and acronyms database. All trademarks/service marks referenced on this site are properties of their respective owners.
304,Printable Piedmont Lake fishing map located near Southeast Ohio showing boat ramp locations along with fishing opportunities.
305,"Future Full-Time Tuition and Fees. Tuition for out-of-state students attending Georgia Southern University increased at an average annual rate of 2.5% over the past 5 years. Over that same period, fees grew by 11.8%. Based on this, we estimate the cost of tuition and fees for 2015 - 2016 will total $17,093."
306,"Blend hot and cold ingredients. Serve More With A Single Blend. Maximize your kitchen’s possibilities with. the largest capacity, countertop blender. Blend up to 24 (240 mL) servings at once! The XL is engineered to reduce prep-time, improve staff efficiency, and expand your. menu capabilities. Smart Product Design. • Powerful ≈4,2 peak output HP motor."
307,"Diabetes (Definition) Presistent increased frequency of emptying bladder, urinating, as a symptom of a disease state. 2 types: Mellitus (high blood glucose) & Insipidus (inadequate anti-diuretic hormone)."
308, The application fee for a new Improvement Permit is as follows:  $160.00 for a septic tank system with a daily design flow equal to or less than 600 gallons per day.  $300.00 for a septic tank system with a daily design flow from 601 gallons per day to 1500 gallons per day.MPROVEMENT PERMIT – An Improvement Permit advises whether or not the site selected can be approved for a subsurface wastewater treatment and disposal system. This type of permit is not an authorization to apply for a building permit or to install the septic tank system.
309,"It is the fifth month in a row the RBA has left the cash rate on hold. In a widely expected decision, the Reserve Bank has kept the official interest rate on hold at the record low level of 2 per cent, but the accompanying statement shed very little light on the Bank's future intentions.t's currently trading at 71.15 US cents. It is the sixth month in a row the Reserve Bank has had the cash rate at 2 per cent, with most economists expecting no change until the first half of next year at the earliest."
310,"BAD Ideas For Kidney Stone Treatment! 1. Dairy and meat are the primary cause of uric acid form in the kidneys which helps stones get started, thrive and grow in size. 2. There is a substance called “oxalate” which is present in many foods and helps stone to form, rather than dissolve them."
311,"Let’s look at the “other” ingredients listed on the Shakeology bag, and what they mean, and if they are bad for you. 1  Natural Sweetener Blend (Non-GMO Fructose, Stevia): this is how the 6 grams of sugar in each serving come to being."
312,"The primary targets of the stiff-legged dumbbell deadlift are your hamstrings. The hamstrings comprise a group of muscles that run along the back of your thigh. The muscles that make up the hamstrings are the biceps femoris, semitendinosus and semimembranosus."
313,"METFORMIN & CARBS? I have been diagnosed with pre-diabetes and have been put on Metformin ER, 500mg once a day to begin with. In reading different messages and concerns, I have seen several comments on other sites that one has to be careful and watch carbs when taking this medication. Can anyone tell me why?"
314,"A healthy adult heart rate can range from 60 to 100 beats per minute during rest. Kids' heart rates can be as low as 60 beats per minute during sleep and as high as 220 beats per minute during strenuous physical activity. It's normal for athletic kids to have slower resting heart rates, often in the 40s or 50s."
315,"It has been linked to asthma, skin conditions, hormone disruption, and in long-term animal studies to cancer and damage to DNA. -PGPR is short for polyglycerol polyricinoleate, a goopy yellowish liquid made from castor beans that reduces the viscosity of chocolate. Since 2006, big chocolate manufacturers such as Hershey’s have been replacing the expensive raw ingredient cocoa butter with PGPR in their recipes. PGPR is produced by Danisco, a Dupont company."
316,"List of counties in Arizona. See also: List of United States counties and county-equivalents. There are 15 counties in the U.S. state of Arizona. Four counties (Mohave, Pima, Yavapai and Yuma) were created in 1864 following the organization of the Arizona Territory in 1862."
317,"hey bro Silicates are minerals that contain silicon and oxygen, and usually one or more other elements. – Silicates make up approximately 96 percent of the minerals found in Earth's crust. – The most common minerals, feldspar and quartz, are silicates."
318,1 There are tests people can take on their own and others that must be administered by a tra…. 2  Understanding IQ Scores and Genius Status The intelligence quotient (IQ) was developed to identify children who would have difficulty keeping up in the public school system.
319,"The coldest temperature ever recorded east of the Mississippi River was -60°F in Tower, Minn., on Feb. 2, 1996. Hawaii is the only state that's never recorded a below-zero temperature.Many are surprised at Hawaii's 12°F reading.airbanks, Alaska, recorded its coldest January on record with a mean temperature of -31.7°F. (The monthly mean is the average of all of the daily highs and lows for the month.)F."
320,"An energy pyramid is a presentation of the trophic levels in an ecosystem. Energy from the sun is transferred through the ecosystem by passing through various trophic levels. Roughly 10% of the energy is transferred from one trophic level to the next, thus preventing a large amounts of trophic levels.hen an ecosystem is healthy, this graph produces a standard ecological pyramid. This is because in order for the ecosystem to sustain itself, there must be more energy at lower trophic levels than there is at higher trophic levels."
321,The Troy-Bilt 2100 is a single-stage blower which is engineered with excellent features to tackle most of your home snow cleaning jobs. It is ideal for small to medium driveways which can take three cars.
322,"In some cases, a fighting charge may be dropped after an arrest or be prosecuted as a misdemeanor. However, in more serious cases where a weapon was involved or there was severe bodily harm, the fighting charge can be prosecuted as a felony and lead to significant consequences, including up to 15 years in prison."
323,"The lithosphere, which is the rigid outermost shell of a planet (the crust and upper mantle), is broken up into tectonic plates. The Earth's lithosphere is composed of seven or eight major plates (depending on how they are defined) and many minor plates."
324,"Pick out a rabbit litter box. Purchasing a litter box and training your rabbit to use it is very important if you are having your rabbit live indoors. A triangular litter box to place in the corner of the cage or pen is very convenient. 1  Your rabbit may not use the litter box right away, so be patient.2  You will need to litter box train them. Consider an open-top cage, like a puppy pen. 2  This will give the rabbit more freedom to move around and will feel less confining. 3  Just make sure it is at least 35 inches (88.9 cm) high, so the rabbit cannot jump out. 4  If you want to create an outdoor hutch for your rabbit, the specifications are different."
325,"Your calorie allotment for effective weight loss is 500 to 1,000 fewer calories than your usual daily intake, notes the Centers for Disease Control and Prevention. For many adults, this amount is 1,200 to 1,600 calories per day, according to the National Heart, Lung and Blood Institute."
326,"Examples: 1  A person's height: could be any value (within the range of human heights), not just certain fixed heights, 2  Time in a race: you could even measure it to fractions of a second, 3  A dog's weight, 4  The length of a leaf,"
327,"1 Calories, Fat, Protein, Fiber, & Carbs In German Potato Salad. 2  Calories, Fat, Protein, Fiber, & Carbs In Red Potato Salad. 3  Calories, Fat, Protein, Fiber, & Carbs In Hot German Potato Salad. 4  Calories, Fat, Protein, Fiber, & Carbs In Publix Potato Salad.  Calories, Fat, Protein, Fiber, & Carbs In Red Bliss Potato Salad."
328,"The CET is a tariff. agreed on by the MERCOSUR countries for imports from non-MERCOSUR countries. The average CET is 14 percent with a low of 0 percent and a high of 20 percent, depending on the type of merchandise."
329,"New York is the largest metro area in the United States. It includes the island of Manhattan, an eight-county area immediately north, western Long Island, and Staten Island. It is the fourth largest in the world behind Tokyo, Mexico City, and Sao Paulo, Brazil. Regardless of how the area is defined, New York is among the richest and most complex places to live in America."
330,Definition of PARLIAMENTARY GOVERNMENT. : a system of government having the real executive power vested in a cabinet composed of members of the legislature who are individually and collectively responsible to the legislature.ADVERTISEMENT.weet. : a system of government having the real executive power vested in a cabinet composed of members of the legislature who are individually and collectively responsible to the legislature.
331,"In 1959, White Castle expanded into new markets for the first time since the 1920s. Billy Ingram, who had retired to Miami in 1958, built three White Castle restaurants there. The company closed the Florida operations in 1967 due to inefficient supply distribution."
332,"What is the 'Residual Value'. The residual value of a fixed asset is an estimate of how much it will be worth at the end of its lease, or at the end of its useful life. The lessor uses residual value as one of its primary methods for determining how much the lessee pays in lease payments."
333,"Disturbance in function of the temporal lobe may be caused by ischaemic or haemorrhagic damage, as with a cerebrovascular event (CVE). Disturbance of temporal lobe function may also occur with space-occupying lesions and with trauma; it may also be associated with epilepsy."
334,"As it turned out, the future diversity chair for APAGS was flummoxed by one of his first clients. He was going on and on about confession, using a lot of Catholic lingo that I'm not familiar with, says Mattu, now chair-elect of APAGS."
335,verb (used with object) 1. to offer or expose to view; present for inspection: to exhibit the latest models of cars. 2. to manifest or display: to exhibit anger; to exhibit interest. 3. to place on show: to exhibit paintings.
336,"1 Beat butter and sugar in large bowl with electric mixer until creamy. 2  Beat in egg unti light and fluffy. 3  Mix in flour, lemon juice and peel, baking powder and salt. 4  Cover refrigerate about 2 hours or until firm."
337,"However, according to a California appellate court, while a treating physician who is deposed “solely as a percipient witness” is not entitled to charge a fee, they are permitted to charge reasonable expenses for the time spent in the deposition."
338,condition in which 1 part of a culture is not keeping pace with another part selective perception how individuals perceive what they want in society and disregard that rest.
339,"The current RDA for protein is 0.8 grams per kilogram of body weight per day, or about 0.36 grams of protein per pound of body weight, according to the Institute of Medicine.Consuming the protein RDA can help maintain your lean muscle mass.owever, to build muscle and gain weight the Academy of Nutrition and Dietetics recommends you consume 1.4 to 1.8 grams per kilogram, or about 0.64 to 0.82 grams of protein per pound of body weight each day."
340,"1 Should any one of the Articles of Impeachment be approved by a simple majority vote, the President will be impeached.. 2  However, being impeached is sort of like being indicted of a crime. 3  There still has to be a trial, which is where the US Senate comes in."
341,"Another drawback is that hydrostatic processes generate a lot of heat which must be shed (hence the fan on the input pulley) or the build up of heat will lead to foaming and burning (carbonizing) of the oil inside the transmission. When the oil foams, hydrostatic processes diminish or stop, and so does the tractor."
342,"Average snowfall is 7.6 inches annually. For current weather and a seven-day forecast, click here. Save with Special Deals & Offers Before you take your next trip to Greater Williamsburg, check out our vacation packages. See deals and packages so you can relax, be curious and have fun with your family. Find Vacation Packages"
343,"The Louisiana Purchase stretched from the Mississippi River in the east to the Rocky Mountains in the west. Its southernmost tip was the port city of New Orleans and the Gulf of Mexico. To the North it included much of Minnesota, North Dakota, and Montana up to the border of Canada."
344,"PRI-724 is a potent, specific inhibitor of the canonical Wnt signaling pathway in cancer stem cells with potential antineoplastic activity. PRI-724 specifically inhibits the recruiting of beta-catenin with its coactivator CBP."
345,"Anemia of inflammation or chronic disease. Anemia of inflammation chronic disease is the most common cause of anemia in the elderly. Numerous diseases have inflammation as a consequence; in the elderly some of the more common include acute or chronic infections, arthritis or malignancy.hen anemia is present in older persons it is likely due to some underlying condition that requires further investigation or therapy. Key to understanding anemia in the elderly is the distinction between anemia caused by iron deficiency or anemia caused by inflammation—often called anemia of chronic disease."
346,"By clicking Publish, you are confirming that the image fully complies with TV.com’s Terms of Use and that you own all rights to the image or have authorization to upload it."
347,"Please be advised that a Special Meeting of the Mount Vernon City Council will be held on Friday, March 31, 2017 at 9:00 A.M. in the City Council Chambers, Second Floor, City Hall, Mount Vernon, New York. For the Purpose of: “NEW YORK STATE D.E.C."
348,Office of Federal Contract Compliance Programs (OFCCP) Monitors contractor compliance with the nondiscrimination and affirmative action provisions of the Vietnam Era Veterans' Readjustment Assistance Act of 1974 (VEVRAA). Veterans' Employment and Training Service (VETS)
349,"After a series of celebrated accounting debacles, Congress enacted the Sarbanes-Oxley Act of 2002 (or Act), 116 Stat. 745. Among other measures, the Act introduced tighter regulation of the accounting industry under a new Public Company Accounting Oversight Board."
350,"Marine Corps Recruit Depot Parris Island is poised to evacuate about 6,000 recruits from the South Carolina Lowcountry if Hurricane Matthew moves up the East Coast as expected."
351,A. Regular Education Classes/Inclusion. Collaboration/consultation/co-teaching services focus on special educators (Intervention Specialists) and general educators working together to best meet the needs of students with disabilities as well as children who may be at risk.
352,"Yes, you have employment for four years, but it’s employment that you don’t like and which isn’t paying you what you’re worth somewhere else. So you’d be signing up for four years of low quality of life. (There’s also no certainty that you’ll be secure there for four years, despite the contract."
353,"To set a travel notice, sign in to Online Banking. If you do not have access to Online Banking, you can set a travel notice by calling the number on the back of your card and speaking with a Bank of America associate. If you encounter any issues after the travel notice has been placed, we're here to help."
354,"Get a list of the best eye drops for pink eye or conjunctivitis, antibiotic, over the counter and ointments for pink eye. You will also know some side effects and general use of these drops for eyes with conjunctivitis. •Erythromycin/Ilotycin eye drop for conjunctivitis."
355,"Please carefully read this guide before installing or using this. product . Save this guide for the local electrical inspector’s use . 3 . This range hood has a thermally protected system for the motor, which will shut down automatically if the motor is overheated . If. the overheat protection trips, disconnect the power and wait for. 10 minutes for the motor to cool down . Installation Safety Information. 1 ."
356,"The voluminous black robe of a Benedictine monk (and daughter orders of the Benedictines: e.g. Cistercians, Trappists, Carthusians) is called a cucula. It is given during the final profession of vows, and is worn for solemn religious services, but is optional most of the time."
357,"Nope, I'm not getting a haircut. I won't get a hair cut that's over $100, unless I become a millionaire one day and can afford burning couple hundreds every day for fun... I'm trying to get some treatment as well as perm. I have really long hair and lots of hair, so i have to pay bunch more."
358,"Definition and Principles of Unity of Command. Unity of command provides that an employee is responsible to only one supervisor, who in turn is responsible to only one supervisor, and so on up the organizational hierarchy. This is true even if the top of the organization is led by a group of people."
359,When to use Objects. 1  JavaScript does not support associative arrays. 2  You should use objects when you want the element names to be strings (text). 3  You should use arrays when you want the element names to be numbers.
360,"After the blood gets oxygen in the lungs, it is called oxygen-rich blood. Oxygen-rich blood flows from the lungs back into the left atrium (LA), or the left upper chamber of the heart, through four pulmonary veins. Oxygen-rich blood then flows through the mitral valve (MV) into the left ventricle (LV), or the left lower chamber."
361,"Chocolate as a “candy” is the crap you get that barely has any real cacao in it, and the main ingredients are high-fructose-corn-syrup, petroleum wax, artificial food colorings, lots of preservatives, etc. . . with just enough cacao to satisfy the food labeling laws.hocolate and gout are a perfect match. . . so much so that I believe medicinal-grade chocolate is an essential ingredient in an effective gout diet. Not only is chocolate a “miracle food” when it comes to gout prevention, but it also knocks down the inflammation of an active gout flare."
362,"David Hammer. As founder and CEO, David leads the Emissary team on its mission to democratize access to experience. Prior to Emissary, David spent 6 years as a product manager at Google, where he founded Google’s Doubleclick Bid Manager product, a central component of Google’s Display Advertising business.rior to Emissary, David spent 6 years as a product manager at Google, where he founded Google’s Doubleclick Bid Manager product, a central component of Google’s Display Advertising business."
363,"Pour 1 cup warm water into a medium bowl; add sugar and sprinkle with yeast. Let stand until foamy, 5 minutes. Whisk oil and 1 teaspoon salt into yeast mixture. Add flour and stir with a wooden spoon until liquid is incorporated (dough will appear dry). Turn out onto a floured work surface."
364,"Employment of kindergarten and elementary school teachers is projected to grow 6 percent from 2014 to 2024, about as fast as the average for all occupations. Growth is expected because of projected increases in student enrollment. However, employment growth will vary by region."
365,"I have picked 7 chemicals, molecules, or objects (the distinction between these terms is not always clear) and calculated a (very) approximate radius (in nm), the diffusion coefficient (in SI units times 10 12) and the time in seconds required to diffuse 10 microns (the diameter of a typical animal cell)."
366,"Prince Charles Philip Arthur George Mountbatten was born on November 14, 1948, almost a year after his parents' marriage. His mother is Princess Elizabeth, who later became Queen Elizabeth II and his father is Prince Philip, Duke of Edinburgh."
367,"my pain is on the back side of my left hip. I don’t know why all of a sudden it hurts. its not worse I think (or hope) because it only triggers momentarily. by the way, I have I don’t know if it’s in the muscle or bone but it hurts anyway, on the same, left side too. it really hurts when I bend my left leg."
368,"Kyle Richards Net Worth is $20 Million. Kyle Richards Net Worth is $20 Million. Kyle Richards is an actress of film and television, with a net worth of $20 million. Kyle Richards earned her net worth through her acting roles in films and her appearances in several television shows, includi. Kyle Egan Richards (born Jan..."
369,RE: Does your temperature rise/drop before or after your period? I am charting my basal temp for the first time this month. I know that my temp rises 1-2 days after ovulation. But I am wondering when the menstral change occurs-before or after my period and does it rise or fall?
370,"A position, resembling that of the fetus in the womb, sometimes adopted by a child or adult in a state of distress or withdrawal. The position is one in which the body is drawn into itself. The head is bent forward, the spine is curved, the arms are crossed over the chest and the hips and knees are fully bent (flexed)."
371,_____ is the reduction of pore space in sediment as a result of the weight of the overlying sediments a _____ is a wave-resistant structure that is built from marine invertebrates A turbulent gravity driven flow consisting of water and sediment is known as _____ current
372,"The most common causes are fatigue, stress, and eye problems. Nutritional deficiencies or too much of certain substances, such as caffeine and alcohol, can also trigger twitching. Less common but more serious causes of an eyebrow twitch include dehydration, diabetes, and anemia, among other disorders."
373,"Updated June 30, 2016. Gastroschisis is a birth defect in which an infant is born with some or all of his/her intestines on the outside of the abdomen due to an abnormal opening in the abdominal muscle. The opening can range from small to large, and in some cases other organs can also protrude through the hole. Young mothers who use recreational drugs early in pregnancy or who smoke have a higher risk of having an infant born with gastroschisis, but in many cases, it is not known what causes the disorder."
374,"Nash Grier (born December 28, 1997) is an American internet personality.He became known for his online Vine videos in early 2013.s of July 2015, Nash has amassed over 12 million Vine followers, 4.4 million subscribers on his YouTube channel, 4.8 million Twitter followers and his Instagram account with 8 million followers. His second Vine account, Nash Grier 2, where he post less scripted videos, has amassed more than 2 million followers."
375,"1 Your doctor or pharmacist will usually tell you how many Zantac tablets to take and how often to take them. 2  You will also find this information on the label of your medicine. 3  The normal adult dosage is 150 to 300 milligrams per day, taken as one 150 mg tablet once or twice a day, or one 300 mg tablet at bedtime."
376,"• Gift giving — accepting from or giving to a particular client. The supervisor should explore the meaning of the gift and perception of changed relationship. • Boundary problems in home — Family-based services can create ambiguous situations, and the supervisor needs to explore potentially changed relationships."
377,"If you're interested in a new A/C unit, it's good to know how to determine the costs of a central air conditioning system. 1: Chose the ideal air conditioner size The first step in getting a new air conditioner unit installed is determining what size you'll need."
378,"A Tiffany lamp is a type of lamp with a glass shade made with glass designed by Louis Comfort Tiffany and his design studio.The most famous was the stained leaded glass lamp. Tiffany lamps are considered part of the Art Nouveau movement.Due to Tiffany's dominant influence on the style, the term 'Tiffany lamp' or 'Tiffany style lamp' has been often used to refer to stained leaded glass lamps even those not made by Louis Comfort Tiffany's company.ue to Tiffany's dominant influence on the style, the term 'Tiffany lamp' or 'Tiffany style lamp' has been often used to refer to stained leaded glass lamps even those not made by Louis Comfort Tiffany's company."
379,"Fire Intensity. Fire intensity is influenced by environmental conditions, such as fuel load (amount of leaf and grass litter), litter moisture, litter size, air temperature, relative humidity, and wind speed, as well as the firing technique used."
380,"Law Enforcement Accreditation. While not a type of law enforcement agency, one designation to look for when evaluating departments is CALEA Accreditation. CALEA, which stands for the Commission on Accreditation for Law Enforcement Agencies, is the international authority on law enforcement standards."
381,"As a member of the selectmen-appointed Pipeline Study Committee , and a concerned abutter of the proposed , 12-inch natural gas pipeline by Kinder Morgan Co Northeast Energy Direct-Worcester Lateral , I am encouraging voters to approve Town Meeting Article 36 , which asks voters to request selectmen to ensure the continued protection of Article 97 ..."
382,"A: Slavonic Benevolent Order of the State of Texas is located at 6475 Gholson Rd, Waco, TX 76705. Q: When was Slavonic Benevolent Order of the State of Texas in Waco, TX founded? A: Slavonic Benevolent Order of the State of Texas was founded in 2010 and has been operating for 8 years."
383,"Too much fat keeps bark from forming on your meat, but no fat will leave a tasteless bark. You want to leave a nice, thin layer of fat. This thin layer will render during the smoking process and give that bark an excellent flavor. Step #3: Smoke-Don't Steam!"
384,"The protecto plate was a factory identification card that was supplied through the dealer to the lucky recipient of a brand new 1967 Chevelle. It came in the back of the booklet shown above and carried coded information about the factory installed equipment / options for that particular vehicle, and this is why they are so talked about now.... it is proof of how the car was originally delivered."
385,"The leading cause of a wheel bearing failing is its seal. The inside of a bearing can be a hot place. When a bearing is cooling off, the contracting metal, air and lubricant can create a vacuum that is hopefully held by the seals."
386,1) Your facial hair has to be clean and dry before applying Just For Men. Facial hair can absorb skin oil and perspiration which can cause uneven shading and premature fading. Wash it with baby shampoo and dry thoroughly (use a hair dryer if needed).
387,"FOV stands for Field-of-View and it is the width of the image as seen through optics. This is often quoted as width at distance or in degrees. For example, 300ft@1000yrds would mean when the optics are focused at an object 1000 yards away, the width of the entire image as seen through the optics is 300 feet wide."
388,"4. KALASH 510 SL is actively absorbed through immature bark and leaves of most plants and. trees. Contact with immature bark, such as in trees younger than three years, can result in. serious localised or translocated damage."
389,"Road trip planner. The total cost of driving from Detroit, MI to Orlando, FL (one-way) is $107.67 at current gas prices. The round trip cost would be $215.34 to go from Detroit, MI to Orlando, FL and back to Detroit, MI again.Regular fuel costs are around $2.32 per gallon for your trip.This calculation assumes that your vehicle gets an average gas mileage of 25 mpg for a mix of city and highway driving.oad trip planner. The total cost of driving from Detroit, MI to Orlando, FL (one-way) is $107.67 at current gas prices. The round trip cost would be $215.34 to go from Detroit, MI to Orlando, FL and back to Detroit, MI again."
390,"All US Army Salaries. How much does a Cadet at US Army make in West Point, NY? The typical salary for a US Army West Point Cadet ranges from $12,000-$13,247, with an average salary of $12,585. Salaries estimates based on 5 salaries submitted anonymously to Glassdoor by US Army Cadet employees in West Point, NY."
391,"First, there are three ways in which you can keep chickens: 1  Free range Advantages: It's fun and you get to see the chickens run all around. 2  Limited range You can make up a fence (see fence section below) which will contain them. 3  Completely housed (in a coop) Advantages: Safety."
392,Stephanie Seymour Net Worth is $15 Million. Stephanie Seymour is an actress/model with a net worth of $15 million. Stephanie Seymour accumulated her net worth by appearing in several well known magazines through her modeling career and for her acting. Stephanie Michelle Seymour (...
393,"As the name suggests, volcanic mountains are formed by volcanoes. Volcanic Mountains are formed when molten rock (magma) deep within the earth, erupts, and piles upon the surface. Magna is called lava when it breaks through the earth's crust. When the ash and lava cools, it builds a cone of rock."
394,"Think of your liver like your own personal filtering system: Suck in the bad and spit out the good. The liver has many important functions that keeps a person healthy. It removes harmful material from the bloodstream and helps digest food, says holistic nutritionist Hermeet Suri from Mississauga, Ont."
395,"Hives can appear on any area of the body; they may change shape, move around, disappear and reappear over short periods of time. The bumps - red or skin-colored “wheals” with clear edges - usually appear suddenly and go away just as quickly."
396,"1937 -- Asteroid Hermes -- about a kilometer in diameter -- misses Earth by 600,000 miles. Hermes, although smaller than the 'roid that snuffed the dinosaurs, could have been a true category killer, able to cause epic devastation and kill millions."
397,Sharp televisions automatically scan for available channels on your cable or antenna when you go through the initial setup. This feature prevents accidentally tuning into a channel that does not have a broadcaster in your area.
398,"See more words with the same meaning: Internet, texting, SMS, email, chat acronyms (list of). See more words with the same meaning: good, okay, cool, awesome, fun. See more words with the same meaning: impressive. Last edited on Dec 13 2014."
399,"Igneous Rocks. Igneous rocks are formed from lava or magma. Magma is molten rock that is underground and lava is molten rock that erupts out on the surface. The two main types of igneous rocks are plutonic rocks and volcanic rocks. Plutonic rocks are formed when magma cools and solidifies underground.Volcanic rocks are formed from lava that flows on the surface of the Earth and other planets and then cools and solidifies. The texture of an igneous rock depends on the size of the crystals in the rock.This tells us if the rock is plutonic or volcanic. When magma cools underground, it cools very slowly and when lava cools above ground, it cools quickly. When magma and lava cool, mineral crystals start to form in the molten rock.his tells us if the rock is plutonic or volcanic. When magma cools underground, it cools very slowly and when lava cools above ground, it cools quickly. When magma and lava cool, mineral crystals start to form in the molten rock."
400,"Carparts can help you with that.Check out our vast inventory of auto parts and pick what you need. • Our hood struts allow easy access to engine parts. • A sturdy hood strut makes roadside under-the-hood repair jobs easier.. • Made from durable material, our hood struts can last your car a long time."
401,"In a 2008 study, researchers followed 21,327 male physicians for 20 years and found that egg consumption-up to 6 per week-was not linked with a greater risk of heart attack, stroke or dying from all causes."
402,"**Average National SAT Scores for 2014**. Answer: Your SAT score can range anywhere from a 600 on the very lowest end, to a 2400 on the very highest end since each SAT section (Critical Reading, Writing, and Mathematics) is worth between 200 and 800 points a piece."
403,"160 people found this helpful. Call the IRS: 1-800-829-1040 hours 7 AM - 7 PM local time Monday-Friday. When calling the IRS do NOT choose the first option re: Refund, or it will send you to an automated phone line. So after first choosing your language, then do NOT choose Option 1 (refund info). Choose option 2 for personal income tax instead. Then press 1 for form, tax history, or payment."
404,"The Latest. August 18, 2017. Learn How You Can Help Victims of Animal Fighting! You can help pass the HEART Act, a bill that would speed up the rehabilitation and rehoming processes for animals seized in federal animal fighting cases, enabling them to find new homes sooner."
405,"A simple saltwater gargle is prepared by dissolving 1/4 to 1/2 teaspoons of salt in an 8-ounce glass of warm water and use it as you would any mouthwash, by throwing your head back and gargling right before it hits the cartilaginous flap in the back of your throat."
406,"Prince George’s County Correctional Center Visiting Hours and Visitation Schedule. The information below provides complete instructions regarding Prince George’s County Correctional Center Visiting Hours and Visitation Schedule, Visiting Rules, Inmate Video Visits and Jail Visitation process in Upper Marlboro, Maryland."
407,You should take statins if your LDL cholesterol is 190 mg/dL or higher. You should also take statins if your LDL cholesterol is between 70 and 189 mg/dL and: 1  You have diabetes and are between ages 40 and 75. 2  You have diabetes and a high risk of heart disease.
408,"Homefacts City Report. Stevensville is located in Ravalli County, MT. The population is 2,280, making Stevensville the 2nd largest city in Ravalli County. There are 5 public schools in Stevensville with an average Homefacts rating of B. The total crime rate for Stevensville is very low, and there are 22 registered sex offenders residing in the city."
409,"Investigate your GPS options and if you can get the display into decimal degrees like 117.4974 degrees, then you do not need to use this calculator. Test by clicking to calculate the result with the default numbers. The answer should be 117.4974 decimal degrees. i.e. just under 117 and a half degrees."
410,"This article deals with rugby sevens at the 2016 Summer Olympics. For the 15-a-side version of the game at the Olympics until discontinued in 1924, see Rugby union at the Summer Olympics. Rugby sevens at the 2016 Summer Olympics is scheduled to be held in August in Rio de Janeiro. The competition will take two days. The 2016 Summer Olympics marks the debut for rugby sevens at the Summer Olympics, though rugby union was last played at the 1924 Summer Olympics."
411,i am sidhu usually punjabi speaker.i have some problems with comprehension English help me in easy way how to understand reading and how to manage time i am taking test of ielts time management and understanding is my biggest problem.and you can contact me through my email hny302@gmail.com i have alot of questions.
412,Sailors and civilians at Chief of Naval Personnel sign a proclamation vowing to help address and prevent sexual assault during a sexual assault awareness a... Sign up today for America's Armed Forces Kids Run -- May 20 at military bases worldwide. Visit http://americaskidsrun.org/ to see if your installation MWR...
413,"According to the Bureau of Labor Statistics, median salaries for registered nurses nationwide exceed $62,000 annually. Among the highest paid registered nurses are orthopedic nurse practitioners. These specialists average more than $81,000 annually, and it’s not uncommon for them to earn up to $94,000 per year."
414,Kristy. 1  Share Kristy on Facebook Share on Facebook. 2  Share Kristy on Twitter Share on Twitter. 3  Share Kristy on Google Plus Share on Google+.  Love the name Kristy 1  Love. Dislike the name Kristy Dislike.  Follow Kristy Follow Follow Kristy.
415,"As for the paddles, their response is a bit slow and inconsistent, and the gearbox will automatically upshift at redline, which always seems to arrive more quickly than anticipated. Elsewhere behind the wheel, the Stinger GT presents an excellent driver’s seat with adjustable side bolsters."
416,Start from Swap start/end points. 1  Edit W 41st & Kiwanis. 2  Get Directions. 3  Phone number (605) 334-8292.  Business website wirelessworld. 1 com. Message the business.  Send to your Phone New.
417,"Though there are dozens, if not hundreds, of lake monsters around the world, one superstar marine denizen outshines them all: Nessie, the beast said to inhabit Scotland's Loch Ness. Some say it's a myth; others say it's a living dinosaur or even a sea serpent that swam into the lake before it became landlocked."
418,"DURABAK regular for indoor use ( Quarts and Gallons ) DURABAK 18 for outdoor use UV protection ( Quarts and Gallons ) DURABAK and DURABAK 18 in Smooth - add the letter S to any color. All colors available for smooth. Color Chart and Order Number. These colors are general and approximate to the actual color, for any real sample feel free to contact us."
419,"Hard credit pulls. Helpful to 145 out of 162 people. Hard pulls stay on your credit report for 2 years, but they do not affect your score after 12 months. As a practical matter, they really don't have all that much of an impact on your credit IF the rest of your profile is good.I have had 12 (you read right!) hard inquiries in the past 13 months.ard credit pulls. Helpful to 145 out of 162 people. Hard pulls stay on your credit report for 2 years, but they do not affect your score after 12 months. As a practical matter, they really don't have all that much of an impact on your credit IF the rest of your profile is good."
420,"Beyblade is a brand name for a line of spinning top toys originally developed and manufactured by Takara Tomy, first released in 2000.The toys usually include a 'launcher' – a device for bringing the spinning top up to speed, with either a separate or integral rip-cord. Blade Base (BB) : The Blade Base determines how the Beyblade spins, and also affects its movement pattern. 2  The Blade Base determines the direction of the Beyblade's rotation; either clockwise (right) or counterclockwise (left) dependent on what Spin Gear is used."
421,"Vatican City is distinct from the Holy See (Latin: Sancta Sedes), which dates back to early Christianity and is the main episcopal see of 1.2 billion Latin and Eastern Catholic adherents around the globe."
422,Causes of its Failure: The League of Nations was the first major attempt as an international organization of state to maintain peace and promote international co-operation. But it failed. 1. The political background of Europe at the time of the birth of the League was not very conducive to a peace organization.
423,"The argument is nothing new. The LPN is quick to tell you she does so much more than make beds, give back rubs, and take vital signs. And the RN counters that she has more education and medical training and is called upon for more advanced procedures."
424,A few questions about a staple down/Gypcrete installation. The way Ive done this in the past is have the homeowner double the sill plates so there is a nailer for the sheet rock. The gypcrete company doing the pour wants the sheetrock installed before the pour without doubling the plates.I have also put the heat on only one day after the pour but Im told by this company it should cure a minimum of 14 days before applying heat. Ive read in the past where the heat was on during the pour. have also put the heat on only one day after the pour but Im told by this company it should cure a minimum of 14 days before applying heat. Ive read in the past where the heat was on during the pour.
425,"Alzheimer's disease and other forms of dementia are cruel diseases that progress over time and eventually lead to death. Alzheimer's disease is the sixth leading cause of death in the United States. Dementia is a progressive disease that affects the brain. Early stages of dementia might show up as memory problems, confusion, and sundowning (confusion starting late in the day, lasting into the night)."
426,"Clan/Family Histories. - Muir/Moore. Since the Scots word muir means a moor or a heath and there are a multiplicity of place names incorporating the word, it is not surprising that the surname is found all over Scotland. It is particularly prolific in west-central Scotland and in Orkney the name is one of the top ten most commonly found names."
427,Freudian slip (a slip-up that (according to Sigmund Freud) results from the operation of unconscious wishes or conflicts and can reveal unconscious processes in normal healthy individuals).
428,"If the salmon is farmed, it is not an issue. If it is wild salmon, the fish live much longer and get much larger (and by consequence have far more stored mercury within their fat/flesh). Farmed salmon are raised and killed long before they amass a worrisome amount of mercury. Also, it depends on your gender."
429,"There are several different copper fungicides approved for use in organically-produced crops. Copper fungicides are important tools for managing diseases that cannot be effectively managed with cultural practices alone. They have broad-spectrum activity, acting on bacteria as well as fungi."
430,"Find Westlake Ohio assessor, assessment, auditor's, and appraiser's office, revenue commissions, GIS, and tax equalization departments. Assessors provide information on property and land tax assessment, property listings, values, valuations, property search, and records. Name."
431,aggrieved person or to order the performance of an act or a series of acts designed to eliminate the effect of any unlawful practice found. (5) The commissioner may order the respondent to eliminate the effects of any unlawful
432,"Home » Directory » North Carolina » Caswell County » Leasburg » Leasburg Volunteer Fire Department is located in Leasburg, NC. View a fire dept photo, logo, contact info, map, volunteer info, mission statement, fire equipment, firefighters and statistics. Home"
433,"Your neck is flexible and supports the weight of your head, so it can be vulnerable to injuries and conditions that cause pain and restrict motion. Neck pain causes include: Muscle strains. Overuse, such as too many hours hunched over your computer or smartphone, often triggers muscle strains."
434,"Inductance, in particular, plays an important part in obtaining proper puddle fluidity. The shielding gas recommended for short-circuiting welding of stainless-steel contains 90% helium, 7.5% argon, and 2.5% carbon dioxide.The gas gives the most desirable bead contour while keeping the CO2 level low enough so that it does not influence the corrosion resistance of the metal. current of approximately 300-350 amperes is required for a 1/16-in. electrode, depending on the shielding gas and type of stainless wire being used. The degree of spatter is dependent upon the composition and flow rate of the shielding gas, wire-feed speed, and the characteristics of the welding power supply."
435,"A 150-g serving of boiled red potatoes has a glycemic index value of 89, 21 g of carbohydrate per serving and a glycemic load of 19. Because rice and potatoes are high in carbohydrates that have a significant effect on blood sugar, they have a high glycemic load, as well as a high glycemic index."
436,"Pond's print advertisement for vanishing cream, 1910. Pond's is a brand of beauty and health care products, currently owned by parent company the multinational corporation Unilever.ith this merger, Pond's Creams became sisters with the Cutex nail polish brand and the Matchabelli perfumes. With the Chesebrough Manufacturing Company in command, Pond's Creams became available at many supermarkets across the United States."
437,"In Part 2 of MyBrainNotes.com, as part of a discussion of the VIGILANCE system, we discuss Stress, attention, learning, and memory, including the effects of stress on neurocircuitry in what is called the prefrontal cortex, a larger area also illustrated in the image to the right (links to source)."
438,"Pack Rat Infestation. Their dens are commonly located on the ground and measure 3 to 5 feet in height and diameter. One animal may inhabit several nests, and in good feeding areas a den may be occupied for several years or a lifetime. Pack rats live alone except when mating or rearing young. Circling of small trees and shrubs occurs but is not common."
439,"1 Combination tests have been developed that detect HIV antibody and the HIV antigen called the p24 antigen. 2  Levels of p24 antigen are typically high early in the course of infection. 3  A combination test may be performed to increase the likelihood that HIV infection is detected sooner after exposure occurs. Verify a positive with a second HIV antibody test that differentiates between HIV-1 and HIV-2. 2  If results between the first and second test do not agree, then the next test to perform is a HIV-1 RNA test (nucleic acid amplification test, NAAT)."
440,"It is also referred to as glycated hemoglobin, glycosylated hemoglobin, hemoglobin A1C and HbA1c. Your doctor can measure you A1C number with a blood test to determine your average blood sugar levels over the past two or three months. A normal A1C level falls between 4 and 6 percent."
441,"What is it? The AOS is a comprehensive, multi-component approach for community support and services to meet the diverse needs of Soldiers, Families, and employers throughout the deployment cycle. What has the Army done? The AOS is the single portal access for information, programs and services, and connectivity. Services are provided at installations, Army National Guard Family Assistance Centers for the geographically dispersed, and are available on the internet at www.armyonesource.com."
442,"A clean installation destroys the old copy of Windows and any data on the drive, so be sure to back up anything you may need before you do it. Step 1. Insert your Windows 7 installation disc or USB flash drive, and then reboot the computer. Step 2.Launch your computer’s boot device menu.The key combination varies among different computer manufacturers, but it displays briefly on the screen, so watch carefully for it. F12 is a common one.lick on Disk 0, and click “Next.” Windows repartitions the drive, formats it, and installs a fresh copy of Windows. The process could take up to an hour to complete, after which the system automatically reboots. Step 12. Select an account user name and computer name."
443,"Definition of TROCHANTER. 1. : a rough prominence at the upper part of the femur of many vertebrates serving usually for the attachment of muscles.2. : the second segment of an insect's leg adjacent to the coxa. — tro·chan·ter·al \-tə-rəl\ adjective. — tro·chan·ter·ic \ˌtrō-kən-ˈter-ik, -ˌkan-\ adjective.. : a rough prominence at the upper part of the femur of many vertebrates serving usually for the attachment of muscles."
444,"In most cases, the pouches are located in the lower intestine, or the colon. Diverticulitis ». Diverticula often exist within the body without causing any additional problems, and become more common as you age. In fact, the pouches or bulges are rather common after age 40."
445,"The name Porsche is ranked on the 8,246th position of the most used names. It means that this name is commonly used. We estimate that there are at least 32400 persons in the world having this name which is around 0.001% of the population. The name Porsche has seven characters."
446,"Vintages Wine Panel: One of the perfect late spring/early summer wines is Piedmont’s gently sparkling, slightly sweet, low-alcohol Moscato d’Asti. Perfect for those casual afternoon get-togethers on the backyard patio, especially when served with simple seafood nibbles or just-in-season strawberries."
447,"Minerals can be found throughout the world in the earth's crust but usually in such small amounts that they not worth extracting. Only with the help of certain geological processes are minerals concentrated into economically viable deposits. Mineral deposits can only be extracted where they are found. Mineral deposits come in many shapes and sizes depending on where and how the mineral was concentrated. Minerals are concentrated by igneous, sedimentary and metamorphic processes:"
448,"Webster Dictionary (0.00 / 0 votes) Rate this definition: Amphi- a prefix in words of Greek origin, signifying both, of both kinds, on both sides, about, around"
449,"Answers. 1  the deoxygenated blood returns via the veins to the Right Atrium, then through the tricuspid valve to the Right Ventricle. The Right Ventricle then pumps the blood thru the pulmonary valve, pulmonary arteries and into the lungs, where oxygen is taken up by the red blood cells. The oxygenated blood then returns to the heart via the pulmonary veins and into the left Atrium, thru the mitral valve and into the Left Ventricle. The Left Ventricle pumps the oxygenated blood thru the aortic valve into the aorta and away it goes to the rest of the body ."
450,Is this course authorized to get my Learner's Permit? YES. The course and exam are authorized by the Florida Department of Highway Safety and Motor Vehicles (DHSMV) to meet the requirements needed for your first Florida Learner's Permit.
451,"There is more meat on this hog if you work at it, but you can get it this far without ever smelling the gut or having to deal with flowing entrails. There are those who eat the heart, liver, and there is a little bit of meat on the ribs and in the hock joints. Knock yourself out. The gators got the rest of this girl."
452,"Check the Italy weather in June before you book your next holiday. This gives the best indication of the weather in June and includes figures for temperature, sunshine and rainfall.The Italy june weather guide shown below is for Rome.1  27°C max day temperature.his gives the best indication of the weather in June and includes figures for temperature, sunshine and rainfall. The Italy june weather guide shown below is for Rome. 1  27°C max day temperature."
453,"They are: Placement of the ™ or ® symbol right adjacent to the trademark, every time it is used. Placement of ™ or ® or * (asterisk) or † or (dagger) or ‡ (double dagger) symbol right near the first use of the trademark. Then provide a footnote that describes the trademark."
454,"What Is ABET Accreditation? ABET accreditation is assurance that a college or university program meets the quality standards established by the profession for which it prepares its students. For example, an accredited engineering program must meet the quality standards set by the engineering profession."
455,"Voter turnout in presidential elections is historically much higher than in midterms– 58.2% of eligible voters voted in 2012, and 61.6% voted in 2008, the highest turnout since 1968. In other words, turnout for Obama’s first presidential election was almost double the 2014 midterm turnout."
456,"5 is 5% of 100. 12 is 12% of 100. 250 is 250% of 100. For, a percent is a number of hundredths. 5 is 5 hundredths -- 5% -- of 100. That is the ratio of 5 to 100."
457,"Actually, I don't think Ancient Rome had much in the way of taxes for citizens for a long time. They had a very small property tax on land, wealth slaves, etc. and the provinces were taxed by community I think through some type of tithe system."
458,Newton explains why he played four games with torn rotator cuff FOXSports. Official: 'John 3:16' found written on Hernandez’s forehead The Boston Globe. Report: Raiders 'willing to walk away' from potential Lynch deal Sportsnaut. NFL's drug testing season conveniently begins on 4/20 SB Nation. Cousins' latest comments on contract situation will drive Redskins fans crazy For The Win. Koetter admits he'd rather not be on 'Hard Knocks' Larry Brown Sports.
459,"IncrediMail Support Phone Number IncrediMail Phone Support Number @ +1-800-961-1963 : Download Incredimail, Install & Setup Incredimail, Transfer Incredimail to new Computer, Transfer Incredimail Contacts, Incredimail Import and Export Emails, Troubleshoot Incredimail Errors, Fix Incredimail Problems, Incredimail Email Help and Support."
460,"However, diagnosing trigeminal neuralgia can be difficult and it can take a few years for a diagnosis to be confirmed. Read more about diagnosing trigeminal neuralgia. What causes trigeminal neuralgia? Trigeminal neuralgia is usually caused by compression of the trigeminal nerve. This is the nerve inside the skull that transmits sensations of pain and touch from your face, teeth and mouth to your brain. The compression of the trigeminal nerve is usually caused by a nearby blood vessel pressing on part of the nerve inside the skull. In rare cases trigeminal neuralgia can be caused by damage to the trigeminal nerve as a result of an underlying condition, such as multiple sclerosis (MS) or a tumour."
461,"The major source of amylase in all species is pancreatic secretions, although amylase is also present in saliva of some animals, including humans. Pancreatic juice is composed of two secretory products critical to proper digestion: digestive enzymes and bicarbonate.The enzymes are synthesized and secreted from the exocrine acinar cells, whereas bicarbonate is secreted from the epithelial cells lining small pancreatic ducts.hree major groups of enzymes are critical to efficient digestion: 1. Proteases. Digestion of proteins is initiated by pepsin in the stomach, but the bulk of protein digestion is due to the pancreatic proteases."
462,Search comprehensively and find the name meaning of Liana and its name origin or of any other name in our database. Also note the spelling and the pronunciation of the name Liana and check the initials of the name with your last name to discover how it looks and sounds.
463,"Luckily for Uber, Lyft, and other rideshare drivers, there are new insurance products being created that can cover both personal auto use and the insurance gap. February 2016 Update: State Farm is now offering a ridesharing endorsement in Colorado."
464,"Change your font from Calibri (MS Word default font) to Verdana, for example, and your paper will appear to be up to 20-25% longer. That means a paper that fills 10 pages will fill 11 pages. Adding more space between characters and lines."
465,"The best way to treat maggot wound is to apply ivermectin injection and betadine powder on the wound, give 1 ml injection to the dog. You will see the maggot will come out or die within hours and wound will heal in 3 to 4 days."
466,"Travel nursing is a nursing assignment concept that developed in response to the nursing shortage.This industry supplies nurses who travel to work in temporary nursing positions, mostly in hospitals.he usual requirements for becoming a travel nurse are a minimum of 1.5 years of clinical experience with 1 year being preferred in one's specialty and licensure in the state of employment, often granted through reciprocity with the home state's board of nursing."
467,"How to use citation info. (on Archives.gov). Approved July 2, 1890, The Sherman Anti-Trust Act was the first Federal act that outlawed monopolistic business practices. The Sherman Antitrust Act of 1890 was the first measure passed by the U.S. Congress to prohibit trusts.It was named for Senator John Sherman of Ohio, who was a chairman of the Senate finance committee and the Secretary of the Treasury under President Hayes.ow to use citation info. (on Archives.gov). Approved July 2, 1890, The Sherman Anti-Trust Act was the first Federal act that outlawed monopolistic business practices. The Sherman Antitrust Act of 1890 was the first measure passed by the U.S. Congress to prohibit trusts."
468,"Employees are issued different types of equity, or stock, depending on when they join a company and the roll they play. One type of employee equity is restricted stock, which is issued commonly to employees who were present during startup or who are senior executives."
469,Yellow Diamond Color and its effect on pricing. The price of commodities is dictated by supply and demand - basic rules of economy. BUT… in yellow diamonds (and actually most colored diamonds) the problem is that the most desired diamonds (i.e. demand) are also the rarest diamonds (i.e. supply). The result is that the price increase between the color scale levels are EXTREMELY high (percentage wise).
470,"1 You can only upload files of type 3GP, 3GPP, MP4, MOV, AVI, MPG, MPEG or RM. 2  You can only upload photos smaller than 5 MB. 3  You can only upload videos smaller than 600 MB. 4  You can only upload a photo (png, jpg, jpeg) or video (3gp, 3gpp, mp4, mov, avi, mpg, mpeg, rm)."
471,"Abstract. 1  Gibbons are small arboreal apes inhabiting the rainforests of South-East Asia, Northwest India and Bangladesh (Carpenter 1940; Chivers 1977). The taxonomy of gibbons is under dispute, as the status of several taxa as species or subspecies is uncertain. Within the family Hylobatideae, there are four genera of gibbons: Bunopithecus (hoolock gibbon), Hylobates, Nomascus (crested gibbons) and Symphalangus (siamangs), and at least 12 species (Brandon-Jones et al. 2004)."
472,"A Solid PLM Foundation - BOMControl. 1  Arena PLM BOMControl, Arena's flagship product, is a cloud-based solution for bill of materials (BOM) and change management. BOMControl offers innovative manufacturing companies a superior advantage to getting their products to market on time and within budget."
473,"Nervous tissue is the main component of the two parts of the nervous system; the brain and spinal cord of the central nervous system (CNS), and the branching peripheral nerves of the peripheral nervous system (PNS), which regulates and controls bodily functions and activity.n the central nervous system (CNS), the tissue types found are grey matter and white matter. In the peripheral nervous system (PNS), the tissue types are nerves and ganglia. The tissue is categorized by its neuronal and neuroglial components."
474,"Step 4: Let the dye sit. Once your shirts are all dyed, put them in plastic bags to let the dyes set. You want them to remain damp, so sealing them in ziplock bags works well. The kit I had said to leave them 6-8 hours, but I left them overnight and found that that made the colors much brighter."
475,Hockey Stick Builds is the launch point for you to design and create your own hockey stick furniture or other creations! You’ve got a pile of sticks and you don’t know what to build or where to start. I’ll show you what I’ve built and how I’ve built it which will enable you to start on something of your own.ockey Stick Builds is the launch point for you to design and create your own hockey stick furniture or other creations! You’ve got a pile of sticks and you don’t know what to build or where to start. I’ll show you what I’ve built and how I’ve built it which will enable you to start on something of your own.
476,"Physical geography is the study of the physical features of Earth's surface. For example, we can study how volcanoes, V-shaped valleys or waterfalls are formed.eography is the study of the Earth, its landforms and features,  and the distribution of life including human life. It also includes  how locations and climate influence hu … man populations and  activities."
477,"Choose from 8 Vasectomy Clinics in Mexico and compare prices, patient reviews, and availability. Find the Best Price for Vasectomy in Mexico.Compare how much Vasectomy cost at all 8 clinics and save money on your treatment.hoose from 8 Vasectomy Clinics in Mexico and compare prices, patient reviews, and availability. Find the Best Price for Vasectomy in Mexico."
478,"US Department of Labor. U.S. Bureau of Labor Statistics. The Injuries, Illnesses, and Fatalities (IIF) program provides annual information on the rate and number of work-related injuries, illnesses, and fatal injuries, and how these statistics vary by incident, industry, geography, occupation, and other characteristics."
479,"When we wrote last week that the Toyota Mirai hydrogen fuel-cell sedan was little-changed for the 2017 model year, with only one new color added, we missed one important element. That was, as several readers informed us, that while the retail price remained the same, the monthly lease cost had fallen sharply: from $499 to $349 per month."
480,"Popular Conversations. To a large extent, the activity of kidneys is controlled by ... 10/14/2015 8:35:06 PM| 2 Answers. How long did it take for the United States to dig the Panama ... 10/13/2015 6:15:06 AM| 1 Answers. France's loss in the 1870-1871 war with _________ was a blow to ... Weegy: Great Britain was NOT a part of the Triple Alliance."
481,Inari/Oinari/Oinari-Sama is the god/goddess of rice. The common messenger of but issing butssi is the kitsune (fox). Inari is considered to be a key Shinto kami (god). Inari has close ties to the shinto goddess of food.
482,"the outermost covering of the brain consisting of densely packaged neurons, responsible for higher thought processes and interpretation of sensory input. cerebral hemispheres: two sections of the cortex on the left and right sides of the brain: corpus callosum: thick band of neurons that connects the right and left cerebral hemispheres: occipital lobe"
483,"get healthy living updates. Either run for your life or face the top 10 most feared predators of the animal kingdom. 10. Tarantula. Tarantula spiders are among the most feared animals on the planet, and with good reason."
484,"Gasoline Price The average price of a gallon of gas is $. Affordability With an average daily income of $80, it takes 2.06% of a day’s wages to afford a gallon of gas. Income Spent The average driver uses gallons a year, which eats up 1.77% of the typical salary. Gas Price."
485,Normal value ranges for vitamin B12 vary slightly among different laboratories and can range anywhere between 200 to 900 pg/mL. The general consensus is values less than 200 pg/mL constitute a B12 deficiency.
486,"The parietal peritoneum lines the abdominal wall and extends to the organs, whereas the visceral peritoneum covers the organs. The peritoneal cavity lies between these two peritoneal layers. It contains a thin layer of fluid that lubricates the peritoneal surfaces."
487,"1 Treatment of broken fingers depends on the type of fracture and the particular bone in the finger that is injured. Surgery may be required for fractures causing significant deformity or involving a joint.  Complications of a broken finger can include join stiffness, rotation, nonunion, and infection."
488,"When a fence is more than 650 feet between corner posts, put braced-line post assemblies every 650 feet in the fence line. A braced line assembly is the same as a single-span braced corner except that a second diagonal brace wire is used to take fence pull in the opposite direction."
489,"If you choose to organize your bills manually, create a designated space within your home to collect bills as they come through the mail each month. You can use an in box system or a mail organizer with dividers to file mail as it arrives. Schedule time each month or every two weeks to sit down and pay bills."
490,"Come live in me all my life, take over. Come breathe in me, I will rise on eagle's wings. Here I am waiting, abide in me, I pray. Here I am longing for You. Hide me in Your love, bring me to my knees. May I know Jesus more and more. Come live in me all my life, take over. Come breathe in me, I will rise on eagle's wings."
491,"They not only form our political and geographical boundaries but define our stories and our lives. Bhutan Celebrates Third Annual Literary Festival, Mountain Echoes Karma Singye Dorji May 28, 2012. There are trade-offs in all things, and no perfect solution, geographical or otherwise."
492,"Routing number for The Family Credit Union. Routing number for The Family Credit Union is a 9 digit code required for initiating various financial tran First Servicetions such as direct deposits, electronic payments, wire transfers, check ordering and many more."
493,"BREAKING DOWN 'Inflation' As a result of inflation, the purchasing power of a unit of currency falls. For example, if the inflation rate is 2%, then a pack of gum that costs $1 in a given year will cost $1.02 the next year. As goods and services require more money to purchase, the implicit value of that money falls. The Federal Reserve uses core inflation data, which excludes volatile industries such as food and energy prices."
494,"Leg pain is a prime example of this. Most people struggle to understand how and why leg pain can be caused by anxiety, but the reality is that the connection is very real, and while it doesn't affect everyone, there are many people living with leg pain right now that is caused by anxiety."
495,"Chest pain that accompanies frequent heartburn can be treated with proton pump inhibitors (PPIs). A PPI is a type of medication that reduces acid production in your stomach. Your doctor also may recommend cutting out certain types of food that can trigger symptoms, such as fried foods, spicy foods, and citrus fruits."
496,"Home Remedies for Mouth Ulcers. Mouth ulcers are quite common and irritating. These painful, open sores are white in color, surrounded by an inflamed red border. More often than not, they appear on the inside of the cheeks, lips, under the tongue, and on the floor of the mouth."
497,"Fever, also known as pyrexia and febrile response, is defined as having a temperature above the normal range due to an increase in the body's temperature set-point.There is not a single agreed upon upper limit for normal temperature with sources using values between 37.5 and 38.3 °C (99.5 and 100.9 °F).ever is one of the most common medical signs. It is part of about 30% of healthcare visits by children and occurs in up to 75% of adults who are seriously sick. While fever is a useful defense mechanism, treating fever does not appear to worsen outcomes."
498,Frequently Asked Questions on Gift Taxes. Below are some of the more common questions and answers about Gift Tax issues. You may also find additional information in Publication 559 or some of the other forms and publications offered on our Forms Page. Included in this area are the instructions to Forms 706 and 709.
499,"Eating the right foods not only makes it easier for your body to digest meals and absorb nutrients, but it can also help you achieve a healthy body weight, another essential for good digestive tract health."
500,"Harvard Contents. Books. Read how to cite and reference books in the Harvard style. Journals/Periodicals/Newspapers. Read how to cite and reference periodicals/serials in the Harvard style. Websites. Read how to cite and reference websites in the Harvard style.nlike many referencing styles, there is no source document for a Harvard Guide. This guide is based on Commonwealth of Australia 2002, Style Manual for authors, editors and printers, 6th edn, rev. by Snooks & Co, John Wiley & Sons, Australia, Milton; and a wide range of online Harvard Guides were also consulted."
501,"I'm sure everyone experiences things differently to an extent, but having dealt with a considerable amount of stress and depression in my time, it absolutely does (in my experience) feel like a physical sensation. Chest tightens up, slight nausea, difficulty breathing."
502,"Running Doc: To avoid blisters get the proper shoes...socks...insoles...ointment...orthotics. The Running Doc’s advice on how to avoid blisters includes selecting the proper running shoe. Make sure it fits! Every time I run long distances, I get blisters all over my feet and in between my toes. I have tried socks with different thicknesses and Vaseline, and just about everything. Doc, I need your help to stop these blisters! I am running the ING NYC Marathon and don't want to be a mess after the race!"
503,"In doing so, the belief that a physical, Newtonian material universe that was at the very heart of scientific knowing was dropped, and the realization that matter is nothing but an illusion replaced it. Scientists began to recognize that everything in the Universe is made out of energy."
504,"Infra-red waves have a wavelength which is shorter than microwaves, but still longer than visible light. Infra-red waves are basically heat energy emitted by hot objects which … travel in the form of electromagnetic waves."
505,while we re working on approving your loan application there are a few important steps to take to make sure your home is in good condition and sufficiently insured here s what to expect from the last few steps before closing on your home
506,"A recession is a period of at least two quarters of GDP contraction which usually involves job losses, reduced corporate profits and lower government revenue."
507,The term refers to the general aspects of biological form and arrangement of the parts of a plant or an animal. The term anatomy also refers to the study of biological structure but usually suggests study of the details of either gross or microscopic structure.
508,Dacia Clark was driving between Byron and Rochester a few weeks ago when she hit a patch of ice and rolled her car three times. The Kasson-Mantorville High School sophomore and her passenger were unharmed. Each had worn a seatbelt. But that frightening moment hit home April 6 during a mock car...
509,** Clinical Performance Manager™ (CPM) is the Allscripts solution for Meaningful Use Clinical Quality Measure and Functional Measure reporting. CPM is purchased separately from Sunrise Ambulatory™.
510,"Here is a graphic of the muscles used in push ups. Compare it with the following about bench press. Both will give you a bigger chest and some more arm and shoulder size. Push ups work the stomach more. I've been working out in the gym for more than 40 years. My advice to anyone who will listen is to do a lot of push ups. Yes, I know the bench will get you stronger than push ups, but it is push ups that will allow you to bench when you get my age."
511,"Another way to find information is to use a reverse phone lookup website. These type of sites offer a tool called a reverse phone lookup which will find information on a phone number. Some of the information returned is name, address, possible relatives, etc.Most of these sites have information on cell phone numbers, unlisted numbers, and business phone numbers.The only problem with using these sites is that most of them charge a fee to run a reverse phone lookup on a cell phone number.here are a ways to find this information but it takes patience (and $ most of the time). If you are looking for a free reverse cell phone number lookup then we would recommend first trying our reverse cell phone lookup."
512,"In the United States, a chemical peel costs from $600 to $900 on average. However, the cost of your chemical peel will vary widely depending on the type of peel you choose, the cost of living in your region, and other factors, and may be as low as $150 for a light peel and as high as $6000 for a deep peel.atients should consider that a deep chemical peel requires a longer recovery period that will prevent them from returning to work for at least two weeks. Deep chemical peels cost between $2500 to $6000, which includes consultation, anesthesia, and follow-up care."
513,"Dietary fat and cholesterol. 1  HDL cholesterol is the good kind of cholesterol found in your blood. 2  LDL cholesterol is the bad” kind. 3  The key is to keep LDL levels low and HDL high, which may protect against heart disease and stroke."
514,"Suicide (French: Le Suicide) is an 1897 book written by French sociologist Émile émile. Durkheim it is ostensibly a case study of, suicide a publication unique for its time that provided an example of what the sociological monograph should look. likeuicide (French: Le Suicide) is an 1897 book written by French sociologist Émile émile. durkheim"
515,"The vowels are A, E, I, O, and U. Numerology considers all other letters to be consonants, except the letter Y. When determining if the Y is a vowel or a consonant in a numerology chart, the basic rule is this: When the letter serves as a vowel, and in fact sounds like one, it is a vowel. The same is true when the Y serves as the only vowel in the syllable."
516,"Adjustment, in psychology, the behavioral process by which humans and other animals maintain an equilibrium among their various needs or between their needs and the obstacles of their environments. A sequence of adjustment begins when a need is felt and ends when it is satisfied. Hungry people, for example, are stimulated by their physiological state to seek food. When they eat, they reduce the stimulating condition that impelled them to activity, and they are thereby adjusted to this particular need."
517,"Degrees Offered in This Program. Associate of Arts. The Fashion Design Associate of Arts (A.A.) Program is a 90-unit degree program. Associate of Arts, Professional Designation. The Fashion Design Associate of Arts (A.A.) Professional Designation Program is a 57-unit degree program open only to those who already hold a college degree. What Comes Next."
518,"The sedimentation rate (sed rate) blood test measures how quickly red blood cells (erythrocytes) settle in a test tube in one hour. The more red cells that fall to the bottom of the test tube in one hour, the higher the sed rate."
519,"Osteon: tube shaped structure in bones with an open space for blood vessels, veins, and nerves in the center. Platelet: a small cell fragment without a nucleus that helps stop blood the flow of blood when the body is injured."
520,"The Story of the Fourth of July. We celebrate American Independence Day on the Fourth of July every year. We think of July 4, 1776, as a day that represents the Declaration of Independence and the birth of the United States of America as an independent nation."
521,"Ronda Rousey and Holly Holm were originally slated to square off at UFC 195 in Las Vegas on Jan. 2, but their fight has been bumped up and shifted across the globe."
522,"Metal Mulisha hats come in two main styles: brimmed hats and beanies. Both brimmed hats and beanies are available in the Metal Mulisha Maidens AXS accessory collection for women and the Men's collection. Men's and women's Metal Mulisha hats share some general design traits, but have a very different approach to style."
523,"Dear Friend, Because steroids (in this case, prednisolone) can cause gastritis, and several other stomach-related adverse effects, doctors often prescribe anti-acid medication such as Omeprazole alongwith.Omeprazole, normally, does not cause the symptoms you report.It may even be prescribed to some patients that have these symptoms! In your case: 1. You may not, individually, be 'tolerating' either the Omeprazole, the steroid, or any other medication you might have been prescribed alongwith. 2.ear Friend, Because steroids (in this case, prednisolone) can cause gastritis, and several other stomach-related adverse effects, doctors often prescribe anti-acid medication such as Omeprazole alongwith."
524,"We apologize, the Color Compass® Quiz is currently under construction for this mobile device. In the meantime, visit our site on your desktop or laptop to use Color Compass® Quiz. If you’d like us to notify you when Color Compass® Quiz is available please enter your email address.*."
525,"He was the third of four children of Joseph Ruggles Wilson (1822–1903) and Jessie Janet Woodrow (1826–1888). Wilson's paternal grandparents immigrated to the United States from Strabane, County Tyrone, Ireland (now Northern Ireland), in 1807."
526,"Creating a contra account for payables and receivables in a bartering situation is advantageous to both parties who have something to offer, but no real cash. These transactions, however, must appear on the books because I now own a piece of equipment that is an asset and will depreciate."
527,"In a civil case, the person serving the subpoena should give you cash or a check for these costs when you are served with the subpoena. In a criminal case, you will be paid after you travel to the designated place and testify as a witness."
528,"Class B airport has a modern runway ready to receive aircraft with landing weight up to 220 tonnes (220 long tons; 240 short tons) and to hold eight  IL-76  aircraft equipped with lighting, radio and navigation equipment.n 1993, the new passenger terminal was built. In that year the airport received its certiciate for the third category of International organization of passenger aviation (IKAO) as an airport for internal flights in the USSR with the right to accept Ty-134 airplanes and airplanes of similar classes."
529,"National monuments can be so designated through the power of the Antiquities Act of 1906. President Theodore Roosevelt used the act to declare Devils Tower in Wyoming as the first national monument.ational monuments can be managed by one of several federal agencies: the National Park Service, United States Forest Service, United States Fish and Wildlife Service, or the Bureau of Land Management."
530,"Mermaid’s Purse. These hard dried out egg cases can often be found washed up on the beach. They have the magical name of ‘mermaid’s purse’. In reality, they are the empty egg cases of a dogfish, skate or ray, each species looking slightly different. In these fish, the egg is fertilised by the male inside the female’s body and she then lays them in pairs in these egg cases."
531,"Charlevoix Court. Find Charlevoix Michigan courts and courthouses, such as federal, state, district, superior, criminal, common, circuit, judicial, judiciary, divorce, appeals, family, traffic, and small claims courts. Courts provide information on legal cases, law documents, case searches, and appeals. Charlevoix Court."
532,The issue is much. different for municipal policing.8. § Close analysis of these [racial profiling] studies. show that the presence of harassment is either not. supported scientifically or is only one of several. conclusions. One major flaw in many of these. studies is the use of racial population distributions.
533,"Symptoms. Signs and symptoms of shigella infection usually begin a day or two after contact with shigella, but may take up to a week to develop. Signs and symptoms may include: 1  Diarrhea (often containing blood or mucus). 2  Abdominal pain or cramps. 3  Fever."
534,"What are keloid scars? Keloid scars are firm, smooth, hard growths due to spontaneous scar formation. They can arise soon after an injury, or develop months later. Keloids may be uncomfortable or itchy, and may be much larger than the original wound."
535,"Answered by The Community. Making the world better, one answer at a time. the duties of assistant purchasing officer is to find the resource required by an organization within a budget and dead line,and then to do all extra work that can be told by his/her purchasing officer.he duties and responsibilities of an Assistant Enforcement Office  are mainly to inspect and monitor employees working in various  departments. They also have a responsibil … ity of reporting to the  various departmental heads."
536,"Sciatica is pain, tingling, or numbness produced by an irritation of the nerve roots that lead to the sciatic nerve. The sciatic nerve is formed by the nerve roots coming out of the spinal cord into the lower back. It goes down through the buttock, then its branches extend down the back of the leg to the ankle and foot."
537,"Fujita scale. The Fujita scale (F-Scale), or Fujita–Pearson scale (FPP scale), is a scale for rating tornado intensity, based primarily on the damage tornadoes inflict on human-built structures and vegetation."
538,"Unlike many other ethnic groups in the United States, Creoles did not migrate from a native country. The term Creole was first used in the sixteenth century to identify descendants of French, Spanish, or Portuguese settlers living in the West Indies and Latin America."
539,"Vitamin B-12 and other B vitamins play a role in producing brain chemicals that affect mood and other brain functions. Low levels of B-12 and other B vitamins such as vitamin B-6 and folate may be linked to depression. Low levels of a vitamin can result from eating a poor diet or not being able to absorb the vitamins you consume. Older adults, vegetarians and people with digestive disorders such as celiac disease or Crohn's disease may have trouble getting enough B-12."
540,"Proper use: Hydrosone is for external use only. It should not be used in or around the eyes, applied to large areas of the body, or used to treat vulvar itching associated with vaginal discharge. Do not use for more than 7 days."
541,Disability Access: How to File an ADA Title III Complaint. Title III of the Americans with Disabilities Act (ADA) prohibits discrimination based on disability in public accommodations.
542,"Spider plants, also commonly known as ribbon plants, spider ivy, St. Bernard's lily or airplane plants, are perennial members of the lily family. Easy to grow as house plants, spider plants propagate themselves by shooting off baby plants, or plantlets, while the mother plant continues to grow in size."
543,"New Gosh is a combination of human beings who live & work, who love & suffer, who worry & hope. No two people are alike. The one thing we hold in common is our faith in Jesus Christ. Easter Sunday."
544,"Answers. Best Answer: The question is, why is your account locked. If you were banned for some reason you need to fill out the appeal form to see if they will lift the ban or shorten it for you. If you account was stolen, you still need to contact Runescape to see if they can help.You can also post for information to the Forum that deals with this. If you account is locked you should also have an e-mail from Jagex in your Runescape user mail box.Without knowing why your account is locked this question is hard to answer, but the info above should give you a start on fixing the situation.f you were banned for some reason you need to fill out the appeal form to see if they will lift the ban or shorten it for you. If you account was stolen, you still need to contact Runescape to see if they can help. You can also post for information to the Forum that deals with this."
545,"show more 1.how many molecules are in: 5.0g of water? and 96g CCl4? 2.calculating the number of grams of sodium in 7.4g of: NaCl, Na3Po4, NaC7H5O2? 3.how many moles of O (oxygen) are in 15.0 mol Fe(NO3)3? 4.How many moles of gold atoms do 3.8×1024 gold atoms constitute?5.How many water molecules are in a block of ice....How many water molecules are in a block of ice containing 0.500 mol of water (\rm H_2O)? 6.Suppose a piece of silver jewelry contains 6.71×1022 atoms of silver (\rm Ag)."
546,"The ResellerRatings seal must pass a series of requirements based upon review acquisition recency, volume and maintained ratings. From time to time these requirements are slightly modulated as to ensure it makes sense with our changing algorithms."
547,"With Reverso you can find the German translation, definition or synonym for vulgo and thousands of other words. You can complete the translation of vulgo given by the German-English Collins dictionary with other dictionaries: Wikipedia, Lexilogos, Langenscheidt, Duden, Wissen, Oxford, Collins dictionaries..."
548,"Detail salary structure of Assistant Station Master (ASM) of Indian Railway Service. Assistant Station Master (ASM): Pay Scale 5200-20200 Grade Pay 2800. With Example, for first year training period and after completion of training."
549,"IN SEARCH OF AN ANSWER. It may be difficult to find, but it's not impossible. And CD Projekt Red doesn't shy away from it, either. Last week, the developer announced two paid downloadable add-ons for The Witcher 3. To quantify their size, the developer said they amount to more than 30 hours of play time."
550,"So by age 8, children should have all eight of their permanent incisors in place. After a two-year break (about age 10), the next four baby teeth to be lost are the lower canines and upper first molars. These are typically followed around age 11 by the lower first molars."
551,"1 To find sin (x/2), we use the following half angle formula. 2  sin (x/2) = + or-SQRT [ (1 - cos x) / 2 3  ]. sin (x/2) = SQRT [ (1 - cos x) / 2 4  ]. Given that sin (x) = 1 / 4, we use the trigonometric identity sin x + cos x = 1 to find cos x, noting that x is in quadrant 2 and cos x is negative.uestions 2: x is in quadrant 3, approximate sin (2 x) if cos (x) = - 0.2. Round your answer to two decimal places. Solution to Question 2: 1  sin (2x) may be calculated using the double angle trigonometric identity. 2  sin (2x) = 2 sin (x) cos (x)."
552,"This category is for questions and answers related to King Kong, as asked by users of FunTrivia.com. Accuracy: A team of editors takes feedback from our visitors to keep trivia as up to date and as accurate as possible. Related quizzes can be found here: King Kong Quizzes. There are 57 questions on this topic."
553,"The Horsehead Nebula is a dark nebula in the constellation Orion. The nebula is located just to the south of the star Alnitak, which is farthest east on Orion's Belt, and is part of the much larger Orion Molecular Cloud Complex."
554,"Classpath is a parameter—set either on the command-line, or through an environment variable —that tells the Java Virtual Machine or the Java compiler where to look for user-defined classes and packages.imilar to the classic dynamic loading behavior, when executing Java programs, the Java Virtual Machine finds and loads classes lazily (it loads the bytecode of a class only when the class is first used)."
555,"Daniel Mowrey recommends: Taken by itself, one 300 mg capsule at each meal or at two of three meals per day is sufficient. Combined with other herbs anywhere from 50 mg to 150 mg is sufficient. (28) Dr. Dukes recommendation on how to take it and how much is as follows: Im all for enjoying turmeric in fabulous food."
556,1 Return or exchange your Fandango ticket(s) at least 2 hours before your movie start time. 2  We'll refund your credit card or we can credit your Fandango account to use for another movie. 3  Your choice.
557,"The cell membrane, or plasma membrane, surrounds and protects the internal environment of a cell; however, this is not its only function. A cell membrane also determines what materials enter or leave the cell. This ensures that the cells will be able to get rid of wastes and take up important nutrients and gases."
558,"Richard Nixon 37th U.S. President About President Nixon: He served as vice president under Republican President Dwight D. Eisenhower from 1953-61. Nixon ran unsuccessfully for the presidency in 1960, losing by a very close margin to John F. Kennedy.In 1962, Nixon ran unsuccessfully for Governor of California.bout President Nixon: He served as vice president under Republican President Dwight D. Eisenhower from 1953-61. Nixon ran unsuccessfully for the presidency in 1960, losing by a very close margin to John F. Kennedy."
559,deposit Money paid to ensure performance under a written or oral contract.Many states require that lease and other such deposits be maintained in escrow accounts and earn interest which must be paid to the party when the deposit is refunded.All real estate brokers must place earnest money deposits in escrow accounts.
560,"What do employers do when employees provide too much notice of resignation? June 2, 2011 Stuart Rudner, Rudner Law Employment/Labour Standards, Human Resources An oft-overlooked issue is the amount of notice that employees must give their employer when they leave. According to Sure-Grip Fasteners Ltd. v. Allgrade Bolt & Chain Inc. (1993), 45 C.C.E.L. 276 (Ontario General Division), “an employee is obligated by law to give reasonable notice of termination to his or her employer. The main purpose of the notice of resignation is to allow the employer a reasonable time to find a replacement.”"
561,"A New Way to Diagnose Depression? A urine test can detect pyrrole depression, while blood testing can identify the other biotypes. Walsh said a physician-training program is in place to expand the testing throughout the world. Last month, 66 doctors from Australia were trained in the approach, and training for U.S. physicians will take place in October."
562,Related Questions. 1  How do I replace the serpentine belt 2 answers What are the steps needed to replace the serpentine belt? 2  how do i remove the serpintine belt? 2 answers. 3  How do I loosen the serpentine belt on a 2001 chevrolet silverado 1500 extended cab with a 4.8 liter engine? 2 answers.
563,"Mix 1/4 cup listering, 1/4 cup of vinegar and 1/2 cup warm water. Soak feet for 10 minutes and when you take them out the dead skin will practically wipe off."
564,"From the earlier form je-quoll, from Guugu Yimidhirr dhigul. Recorded by Banks (quote below) but then virtually forgotten for 150 years, with the term native cat used instead. Today readopted and gaining in popularity."
565,"Since most calendars show time horizontally, not vertically, most people tend to show data organized by dates and times horizontally. The QI Macros will draw the chart either way, but the best way is vertically."
566,"Body Fat Percentage is the proportion of fat to the total body weight. Body Fat Mass is the actual weight of fat in your body. Body fat is essential for maintaining body temperature, cushioning joints and protecting internal organs. The energy, or calories, our body needs comes from what we eat and drink."
567,"Holidays Christmas sleigh bells; Halloween creak, creature, evil laugh, ghost, howl, monster, scream, witch; Independence firecrackers, fireworks; New Year's balloon, party horn, pop cork; Thanksgiving turkey."
568,"The term bogan (/ˈboʊɡən/) is an Australian and New Zealand slang word that can be used to describe a person with a lower working-class background, or whose speech, clothing, attitude and behaviour exemplify a gratified working class mentality and depending on the context, can be pejorative or self-deprecating.n 2007, Microsoft deemed bogan to be one of twenty colloquialisms most relevant to Australian users when the word was added to the dictionary of Microsoft Office 2007. The word entered the Oxford English Dictionary in June 2012."
569,"1 Muscular Power Tests - Tasks requiring the individual to overcome some initial resistance (e.g., loosening a nut on a bolt) 2  Muscular Endurance Tests - Tasks involving repetitions of tool use (e.g., removing objects from belts)  Cardiovascular Endurance Tests - Tasks assessing aerobic capacity (e.g., climbing stairs)"
570,"Concrete Patio Flooring. A simple surface of concrete can provide a quick and cost effective solution if you are working to a limited budget. Although not the most attractive of patio flooring surfaces, it is functional and durable, provided you use the right concrete mix and lay it with care."
571,I have a bird in my backyard that every morning makes a three tone song or call that sounds very similar to the last three notes of Rue's Song from the Hunger Games. Everyone thought I was crazy but since then I have had two different people tell me they have heard this bird as well. Update: 0:02-0:03 last three notes of the very first whistle.
572,"References. Great Basin National Park, located in the eastern portion of the state of Nevada, preserves a small section of America's vast Great Basin."
573,Market trends help you understand the movement of key price indicators. Trends in Plano show a 2% week-over-week rise in average listing price and a -2% drop in median rent per month. View More
574,OFAC has specific reporting requirements in order to meet compliance: Initial OFAC Report. A rejected or blocked transaction must be reported to OFAC within 10 days. The OFAC report must contain the financial institution's name and address. The name and title of the contact person should be included in the report.
575,"More results for wildtangent unlock code nancy drew. Nancy Drew: Ghost Dogs of Moon Lake. For those who love mysteries and detective stories, Nancy Drew series is designed for them. This series includes a complete list of titles which represent different missions for Nancy Drew to solve.ancy Drew: The Haunting of Castle Malloy. For those who love mysteries and detective stories, Nancy Drew series is designed for them. This series includes a complete list of titles which represent different missions for Nancy Drew to solve."
576,"Compared to the rest of the country, Greenback's cost of living is 14.30% Lower than the U.S. average. POPULATION. As of 2014, Greenback's population is 1,076 people. Since 2000, it has had a population growth of 6.96 percent."
577,Art. Art Materials and General Art Terms (221) Art Perspective (45) Art Styles/Movements (62) Artist Anatomy (72) Artists/Craftpersons (8) Business Art (29) Calligraphy (71) Ceramic Art (48) Color (73) Drawing (66) Jewelry (0) Painting (94) Photography (5) Print Making (58) Sculpture (21) Craft. Blown glass (1) Carpets/Rugs (13) Leather (15) Measures (2) Mosaics (2)
578,"Historic Temperatures for 16th April in Nassau. Weather Overview for Nassau. Nassau is a popular resort within the sundrenched Bahamas. This is also the capital city of New Providence, and is home to a plethora of activities and experiences for visitors to enjoy. Of course, the Bahamas are also known to be extremely sunny, and there is no exception here!"
579,"Oh sure, we can do calculations all day long to figure out that last week we installed a 430 sf patio for Mrs. Jones for $6,785.00, and yes, with some quick math, we know that it was installed for $15.78 per square foot."
580,"In building construction, a plenum (pronounced PLEH-nuhm, from Latin meaning full) is a separate space provided for air circulation for heating, ventilation, and air-conditioning (sometimes referred to as HVAC) and typically provided in the space between the structural ceiling and a drop-down ceiling.n buildings with computer installations, the plenum space is often used to house connecting communication cables. Because ordinary cable introduces a toxic hazard in the event of fire, special plenum cabling is required in plenum areas."
581,"Share on Google Plus. Osteoarthritis, the most common type of arthritis, occurs when the cartilage on the ends of your bones wears down. This can cause pain and stiffness in the joints, swelling, muscle weakness, and a reduced range of motion in the affected joints.Osteoarthritis can occur in any joint, but is most often found in the hands, hips, knees, or spine.t is fairly common for osteoarthritis to occur in the vertebrae of the spine, but osteoarthritis in the spine qualifies for disability benefits only under certain conditions. To meet the requirements of the listing for spinal disorders, you must have a diagnosis of osteoarthritis in your spine and one of the following:"
582,"We are in the same boat. Mine are a totally different color than yours, but they aren’t green, blue, gray, or brown. They “change colors”, as people say are characteristic for hazel. But even if they didn’t, there’s never a distinct color. I go with hazel. Yours have a distinct green color in the picture you uploaded."
583,"Immigration Reform & What It Means for Immigrants Now. Immigration Reform & What It Means for Immigrants Now. President Obama's announcement to stop the deportation of some undocumented immigrants who were brought to the U.S. as youths, sent ripples through many sectors of government from politicians to immigration law attorneys."
584,"As their scientific name Allium proliferum states, these hardy little onions are very prolific.. After planting them in your garden you will have onions every year for years to come! Egyptian Walking Onions are also called Tree Onions, Egyptian Tree Onions, Top Onions, Winter Onions, or Perennial Onions.."
585,"10-inches thick - covers 32 square feet. 12-inches thick - covers 27 square feet. For example, let's calculate how much concrete is needed for a 5-inch thick rectangular driveway, 60-feet long (length) and 18-feet wide (width). The area of the driveway is 1,080 square feet (60-feet x 18-feet)."
586,"Toys are an important part of children’s daily recreation. You want to get your child a toy he or she will adore but without the expense of spending a bundle. For a variety of toys both classic and new that won’t leave you penniless, check out these best toy stores in OC."
587,"The song was very well received, and is one of the most recognizable songs recorded by Loggins. It won Grammy for Song of the Year (1985). When the American Film Institute released its AFI's 100 Years…100 Songs, Footloose reached the 96th position.The song was covered by country music artist Blake Shelton for the 2011 remake of the 1984 film.The song has also been parodied by Weird Al Yankovic (Hooked on Polkas).t won Grammy for Song of the Year (1985). When the American Film Institute released its AFI's 100 Years…100 Songs, Footloose reached the 96th position."
588,"The root cause of psychological erectile dysfunction symptoms can vary. Sometimes it’s external stress, such as work or family, or internal stress stemming from a lack of sexual self-confidence. Identifying symptoms caused by psychological factors are done by analyzing current mental symptoms."
589,"Membranophones, where … the sound is generated by a vibrating skin eg. a drum.   Aerophones, where an oscillating air column is used to produce a tone eg. a flute or organ.   Idiophones, where the actual body of the instrument provides the tone eg. a xylophone or castanets."
590,"I understand that this document is required to be filed with, and delivered to, the vendor as agent for the Tax Department for the purposes of Tax Law section 1838 and is deemed a document required to be filed with the Tax Department for the purpose of prosecution of offenses."
591,"Under proportional reinsurance, one or more reinsurers take a stated percentage share of each policy that an insurer issues (writes). The reinsurer will then receive that stated percentage of the premiums and will pay the stated percentage of claims."
592,"Conversely, a low TSH reflects either a low need or desire for thyroid hormone or a low tolerance for the thyroid hormone and is meant to reduce thyroid hormone production. An optimal value of TSH means the thyroid hormone levels match the body’s energy needs and/or ability to utilize the energy."
593,"This is the point where our cyst has become the center of a localized infection, and it would be called an abscess sebaceous cyst. Abscess can occur on many different types of tissue. For example, the surface of an organ or even bone are two internal locations. Frequently seen by oral surgeons on any number of surfaces of the mouth, gum, tongue, throat and neck physiology. Sometimes confused with a sebaceous cyst is a lipoma or ‘fatty tumor’."
594,"How to Enjoy Mesquite Powder. Our organic mesquite powder has a sweet caramel-like flavor, with a hint of nuttiness. Mesquite can be used in breads, biscuits, baked goods, and dietetic desserts.Unlike white flour, mesquite powder does not cause spikes in blood sugar levels so it is an ideal sweetener for diabetics.ow to Enjoy Mesquite Powder. Our organic mesquite powder has a sweet caramel-like flavor, with a hint of nuttiness. Mesquite can be used in breads, biscuits, baked goods, and dietetic desserts."
595,"Recent Articles. The ups and downs of small town dating Westward Ho! Chicago Native Lands Dream Job, Adopts New Hometown Fastest Growing Markets for Singles in the U.S. (An infographic) 10 Best Cities for Singles They Visited Every County in the U.S. (3,143) Best U.S. Cities for Bees I Got a Job In Another City."
596,"In bacteria, all transcription is performed by a single type of RNA polymerase. This polymerase contains four catalytic subunits and a single regulatory subunit known as sigma (s). Interestingly, several distinct sigma factors have been identified, and each of these oversees transcription of a unique set of genes."
597,"A pulmonary embolism is a blockage in an artery in the lungs. A pulmonary embolism is a potentially life-threatening condition that is usually caused by a blood clot that travels to the lung from a vein in the leg. Research Hospital Ratings, Talk to Your Doctor."
598,"But now that you've seen the actual results, you can see this simply isn't true. Januvia and glipizide failed for 54% of those who tried them over two years and over one years far more people found it worthless compared to those who tried glipizide. The impact on blood sugar was functionally insignificant for both."
599,"Recently Uber, Lyft and Sidecar began rolling out a new type of service that lets their customers share their rides with strangers picked up along the way to their destination, then split the fare. Each company has its own brand name—UberPool, Lyft Line and Sidecar’s Shared Rides—but essentially they work the same way."
600,"By the numbersAccording to the Bureau of Labor Statistics, the average American worker got paid $24.57 per hour in December, or $850.12 per week. That was up from $24.17 per hour and $829.03 per week a year ago.However, average income can be misleading given that wages differ significantly from industry to industry.For example, utilities employees were the best paid workers in December, earning an average $35.86 per hour, or $1,509.71 per week.hat was up from $24.17 per hour and $829.03 per week a year ago. However, average income can be misleading given that wages differ significantly from industry to industry. For example, utilities employees were the best paid workers in December, earning an average $35.86 per hour, or $1,509.71 per week."
601,"The major with the highest average starting salary in 2014 is engineering at $62,719, up 0.3 percent from last year’s $62,535, followed by computer science at $61,741. Despite the decrease this year, business starting salaries ranked third-highest.he average starting salary for students graduating this year with a business major – including accounting – has declined slightly over the last year, according to the latest salary survey from the National Association of Colleges and Employers (NACE) ."
602,"The label released Blondie's debut, also produced by Gottehrer, in December 1976. The group expanded its cult following to the West Coast with shows at L.A.'s Whisky-a-Go-Go in February 1977 and opened for Iggy Pop on a national tour."
603,"Scotch Ales are strong ales, also known as Wee Heavy. In the 19th century Scotland, they'd also be known as 160/-, a nomenclature based on the now obsolete shilling currency. Scotch Ales traditionally go through a long boil in the kettle for a caramelization of the wort. This produces a deep copper to brown in colored brew."
604,"Noun. ( 1 nautical) A system of ropes and blocks used to increase the force applied to the free end of the rope. ( 2 fishing, uncountable) Equipment (rod, reel, line, lure, etc.) used when angling. ( 3 uncountable, informal) By extension, any piece of equipment, particularly gadgetry."
605,"Hydrofluoric acid (HF) has a number of chemical, physical and toxicological properties, which make handling this material especially hazardous. Anhydrous HF is a clear, colorless, fuming, corrosive liquid. HF is also available in the gaseous state."
606,"1 Confirm that the appeal hearing/meeting is a result of the decision of a (disciplinary/capability/sickness capability/ grievance) panel (providing the date of original hearing/meeting and its outcome), and that the appeal will be heard in line with the relevant procedure."
607,Calcium has an odd number of valence electrons in its outer shell. Calcium will lose two valence electrons to achieve the stable configuration of argon. Calcium is a reactive alkaline-earth metal found in group 2 of the periodic table.
608,"The Mayo Clinic recommends that aloe vera can be used to relieve constipation, but sparingly. They advise that a dose of 0.04 to 0.17 grams of dried juice is sufficient. If you have Crohn’s disease, colitis, or hemorrhoids you shouldn’t consume aloe vera."
609,"Asia   Japan is located in the eastern part of Asia, on the China sea and the sea of Japan. 32 people found this useful."
610,1 Each user can access personal data in real time from any device. 2  Each user can access personal data from any location with Internet access. 3  Each user can integrate personal data such as calendars and contact lists served by diverse application programs.
611,"Check with your doctor. Ginger seems to help with nausea caused by vertigo as well. There's mixed evidence about whether ginger helps with nausea caused by motion sickness, surgery, or chemotherapy. Ginger does seem to help with painful periods.In one study, more than 60% of women felt that ginger lessened pain.here's mixed evidence about whether ginger helps with nausea caused by motion sickness, surgery, or chemotherapy. Ginger does seem to help with painful periods. In one study, more than 60% of women felt that ginger lessened pain."
612,"Sprinkles these healthy seeds into your yogurt or smoothies and you the energy you need to fuel your day. Chia seeds give you stable energy because of their great ratio of protein, fats and fiber combined with the fact that they're low-carb, says Carolyn Brown, MS, RD at Foodtrainers on Manhattan's Upper West Side."
613,"Van Halen. The band went on to become major stars, and by the early 1980s they were one of the most successful rock acts of the time. 1984 was their most successful album. The lead single, Jump, became an international hit and their only single to reach number one on the Billboard Hot 100."
614,"One, the most common, is the easiest to recycle; ones are typically soda bottles and other plastic food containers and bottles. Twos--milk jugs, laundry detergent containers, shampoo bottles--are commonly recyclable as well. Threes through sevens are manufactured from types of plastic that are rarely recyclable."
615,"Care must be taken to avoid confusing generic Macrobid with generic Macrodantin® (nitrofurantoin macrocrystalline), a similar medication that is taken four times a day. The generic names are quite similar and are often abbreviated in order to fit on prescription labels. While most pharmacists are aware of this potential problem and are careful to avoid confusing the two, it is a good idea to check with your pharmacist if your generic Macrobid looks different from the Macrobid pills you have received before."
616,"Miriam Schapiro is a leading figure in the feminist art movement. Often tied to the 1970s era Pattern and Decoration movement, Schapiro creating a path forward for herself and her colleagues as she worked to resurrect the reputations of women artists who had been forgotten or dismissed by art historians."
617,"kik Hack spy tool for Android and iOS, which will help you to hack kik messages of your friends & family easily. Updated 2015. kik hacker. kik hack tool. kik hacker download. kik hack app. kik hack download. kik hack and spy. kik hack spy tool. kik hacker free."
618,An accounting audit trail incorporates all paperwork and electronic evidence that shows the operational journey a transaction goes through from the day corporate personnel sign the underlying contract to the time the transaction makes it into financial statements.
619,"Jessica White is a budding supermodel. She has been called “the model of her generation” by Tyra Banks, and became the first African-American model to appear in three consecutive SI swimsuit issues in 2005. Click here for more pictures of Jessica White!"
620,"- the dipole antenna or dipole aerial is a key element in the antenna environment. It can be used on its own or as part of another antenna system. Dipole tutorial includes. The dipole antenna or dipole aerial is one of the most important and commonly used types of RF antenna. The dipole aerial or antenna is widely used on its own, but it is also incorporated into many other RF antenna designs where it forms the radiating or driven element for the overall antenna."
621,"For one thing, the book has a seething energy that sweeps you along. Sinclair was a self-important moralist and a glutton for work, as Anthony Arthur relates in a new biography, Radical Innocent: Upton Sinclair, and his outsized drive to put words on paper seems to have preceded any other ambition."
622,The Tomatometer rating – based on the published opinions of hundreds of film and television critics – is a trusted measurement of movie and TV programming quality for millions of moviegoers. It represents the percentage of professional critic reviews that are positive for a given film or television show. Fresh.
623,"According to LoLking (http://www.lolking.net/champions/), the current top 10 win-rate champions in order: 1  Amumu (14.29% popularity, 55.59% win rate) 2  Fiora (7.9% popularity, 54.55% win rate) 3  Rammus (4.65% popularity, 54.43% win rate)  Warwick (14.46% popularity, 54.31% win 1  rate) Rumble (1.43% popularity, 54.17% win rate)"
624,"Renewable energy is energy generated from natural resources—such as sunlight, wind, rain, tides and geothermal heat—which are renewable (naturally replenished).Renewable energy technologies range from solar power, wind power, hydroelectricity/micro hydro, biomass and biofuels for transportation.Renewable energy is energy that is generated from natural processes that are continuously replenished.This includes sunlight, geothermal heat, wind, tides, water, and various forms of biomass. This energy cannot be exhausted and is constantly renewed.enewable energy technologies range from solar power, wind power, hydroelectricity/micro hydro, biomass and biofuels for transportation. Renewable energy is energy that is generated from natural processes that are continuously replenished."
625,1 A Registered Kennel Name cannot be included in a dog's name unless its use is authorized by the owner of the name. 2  Roman numerals must not be included at the end of the dog's name. 3  The AKC reserves the right to assign roman numerals for identification purposes.
626,The generic ingredient in WELCHOL is colesevelam hydrochloride. There are ten drug master file entries for this compound. Additional details are available on the colesevelam hydrochloride profile page.
627,"Cilantro, also known as Chinese parsley, is the leaf of the coriander plant. The spice coriander is the seed. The names cilantro and coriander are sometimes interchanged. In England, for example, only the word coriander is used and they are differentiated by referring to the coriander seed or coriander leaf.ilantro, also known as Chinese parsley, is the leaf of the coriander plant. The spice coriander is the seed. The names cilantro and coriander are sometimes interchanged. In England, for example, only the word coriander is used and they are differentiated by referring to the coriander seed or coriander leaf."
628,"We have a few other tricks to try if you're calling Amica - Auto Insurance, and if you are already viewing this on a phone or call-capable device, then you can click or tap below to just start a call. 1  Have Amica - Auto Insurance call you insteadCall Amica - Auto Insurance using our web-phoneDial 800-242-6422 now."
629,"Acute Kidney Injury. Acute kidney injury is a condition where your kidneys suddenly stop working properly. Usually this happens when you are unwell from another illness. If you have acute kidney injury you are often already ill in hospital. If not, you will usually be sent to hospital to be looked after."
630,"Formation [edit]. Neurofibrillary tangles are formed by hyperphosphorylation of a microtubule-associated protein known as tau, causing it to aggregate, or group, in an insoluble form.(These aggregations of hyperphosphorylated tau protein are also referred to as PHF, or  paired helical filaments ).t was found that only an increase in neurofibrillary tangle load was associated with severity of aggression and chronic aggression in Alzheimer's patients. While this study does indicate a correlation between NFT load and severity of aggression, it does not provide a causative argument."
631,"English Meaning: The name Darby is an English baby name. In English the meaning of the name Darby is: Deer Park, from the surname and place name Derby. Also 'Without envy."
632,"Thie page will explore the ethical issues behind using animals in entertainment, including cirucses, zoos, rodeos, racing, cockfighting, and dog fighting. Issues will include confinement of wild animals in captivity, and the ethics of training and forcing animals to perform and fight."
633,"Sanders could pass for 75 to 83, Hillary looks older than Trump, even though she's younger than he is. Trump isn't easy on the eyes, but he just doesn't seem that feeble, and his hair isn't grey."
634,"The more rooms, the better. The real power of a Sonos system kicks in when you add more speakers. Suddenly you’re playing different songs in different rooms. Or grouping all your speakers together to blast one big jam to every room at once."
635,"Purchase by a company of its shares. A company may purchase any of its shares (whether or not they are expressed to be redeemable) under CA 2006, sec690 - sec708. The purchase can be by means of a market purchase (PLCs only) or an off-market purchase.he company must keep a copy of any contract to purchase its own shares, or a memorandum of its terms if it was not in writing, at its registered office for 10 years. It must be made available for inspection by members and, if a public company, by any other person. Financing redemption or purchase of own shares."
636,"Causes of vertigo. Vertigo is a symptom of several different conditions. There are two types of vertigo, known as peripheral and central, depending on the cause. Peripheral vertigo is the most common type, often caused by a problem with the balance mechanisms of the inner ear. 1  The most common causes include: 2  benign paroxysmal positional vertigo (BPPV) 3  head injury. 4  labyrinthitis. 5  vestibular neuronitis. 6  Ménière's disease. 7  taking certain types of medication."
637,"Bank Of Hawaii Guam A routing number is a nine digit code, used in the United States to identify the financial institution. Routing numbers are used by Federal Reserve Banks to process Fedwire funds transfers, and ACH(Automated Clearing House) direct deposits, bill payments, and other automated transfers."
638,"Formatting the First Page of Your Paper. 1  Do not make a title page for your paper unless specifically requested. 2  In the upper left-hand corner of the first page, list your name, your instructor's name, the course, and the date. 3  Again, be sure to use double-spaced text. 4  Double space again and center the title."
639,"LaGrange County's initial settlers were Yankee immigrants, that is to say they were from New England and were descended from the English Puritans who settled that region in the colonial era. They were part of a wave of New England settlers moving west into what was then the Northwest Territory after the completion of the Erie Canal."
640,"Directions. 1  1. For the Cake: Set oven rack to middle position and preheat oven to 350°F. Grease and flour three 8-inch round cake pans and set aside. 2  2. In bowl of a stand mixer fitted with a paddle attachment, cream butter, sugar and zest together on high speed until light and fluffy (about 3 minutes)."
641,"Effects of reduced tidal volume ventilation on pulmonary function in mice before and after acute lung injury. Thammanomai A, Majumdar A, Bartolak-Bartolák Suki, E Suki. B. dept Of Biomedical, Engineering Boston., Univ, BOSTON ma, 02215. usae investigated the influence of load impedance on ventilator performance and the resulting effects of reduced tidal volume (Vt) on lung physiology during a 30-min ventilation of normal mice and 10 min of additional ventilation following lavage-induced injury at two positive end-expiratory pressure (PEEP) levels."
642,"Vitamin D Deficiency & Jaw Pain. Jaw pain may be related to a vitamin D deficiency. Photo Credit Digital Vision/Digital Vision/Getty Images. Many people suffer from jaw pain caused by problems with the temporomandibular joint, also known as TMJ, a joint located near your ear that allows your lower jaw to function.hile vitamin D supplementation may help symptoms of jaw pain, there's not enough clinical research to fully support its benefits. If you suffer from chronic jaw pain, see a dentist. A number of treatments can help your symptoms."
643,"This video shows you how to open the hood in your 1999 Volkswagen Beetle. Popping the hood on your Beetle is a two step process, you need to release the hood latch inside your Beetle and then you need to release the safety latch under your hood in the front of your Beetle."
644,"When you file a tax return as Married Filing Separately, you and your spouse each report your own individual income, deductions, credits, and exemptions on different tax returns. If you file separate returns, you and your spouse are only responsible for your own individual tax liability.f you file a joint return, your refund is fair game because your tax liability has been combined with that of your spouse. If you want to protect your own refund money, you may want to file a separate return. You MIGHT get a bigger refund (or owe less tax) if you file separately. But this is not usually the case."
645,"DHS Offices and Service Providers for Marion County. DHS Family Community Resource Center in Macon County - Long Term Care. DHS Family Community Resource Center in Marion County. Hours: 8:30 a.m. - 5:00 p.m. Receives applications for Cash, SNAP, and Medical Assistance by fax, mail or in person. IDHS Human Services - (Spanish) DHS 4001 S. IDHS Human Services - DHS 4001. Show Map | Directions: To this Office | From this Office."
646,"Corgard is effective at treating symptoms of angina because it decreases the workload of the heart. This, in turn, means that the heart needs less oxygen and nutrient-rich blood to function properly at any given level of effort. Corgard does not cure this type of heart disease. When your blood pressure is measured, the results are given as a combination of two numbers (for example, 120/80, said as 120 over 80). The top number is known as the systolic blood pressure, and the bottom number is the diastolic blood pressure."
647,"The number of Native Americans living on reservations and trust lands vary substantially. According to the 2000 census, only ten reservations had a resident population of more than 7,000. These were the Navajo, Fort Apache, Gila River, Papago, Rosebud, San Carlos, Zuni Pueblo, Hopi, and Blackfeet reservations."
648,I need help with a computing problem. 1  Fill out this form to submit your issue to the UITS Support Center. 2  Please note that you must be affiliated with Indiana University to receive support. 3  All fields are required.
649,"Instill one drop of RESTASIS MULTIDOSE™ ophthalmic emulsion twice a day in each eye approximately 12 hours apart. RESTASIS MULTIDOSE™ can be used concomitantly with lubricant eye drops, allowing a 15-minute interval between products."
650,"(United States). An average Ultrasound Technologist in the United States can expect to take home roughly $28.45 per hour. Earnings generally vary between $19.85 per hour and $38.32. Experience level and the particular city each impact pay for this group, with the former having the largest influence. Most Ultrasound Technologists report high levels of job satisfaction."
651,HPV/Genital Warts. HPV vaccines protect against a very common sexually transmitted virus called HPV or human papillomavirus. HPV infects at least 50% of sexually active people at some point in their lives. The virus often clears from the body on its own.
652,"), officially the Republic of Rwanda (Kinyarwanda: Repubulika y'u Rwanda; French: Republique république Du), rwanda is a sovereign state in central and East. Africa located a few degrees south of The, Equator rwanda is bordered By, Uganda, Tanzania burundi and The Democratic republic of The. congo"
653,"Best Answer: The pink coolant is Toyota type SLLC (super long life coolant) and it is only available at the dealer. Do not use anything but SLLC in your car.To make it easier for you when you order it the part number is: 00272–SLLC2 and it comes pre-diluted 50/50 so you don't even have to buy any distilled water.an I buy the Toyota Coolant in the sales dept. , or the car should be serviced by Toyota inorder for them to topout fluids including the coolant. I noticed that the coolant color is pink. Add your answer. Source. Submit Cancel."
654,"Beta-carotene is one of a group of red, orange, and yellow pigments called carotenoids. Beta-carotene and other carotenoids provide approximately 50% of the vitamin A needed in the American diet. Beta-carotene can be found in fruits, vegetables, and whole grains.It can also be made in a laboratory.aking beta-carotene, selenium, vitamin C, and vitamin E together might decrease the effectiveness of some medications used for lowering cholesterol. It is not known if beta-carotene alone decreases the effectiveness of some medications used for lowering cholesterol."
655,"Watch my video ! 1. Depending on the length of your tomato, dig a trench about the 2 inches shorter than the length of the plant. 2. Make sure you dig it about 2 inches deeper than the size of the root ball of the plant.3. Lay the tomato plant on its side in the trench.4. I add some egg shells and some organic fertilizer in the trench. My favorite is Dr. Earth.atch my video ! 1. Depending on the length of your tomato, dig a trench about the 2 inches shorter than the length of the plant. 2. Make sure you dig it about 2 inches deeper than the size of the root ball of the plant."
656,"Also have a read of 'Natural remedies for constipation' by herbalist Megan - she describes some more natural ways to ease and relieve constipation, all of which can be applied during your period. Images from Madison.k12.wi.us, FoxNews.com and Live-Pure.com."
657,"A transgenic organism is an organism which has been modified with genetic material from another species. The genetic modification is accomplished by inserting DNA into an embryo with the assistance of a virus, a plasmid, or a gene gun.iwis, oranges and other fruits have been genetically modified to be resistant to certain diseases. A transgenic organism is an organism which has been modified by inserting the DNA of another species into it as an embryo."
658,"Rating Newest Oldest. Best Answer: ANSWER: let's use what you gave: 1 2/3. to convert this into an improper fraction, multiply the denominator (3) by the whole number (1) then add the numerator (2) to the product. The sum is the numerator of your answer.ating Newest Oldest. Best Answer: ANSWER: let's use what you gave: 1 2/3. to convert this into an improper fraction, multiply the denominator (3) by the whole number (1) then add the numerator (2) to the product. The sum is the numerator of your answer."
659,"The only other two CIA locations in the country are known to the public are the agency's headquarters in Langley, Virginia, and Camp Peary, a military base near Williamsburg, Virginia, known by its code name, “The Farm,” that is believed to be used for training, according to the Times."
660,"- Deciduous, ideal for fresh eating, bears large, light blue berries with abundant white flowers. 4) Latham Red Raspberry (Rubus Idaeus 'Latham'). - This type of raspberry is disease-resistant and productive, deciduous, flavorful, aromatic, good texture, berries ripen in late June."
661,"Adj. 1. polemic-of or involving dispute or controversy. polemical. controversial-marked by or capable of arousing controversy; the issue of the death penalty is highly controversial; Rushdie's controversial book; a controversial decision on affirmative action.olemic. A discussion, often heated, in which a difference of opinion is expressed: altercation, argument, bicker, clash, contention, controversy, debate, difficulty, disagreement, dispute, fight, quarrel, run-in, spat, squabble, tiff, word (used in plural), wrangle. Informal: hassle, rhubarb, tangle."
662,"Other presidents have forgone salaries, too: President John F. Kennedy (1961 to 1963) had the largest family wealth in presidential history and gave the entirety of his salary to charity, for example, while President Herbert Hoover (1929 to 1933) dispersed his salary among charities and additional income for his team."
663,"Because the inflatable is on the water more than in the water, it is pushed around more easily by the wind. Folding Kayaks Designed for portability, folding kayaks can be transported on planes or trains with security. A framework of metal or wooden struts locks together and a fabric covering is stretched over."
664,"Hibiscus Tea 101: Health Benefits, Side Effects and Recipes. 1  Hibiscus tea health benefits and conditions it treats naturally. 1. High Cholesterol. 2. High Blood Pressure. 3. The Common Cold. 4. Aging. 5. Weight Loss. 6. Digestive Problems. 7. Depression. 8. Cancer. 9. Heart Disease. 10. Diabetes and Liver Disease."
665,"The Chrysler Sebring is a line of mid-size automobiles that was sold from 1995 through 2010 by Chrysler.Three generations of convertibles, two generations of sedans, and two generations of coupes were produced.he Sebring name was then used on three different cars for 2001: the coupe was based on the Mitsubishi Eclipse, while the sedan and convertible were Chrysler JR platform successors to the Chrysler Cirrus."
666,"That's a shame :/ I think it's a very personal thing with these kind of low-carb products, I've never had a problem with Mama Lupe's tortillas, but saying that I know some people who say artificial sweeteners in stuff like Diet Coke has kicked them out."
667,"The Scientific Outlook on Development, (simplified Chinese: 科学发展观; traditional Chinese: 科學發展觀; pinyin: Kēxue Kēxué Fāzhǎn) guān sometimes translated to either the scientific development, concept or as the scientific development, perspective is one of the guiding-socio economic principles of The Communist party Of (CHINA). cpche ideology is recognized by observers as a comprehensive response to the ideological gap left by the social problems that resulted from China's market economic reforms. Credit for the theory is given to former Chinese leader Hu Jintao and his administration, who was in power from 2002 to 2012."
668,"Nintendo Accounts and Nintendo Network IDs are used for different purposes. A Nintendo Network ID (ID) is created and used on our dedicated video-game systems, Wii U and the Nintendo 3DS family of systems. IDs are used for online features (such as online multiplayer or interactions) and for purchasing downloadable software through Nintendo eShop."
669,"→ In other words, place names. Sydney, Australia is a formal region. A functional region exists because a specific function is present within the region (for example, an area covered by a particular sales force or a rail network). → Other examples are tourism in Hawaii, the subway in NY, an industrial plant in a rural area, farming in the Midwest."
670,"The clinical depression symptoms seen with bipolar disorder are the same as those seen in major depressive disorder and include: Decreased appetite and/or weight loss, or overeating and weight gain Difficulty concentrating, remembering, and making decisions"
671,"Advantages. 1  Direct contributions to a Roth IRA (principal) may be withdrawn tax and penalty-free at any time. 2  Up to a lifetime maximum $10,000 in earnings, withdrawals are considered qualified (tax-free) if the money is used to acquire a principal residence for the Roth IRA owner."
672,"Fort San Cristobal. One of the must-see tourist attractions in San, Puerto Rico, is the Fort San Cristobal. The fort, the largest Spanish fort in the Western hemisphere, was built in 1783 to protect the city against land attacks.ld San Juan. Old San Juan is the oldest settlement within Puerto Rico, and it is the historic colonial section of San Juan, PR. The small, narrow island lies in the north coast of Puerto Rico, and 3 bridges connect the island to the mainland. unknown."
673,"Enforceability of “Time Is of the Essence” Provisions in Civil-Law Jurisdictions. At the 2008 ABA annual meeting I appeared on a panel with Kevin Kyte, partner at the Montreal office of Stikeman Elliott. Kevin’s topic was things to bear in mind when drafting contracts governed by the law of a civil-law jurisdiction."
674,"1 The Denture Fountain of Youth®. 2  Implant Dentures. 3  Partial Dentures and Dental Bridges.  Single-Arch Dentures (Replacing either the top or the bottom teeth, but leaving the natural teeth in your other arch)"
675,"Currants are glossy red or black berries that grow on thornless upright shrubs. To be classified as a currant, the bush must be in the genus Ribes. Native to the Northern Hemisphere, these plants have been cultivated throughout Europe and Asia for centuries."
676,the noun hormone has 1 sense 1 the secretion of an endocrine gland that is transmitted by the blood to the tissue on which it has a specific effect familiarity information hormone used as a noun is very raredictionary entry details hormone noun the secretion of an endocrine gland that is transmitted by the blood to the tissue on which it has a specific effect familiarity information hormone used as a noun is very rare dictionary entry details hormone noun
677,"Vehicle Identification Number Definition. A Vehicle Identification Number, also known as a VIN, is a 17 digit alpha numeric code that vehicle manufacturers use to describe the make, model and design features of a vehicle. There are dozens upon dozens of detail that can be gleaned from a Vehicle Identification Number Search."
678,"The name Ethan is a Biblical baby name. In Biblical the meaning of the name Ethan is: Strong, the gift of the island'. American Meaning: The name Ethan is an American baby name. In American the meaning of the name Ethan is: Strong, the gift of the island'.Hebrew Meaning: The name Ethan is a Hebrew baby name. In Hebrew the meaning of the name Ethan is: Strong. Constancy.merican Meaning: The name Ethan is an American baby name. In American the meaning of the name Ethan is: Strong, the gift of the island'. Hebrew Meaning: The name Ethan is a Hebrew baby name. In Hebrew the meaning of the name Ethan is: Strong. Constancy."
679,"Here you can learn about child custody and parenting time (also called visitation) cases, how to prepare a parenting plan for you and your children, and how to get or change a court order. You can also find many resources to help you and your children through your separation or divorce.ustody and Parenting Time (Visitation) Orders. Find out how to ask for a custody and/or parenting time (visitaton) order, respond to a request, or change an existing order. You will also learn about the law in custody and visitation cases and get information on enforcing an existing order. Custody Mediation."
680,"Unity has several kinds of special folders. One of them is the Resources folder. Simple concept of storing assets is well-explained in the official documentation: Generally, you create instances of assets in a scene to use them in gameplay but Unity also lets you load assets on demand from a script."
681,Other master files submitted for review in support of documents filed with FDA are: 1  Biologics Master Files supporting Notices of Claimed Investigational Exemption for a New Drug (INDs) for biologics and biologic licenses. For more information please refer to CBER’s Drug Master Files for CBER-Regulated Products webpage.
682,"About Bank of Ireland Group PLC Bank of Ireland Group Public Limited Company offers banking services. The Bank provides business loans, home insurance, mortgages, credit and debit card processing, online banking, investment consulting, fixed deposits, credit unions, check collection, payroll, cash management, and other banking services. Bank of Ireland Group serves customers worldwide. Address"
683,"An important factor in social learning theory is the concept of reciprocal determinism. This notion states that just as an individual's behavior is influenced by the environment, the environment is also influenced by the individual's behavior."
684,"- Common Symptoms. There are several systems that can leak oil. Each fluid tends to be a different color, which can help to identify the leaking system. 1  Engine oil tends to be brown or black. 2  It can be an amber color if it's new oil. 3  Power steering fluid can be many colors: clear, brown, green or red. 4  Automatic transmission fluid is reddish in color."
685,"Electricity stored in a battery is an example of electrical potential energy. You can use the energy in the battery to power a flashlight, for example. When you switch on a flashlight, the battery inside begins to supply electrical energy to the lamp, making it give off light."
686,"Synopsis. Thomas Wolfe was born in October 1900 in Asheville, North Carolina. He first attended the University of North Carolina and then Harvard University before moving to New York City in 1923."
687,"Based on the DC Comics character Batman, the film is the second part of Nolan's Batman film series and a sequel to 2005's Batman Begins, starring Christian Bale, Michael Caine, Heath Ledger, Gary Oldman, Aaron Eckhart, Maggie Gylenhaal and Morgan Freeman.olan's inspiration for the film was the Joker's comic book debut in 1940, the 1988 graphic novel The Killing Joke, and the 1996 series The Long Halloween, which retold Two-Face 's origin. The nickname the Dark Knight was first applied to Batman in Batman #1 (1940), in a story written by Bill Finger."
688,"This is one reason why it is not a good idea to rely on a general list of preferred Koala food trees. Leaving out the key species from tree plantings to restore Koala habitat, could be a waste of time and effort."
689,"The almost president has become the ultimate Davos Man, a moral entrepreneur and richer than Mitt Romney. The house in Nashville is gleaming white, with symmetrical wings and four twenty-foot-high Victorian columns. Under the soaring portico stands Al Gore, dressed in his casual uniforma button-down blue dress shirt, jeans, and cowboy boots. This is Gore’s White House, a 10,000-square-foot mansion he and Tipper renovated in 2007."
690,"Within a country, the jurisdiction of law enforcement agencies can be organized and structured in a number of ways to provide law enforcement throughout the country. A law enforcement agency’s jurisdiction can be for the whole country or for a division or sub-division within the country."
691,"Signs and symptoms of peripheral neuropathy might include: 1  Gradual onset of numbness, prickling or tingling in your feet or hands, which can spread upward into your legs and arms. 2  Sharp, jabbing, throbbing, freezing or burning pain. 3  Extreme sensitivity to touch.  Lack of coordination and falling."
692,"Chris Stapleton debut album streams exclusively on NPR Music First Listen. Country singer/songwriter Chris Stapleton’s much anticipated debut album, Traveller, is currently streaming exclusively on NPR Music’s First Listen. Already proclaimed “the year’s strongest country debut by The Fader, the album officially launches Tuesday, May 5, 2015 on Mercury Records Nashville and is currently available for pre-order on iTunes."
693,"Excess protein in the urine often causes the urine to become foamy, although foamy urine may also be caused by bilirubin in the urine (bilirubinuria), retrograde ejaculation, pneumaturia (air bubbles in the urine) due to a fistula, or drugs such as pyridium."
694,"Depending on the type of driving record and where you purchase it, your Colorado driving record may provide either a partial or complete outline of your personal CO driving history. 1  Your personal details, such as full name and address.  Details about traffic accidents."
695,"VIP Tour Services. Premium VIP Tours. Imagine the perfect family vacation at the Walt. Disney World Resort – customized to your. family’s desires, arranged on your schedule, with. an expert VIP Tour Guide by your side. From expeditiously experiencing your favorite. attractions to enjoying reserved viewing areas at."
696,"The study of language and schizophrenia has a long history dating back to the earliest reports of the disorder. These early reports have been enriched, in recent years, by empirical, theoretical, and methodological advances in the psycholinguistics and cognitive neuroscience."
697,"Colors are displayed combining RED, GREEN, and BLUE light. CSS colors are defined using a hexadecimal (HEX) notation for the combination of Red, Green, and Blue color values (RGB).The lowest value that can be given to one of the light sources is 0 (HEX 00). The highest value is 255 (HEX FF).olors are displayed combining RED, GREEN, and BLUE light. CSS colors are defined using a hexadecimal (HEX) notation for the combination of Red, Green, and Blue color values (RGB)."
698,"How to Store. Let a not-quite-ready cantaloupe ripen at room temperature for up to 2 days (keeping it in a closed paper bag will speed up the process). Refrigerate a whole ripe melon for up to 5 days. For cut wedges of cantaloupe, cover the surfaces and refrigerate for up to 3 days.(If possible, leave the seeds intact.They prevent the flesh from drying out.) Cubes without the seeds will last 1 to 2 days in a resealable container in the refrigerator.efrigerate a whole ripe melon for up to 5 days. For cut wedges of cantaloupe, cover the surfaces and refrigerate for up to 3 days. (If possible, leave the seeds intact."
699,"Specific models are termed stereo plug, mini-stereo, mini jack, headphone jack and microphone jack, or are referred to by size, i.e. 3.5mm or 6.35mm. In the UK, the terms jack plug and jack socket are commonly used for the respective male and female phone connectors."
700,"In other words, you will essentially use If…then logic statements to build powerful processes that solve your real-life business problems. If you would like to begin learning this and other advanced features of Excel, a good place to start is an advanced online course in Excel. In this guide, we will learn more about what the IF function does, how to use it, and how to get the most out of it by including it within larger formulas. Background on the IF function Like most of the functions you are familiar with in Excel, the IF function delivers an output to a single cell, as opposed to a range of cells (as would be the case for an array function). In using it to process multiple entries throughout a spreadsheet, you construct it for a single cell and then copy it down to additional cells in a range."
701,"So, scraper beware! There have been many court cases where web scraping turned into felony offenses. One case involved an online activist who scraped the MIT website and ultimately downloaded millions of academic articles. This guy is now free on bond, but faces dozens of years in prison and $1 million if convicted."
702,"Aside from the hokey honor societies like Golden Key I am excluding, there are two major types of honor society you can join: major-specific like Beta Alpha Psi which is specific to accounting majors, and large, interdisciplinary honor societies like Phi Kappa Phi and Omicron Delta Kappa."
703,"90% of the time, speakers of English use just 7,500 words in speech and writing. These words appear in red, and are graded with stars."
704,"Standard Pallets The standard pallet is the most common pallet size that is used. Its size is 48 x 40. The thickness of the wood standard is 5/8. We will be using this wood standard for all pallets explained in the article. The weight that the pallets hold is measured in pounds. The standard pallet can hold 4,600lbs.The 36 x 36 pallet can hold 4,700lbs. In addition, the 42 x 42 pallet and the 48 x 48 pallet can hold 3,700lbs. denverreelandpallet.com offers custom made pallets at cheap prices."
705,"According to the fourth edition of the Diagnostic and Statistical Manual of Mental Disorders, published in 1994 (DSM-IV), dysthymia is a serious state of chronic depression, which persists for at least two years (one year for children and adolescents). Dysthymia is less acute and severe than major depressive disorder. As dysthymia is a chronic disorder, sufferers may experience symptoms for many years before it is diagnosed, if diagnosis occurs at all."
706,"Some Part C plans provide significant coverage beyond what you get in Parts A and B - including, in some cases, prescription drug coverage - but not all. The better ones basically function like Medigap policies but are administered by Medicare rather than being wholly run by private insurance companies."
707,"Statistically, the most dangerous places to drive are two-lane country roads, but for over-the-road truckers, it’s the curvy, the foggy, the snow-drowned stretches of major interstates where big accidents happen that stick in the memory for years to come."
708,105 Responses to Birth & Death Rates. the reason why not a lot of people die a year is because we are on the top of the food chain. Actually Niks is not wrong if he meant to use ‘science and technology’ as one entity. Actually… Hide and go seek is a singular entity only because it refers to a game.
709,"A minority of researchers start the generation in the late 1970s. A 2014 report from Synchrony Financial describes Millennials as starting as early as 1976, and a 2009 report from MetLife defines the generation as being born between 1977 and 1994."
710,"There are two other types of lupus: Discoid lupus erythematosus, which mainly affects the skin. The symptoms of this form of lupus include a rash on the face, scalp, or elsewhere. The rash may last for days or years, and can recur. Drug-induced lupus, which is triggered by certain medications, usually goes away when the medicine is stopped."
711,"1. Using the “Send” Option. You could click on the location pointer, go to “more” and there you’ll find a “Send” button. When you click on that button, a box pops up with the location’s link on the map, and options to email others, and yourself. There’s a “Phone” option too which you may want to make use of."
712,"Process Technologist average salary is $79,985, median salary is $82,500 with a salary range from $47,000 to $138,000. Process Technologist salaries are collected from government agencies and companies.Each salary is associated with a real job position. Process Technologist salary statistics is not exclusive and is for reference only. They are presented as is and updated regularly.rocess Technologist salary is full-time annual starting salary. Intern, contractor and hourly pay scale vary from regular exempt employee. Compensation depends on work experience, job location, bonus, benefits and other factors."
713,"Dyshidrosis, also known as dyshidrotic eczema or pompholyx, is a skin condition in which very small, fluid-filled blisters appear on the palms of your hands and the sides of your fingers. The soles of your feet also can be affected. The blisters that occur in dyshidrosis generally last around three weeks and cause intense itching. Once the blisters of dyshidrosis dry, your skin may appear scaly. The blisters typically recur, sometimes before your skin heals completely from the previous blisters."
714,Call in to 800-939-8357 and press 4 for student loan help Jeffrey. Andrew will be able to help you get a bead on your settlement scenarios. Please post an update with what the student loan Ombudsman is able to help you with. That is good information for people wondering whether they should contact that office.
715,"Speaking of flavor, I can’t believe I’m giving away my caper brine secret; but I decided it’s just too good to not share. The little splash of salty goodness does something that’s easier to taste than explain. Anyway, if you like shrimp and LOVE garlic, I hope you give this fast and delicious recipe a try soon."
716,Charming Charlie was founded in 2004. Company officials said earlier all of the stores slated for closures were considered underperforming. The closures are the latest among national retailers as they struggle to compete with the growing trend of online shopping.
717,The nervous system has many types of sensory neurons. Nerve endings on one end of each neuron are encased in a special structure to sense a specific stimulus. 1  Chemoreceptors sense chemicals. 2  The olfactory bulb that monitors your sense of smell has chemoreceptors that sense odors (chemicals in the air).
718,"Mountain Lion Tracks and Sign Includes photos of tracks, scat, marking and feeding signs Home | About Us | How to Participate | Biodiversity Modules | Projects | Maps | News | Resources. Where they live: Other than humans, cougars are the most widely distributed land mammal in the Western Hemisphere."
719,"The most common and productive type of diamond mining, pipe mining, is a type of open-pit mining; therefore it involves similar techniques and environmental stresses as other types of open pit mining, in which large amounts of rock and materials, called overburden, are removed to allow access to the diamonds.n addition, diamond mining faces challenges relating to energy use and emissions which can contribute to the global climate change. In certain parts of Sierra Leone and other diamond-rich west African regions, there is little infrastructure in place to enforce whatever environmental regulations may exist."
720,"When home sales slow, good comps age fast. Add foreclosures and short sales to the mix and appraisals can run all over the map. The Home Valuation Code of Conduct, or HVCC, that went into effect last May has compounded the problem. The HVCC prohibits Fannie Mae and Freddie Mac lenders from having direct contact with appraisers."
721,"How fast can the human heart beat is a fascinating topic full of interesting facts. The human heart generally beats 60 to 80 times a minute, though anywhere between 60 and 100 beats per minute is considered normal, according to the Heart Rhythm Society. The heart beat increases during exercise, up to 160 to 180 beats per minute."
722,"Mike Bettes included one of his college textbook as a prop for the set of his new evening “Weather Underground” show debuting at 6 p.m. Monday, August 24, 2015. By RODNEY HO/ rho@ajc.com, originally filed Thursday, August 20, 2015. The Weather Channel is hoping to take advantage of the nerdy hipness of its sister operation Weather Underground by creating a branded evening show under that name hosted by Mike Bettes. “Weather Underground” debuts Monday, August 24 from 6 to 8 p.m."
723,"Compared to their British counterparts, the American type golden retrievers are less stocky and lankier. At the height of the shoulders, the average height of males range from 22 to 24 inches or 58 to 61 centimeters. For females, the average height is 21.5 to 22.5 inches or 55 to 57 centimeters."
724,"This entry was posted in Advice for actors and tagged Actor Headshots, Cost of headshots, Headshot Photographers, Headshots, Headshots for Actors, How much do headshots cost, How much should I pay for headshots, http://www.kitpictures.com, Kit Pictures, Los Angeles Headshots, New York Headshots. Bookmark the permalink."
725,"Exponents are supported on variables using the ^ (caret) symbol. For example, to express x 2, enter x^2. Note: exponents must be positive integers, no negatives, decimals, or variables. Exponents may not currently be placed on numbers, brackets, or parentheses."
726,"Thyroid Cancer Treatment Option Overview There are different types of treatment for patients with thyroid cancer. Different types of treatment are available for patients with thyroid cancer. Some treatments are standard (the currently used treatment), and some are being tested in clinical trials."
727,"Experian scores in the lower 600s have been approved, but the limits are lower and the maximum interest rates are charged. Those with mid-600s scores, and especially those with Experian scores of 700 or higher are more likely to qualify for Dell financing, and also obtain this line of credit at a decent interest rate. Obtaining financing from Dell requires a solid financial standing and a fair credit score."
728,Numerology. 1  Chaldean Numerology. The numerical value of pictographs in Chaldean Numerology is: 9. 2  Pythagorean Numerology. The numerical value of pictographs in Pythagorean Numerology is: 6.
729,"1 Earned Income Tax Credit (EITC) puts cash back in your pocket and will locate help to file your Income Taxes.  Illinois Welcoming Centers - offer many state, community, health, employment training, and educational services in one location."
730,"Holly bush leaves can suffer from various diseases. The most common are Honey Dew Fungi, Tar Spot, Spine Spot, Bot Canker and Iron Chlorosis. Honey Dew Fungi grows in humid soil; this disease makes the leaves wilt and fall off. Toadstools will begin to form around the base of affected bushes."
731,"The question relates to those chicks that have fledged, and at what age they should be removed from their parents. My reply is always when they are ready.. Canary chicks usually fledge at anything from 17-24 days. Much will depend upon how well they have been fed, and on how many chicks there are in each nest.I find that broods of three, four or five chicks tend to fledge much earlier than if there is only a single or couple of chicks in the nest.any books suggest you remove the chicks at 21 days of age. My advice is to simply allow the birds to tell you when they are ready, which is when you see them eating soft food for themselves, at every new feed."
732,"Enjoy A FREE Preview of DIRECTV HD EXTRA PACK Feb. 23 Through Mar. 1. From February 23rd to March 1st, you can test out the nine premium high definition networks included in the DIRECTV HD EXTRA PACK—everything from history specials and documentaries, to crime dramas, classic movies, live music and more! Enjoy A FREE Preview of DIRECTV HD EXTRA PACK Sept. 1–7."
733,"You can also send your buyer a revised invoice if the buyer purchased additional items from you after the initial purchase. The option to send an invoice or a revised invoice expires 30 days after the listing ends. To send your buyer an invoice: Go to My eBay > Sold or Seller Hub > Orders. Find the item for which you want to send an invoice. From the Actions drop-down menu, select Send Invoice. Specify details such as shipping and handling, tax, and available payment methods."
734,"Definition of erode for English Language Learners. : to gradually destroy (something) or to be gradually destroyed by natural forces (such as water, wind, or ice)"
735,"Sardonyx is a variant in which the colored bands are sard (shades of red) rather than black. Black onyx is perhaps the most famous variety, but is not as common as onyx with colored bands.gate and onyx are both varieties of layered chalcedony that differ only in the form of the bands: agate has curved bands and onyx has parallel bands. The colors of its bands range from white to almost every color (save some shades, such as purple or blue)."
736,"Fortunately, many vegetables, such as broccoli and bok choy, which are high in iron, are also high in vitamin C so that the iron in these foods is very well absorbed.Commonly eaten combinations, such as beans and tomato sauce or stir-fried tofu and broccoli, also result in generous levels of iron absorption.ortunately, many vegetables, such as broccoli and bok choy, which are high in iron, are also high in vitamin C so that the iron in these foods is very well absorbed."
737,"From the beginning of the 13th century, there is a rigidly fixed norm, often called Classical Modern Irish, which, for over four centuries, was used as the exclusive literary medium in Ireland and in Gaelic-speaking Scotland (there is no evidence for the Isle of Man)."
738,there are many factors that can affect a person s height and growth such as their environment lifestyle and genes the average height of an american woman is around 64 3 inches or 163 5 cm but when do girls stop growing there are many factors that can affect a person s height and growth such as their environment lifestyle and genes the average height of an american woman is around 64 3 inches or 163 5 cm
739,Cornerstone has exceeded my expectations. The SPT course was so much more than just going through the motions. Lab time was structured in such a way to give me time to think. The class was structured to fit my learning style which is learn by example. I would recommend this institution to anyone.
740,"Heredity and environment influence growth and development in a wide variety of ways that scientists and child development psychologists do not always agree about. Heredity ref … ers to genetics, and the common nature versus nurture debate is a heated one.16 people found this useful.nswer by Answers Publisher. Confidence votes 261K. Heredity influences human behavior by the passing on of genes from a parent to its offspring for example eye color or hair color. Environment influences behavior in a harder to define way for example patterns of behavior children notice and copy."
741,"The City of Huntington Beach is located along the Southern California coast in Orange County, 35 miles south of Los Angeles and 90 miles north of San Diego."
742,In these patients walnut allergy is the consequence of cross-reactivity between pollen allergens and similar proteins in vegetable foods. This kind of food allergy is generally mild: in most cases oral allergy syndrome (OAS) is the only consequence of the ingestion of offending food.
743,"Phone Number of Rue La La is +1 (617) 695-7300, Fax: (617) 695-7388 . Rue La La is an invitation only online store that sell products of various brands in different categories mainly clothing at members only prices. It sells best of the best products in women's and men's fashion, kids, home, travel and others."
744,"Jerusalem, Israel. Jerusalem is the capital city of Israel. Jerusalem is considered a holy city to Jews, Muslims, and Christians alike. The city is important to Christians and Jews because many important biblical events are said to have taken place in Jerusalem (both religions believe the Old Testament)."
745,1. provides energy for kidneys to form glucose. removes waste from digestion of proteins. 2. insulin production by the pancreas controls blood sugar levels. 3. water is excreated in the form of sweat and evaporation of sweat leads to cooling/ temperature regulation. 4. excreation of water (and salts) through sweat and urine maintains equilibrium of fluid levels.
746,"The costs to replace an employee vary by their earning level, so training costs also vary. The Sasha Corporation averaged the results of 15 studies that determined average costs to replace an $8 per hour employee, determining an average cost of $9,444.47 per turnover.Even when the 33 percent of estimates with the highest prices were removed from calculations, replacement costs were $5,505.80 per turnover.ariables-Skill Set. No two positions and no two employees are alike, and a wide number of differences in applicants' skills and the demands of the position can impact the cost of training. For example, workers, such as warehouse hands may be trained quickly on the job."
747,"New Ford Rust Issues. I washed my truck over the weekend, and gave it the full on detail. I discovered a number of rust issues that my dealer has confirmed that I am the 5th customer to report the issue at their service dept.The bottom of ALL 4 doors, along the inside lip are beginning the bubbling process of corrosion beginning. discovered a number of rust issues that my dealer has confirmed that I am the 5th customer to report the issue at their service dept. The bottom of ALL 4 doors, along the inside lip are beginning the bubbling process of corrosion beginning."
748,Petit or trial jurors are on-call for a one month term of service or occasionally longer depending on the court's jury needs. This does not mean that you will serve on juries for an entire one month period.
749,"Maplewood, New Jersey. Maplewood is a suburban township in Essex County, New Jersey, United States. As of the 2010 United States Census, the township's population was 23,867, reflecting a decline of 1 person (0.0%) from the 23,868 counted in the 2000 Census, which had in turn increased by 2,216 (+10.2%) from the 21,652 counted in the 1990 Census. 1 History."
750,"However, this takes a bit and it's probably better to call the number that came with the phone. If you don't want to deal with customer service or don't feel like waiting, there are a couple for basic tasks you can do from your phone: 1  Check Balance - * 611. 2  Check voice mail - * 86. 3  Make a payment - #768."
751,"A contract administrator ensures all parties to an agreement are fulfilling their obligations. The role of a contract administrator may include renegotiation of terms. Ensuring complainance with a contract is a job of a contract administrator.Experience and ability to manage complicated contract structures are both important for a contract administrator.dorable animal families that will make you aww. A contract is an agreement between two parties or entities for the exchange of goods, services or money. A contract administrator makes sure the parties employ due diligence to comply with the terms, conditions, rights and obligations of the contract."
752,contrived or arranged by agreement; planned or devised together: a concerted effort. 2. done or performed together or in cooperation: a concerted attack. 3. Music. arranged in parts for several voices or instruments. Origin of concerted.
753,"The reimbursement is always income. The question is whether or not the purchase is an expense. If the purchase is an expense, then. The reimbursement is income which is offset by the purchase and the net on your taxes is $0. If the purchase is not an expense, then. The reimbursement is income and you pay taxes on it."
754,"Lady Antebellum is a country music trio composed of Hillary Scott, Charles Kelley and Dave Haywood. These three country music artists joined forces in 2006 in Nashville, and after spending several months performing at local music venues, Lady Antebellum secured a recording contract with Capitol Records Nashville."
755,"The tidal elevation at Sewells Point (see Sidebar) was 7.01 ft above mean sea level. (The more commonly cited figure is 9.8 ft., but this is above mean low tide, and the reference standard has recently been changed, as noted in the sidebar)."
756,"The name Olivia is a Spanish baby name. In Spanish the meaning of the name Olivia is: Olive. Swedish Meaning: The name Olivia is a Swedish baby name. In Swedish the meaning of the name Olivia is: Olive.American Meaning: The name Olivia is an American baby name. In American the meaning of the name Olivia is: Olive.Latin Meaning: The name Olivia is a Latin baby name. In Latin the meaning of the name Olivia is: Olive: symbol of peace. Shakespearean Meaning: The name Olivia is a Shakespearean baby name.In Shakespearean the meaning of the name Olivia is: Twelfth Night', also called 'What You Will' A rich countess.he name Olivia is a Swedish baby name. In Swedish the meaning of the name Olivia is: Olive. American Meaning: The name Olivia is an American baby name. In American the meaning of the name Olivia is: Olive."
757,"In the list select HP Support Assistant and click on uninstall, once the uninstall is done, reboot your machine and download the latest software from the below link and reinstall.This should reslve the HPSF.exe has stopped working."
758,"Definition. A low hemoglobin count is a commonly seen blood test result. Hemoglobin (Hb or Hgb) is a protein in red blood cells that carries oxygen throughout the body.In many cases, a low hemoglobin count is only slightly lower than normal and doesn't affect how you feel.f it gets more severe and causes symptoms, your low hemoglobin count may indicate you have anemia. A low hemoglobin count is generally defined as less than 13.5 grams of hemoglobin per deciliter (135 grams per liter) of blood for men and less than 12 grams per deciliter (120 grams per liter) for women."
759,"Best Answer: There's not age limit at all! Any time and age is great to sign up for lessons! Getting to the olympics- that's a different matter. But 13 isn't too late to start skating. Heck, I'm a little older than you and I just started 7 months ago, and am working on axels/doubles. This all depends where you sign up."
760,"Cells are the building blocks of life. All living organisms are made up of cells. The cells were discovered by Robert Hooke in 1665. In the human body there are about 100 trillion to 1014 cells. hey are made up of a single cell. O rganisms like the amoeba, P aramecium are single-celled organisms, they are the oldest forms of life, they existed about 3.8 million years ago. Bacteria, a rchaea, protozoa, unicellular algae and un i cellular fungi are the main groups of unicellular organisms."
761,"John Francis Kelly (born May 11, 1950) is the fifth and current United States Secretary of Homeland Security. He is a retired United States Marine Corps general and the former commander of United States Southern Command, the Unified Combatant Command responsible for American military operations in Central America, South America and the Caribbean."
762,"How to Tell a Piebald. The piebald gene is recessive, meaning you could find a piebald puppy in a litter produced by two nonpiebald parents. A piebald's markings are always perfectly mirrored from one side of its body to another. If a white dachshund has spotting over one eye, one or more blue eyes or random markings on its body, it is a double dapple, which is a variation of the merle pattern."
763,"Click to expand... As noted above I do not think you can, @EriCal -- it is a bummer for now. My car lacks TACC but I can see reasons to disable it (directing that comment @ecarfan) You'd wonder why to disable it-- and for the OP who is in SoCal I'd say prob not necessary. However, here in Ohio the problem often comes from weather."
764,"National Bowling Championship Happening In North Texas. GARLAND (CBS11 SPORTS) – This week, the US Open is rolling through Garland. One of four major professional bowling tournaments each year, it’s being held in North Texas for the first time since 1976. An interesting field has assembled at the AMF Bowling Center."
765,"Weight loss is achieved by reducing the size of the stomach with a gastric band or through removal of a portion of the stomach (sleeve gastrectomy or biliopancreatic diversion with duodenal switch) or by resecting and re-routing the small intestine to a small stomach pouch (gastric bypass surgery).he costs of bariatric surgery depend on the type of procedure performed and method of payment along with location-specific factors including geographical region, surgical practice and hospital in which the surgery is performed."
766,"Greek Letters and Their Names. When you are working with geometry and trigonometry, you will see a lot of Greek letters. It will be helpful to know how the names of these letters are spelled and pronounced. Name"
767,"To be successful in Straightness training it is important to know and to understand these horse characteristics. 10 Important Horse Characteristics. Here are 10 characteristics of the horse we need to take into account when a horse comes into our lives: 1. The horse is a herbivore and feeds on mainly grasses, herbs, vegetables, and water. 2. The horse is a prey animal for predators and his best defense is to flee. 3. Therefor he is also called a flight animal. The horse can reach a very high speed when galloping. 4. The horse is a herd animal."
768,"Binge drinking (alcohol), Decreased appetite, Enlarged or swollen glands and Fatigue. WebMD Symptom Checker helps you find the most common medical conditions indicated by the symptoms binge drinking (alcohol), decreased appetite, enlarged or swollen glands and fatigue including Mononucleosis, Depression (Adult), and Tuberculosis."
769,"He was the middle of three children, with an older brother, Michael Earl Micah Sparks (1964–present), and a younger sister, Danielle Dana Sparks (1966–2000), who died at the age of 33 from a brain tumor. Sparks has said that she was the inspiration for the main character in his novel A Walk to Remember. He was raised Roman Catholic, and is of German, Czech, English, and Irish ancestry. He and his ex-wife are Catholics and are raising their children in the Catholic faith."
770,"The good: This food is very low in Saturated Fat, Cholesterol and Sodium. It is also a good source of Dietary Fiber, Vitamin C, Potassium and Manganese, and a very good source of Vitamin B6. The bad: A large portion of the calories in this food come from sugars."
771,"The nuclear arms race was a competition for supremacy in nuclear warfare between the United States, the Soviet Union, and their respective allies during the Cold War.uring this period, in addition to the American and Soviet nuclear stockpiles, other countries developed nuclear weapons, though none engaged in warhead production on nearly the same scale as the two superpowers."
772,"Artero Cuchilleria cuchillería was founded in 1909 In manresa By Pascual, artero great-grand father of the actual directors of the: Business alex And Edu. Artero the original business was based on the sales of tools for shearing large animals such as cows and. sheephe original business was based on the sales of tools for shearing large animals such as cows and sheep. Artero is now a reference in the sectors of animal grooming, hairdressing and kitchenware, as both manufacturers and distributors."
773,"One easy and convenient alternative is protein powder. However, there are several types of protein powders on the market today. It is important to understand which supplements are safe to use during pregnancy."
774,"* Updated Wednesday, January 17, 2018 4:10:22 pm Glendale time - Weather by CustomWeather, © 2018 14 day forecast, day-by-day Hour-by-hour forecast for next week Yesterday's weather"
775,"Mr. Zyman and company test a new, sweeter version of the flagship cola with 190,000 nationwide taste tests at a cost of $4 million. At a bottlers' meeting in Atlanta back on April 22, 1985, Mr. Zyman announced from the stage that Coke was changing its taste.dvertising Age's coverage of New Coke from July 15, 1985. Still smarting from the 1975 Pepsi Challenge taste-test battle, Coca-Cola Co. launches Project Kansas, a top-secret mission to reformulate Coke."
776,"This group is the next level of customer service, and should be able to get you fixed up. When you contact them, you'll never be able to talk to someone right then. That's OK, though, because if you leave your email address and daytime phone number, a member of the group will email and call you back promptly."
777,The Stark County Rebels are nominated again for HOMETOWN HEROES on FM95 radio against Knoxville and Farmington. They lost several weeks ago when nominated. You can vote online once a day at www.FM95online.com or you can sign a voting sheet.
778,"Choose your grass. Take your time selecting a grass species. Lawn care will be much easier if the grass is suited to your climate, soil type, and use patterns. Research the specific species, not just cool season or warm season grass.erate your yard in fall or spring. Once a year, remove plugs of soil using a lawn aerator with ½ in (1.25 cm) diameter tines. Remove them to a depth of 3 inches (7.5cm), passing over the lawn until you have about 8 plugs per square foot (88 per square meter). This fights soil compaction, disease, and thatch buildup."
779,"8 than the average faculty salary. 8 While the average full-time faculty salary increased by only 10% over the last decade, the average salary for managers and supervisors increased by 24%.These differential changes have resulted in a widening gap between the salaries of faculty and administrators over the last decade.5 In 2014, retired Fresno President, John Welty, received a salary of $148,752 for activities that were * In 2004, the average full-time salary for a manager/supervisor was $85,604 and the average full-time salary for a faculty member was $58,723."
780,"From Wikipedia, the free encyclopedia. Savant syndrome is a condition in which a person with a mental disability, such as an autism spectrum disorder, demonstrates profound and prodigious capacities or abilities far in excess of what would be considered normal.his syndrome is rarer, with a study by Darold Treffert in 2010 showing that in a registry of 319 known savants, only 32 had acquired savant syndrome."
781,"CSB Investigators Deploying to Explosion at Packaging Corporation of America plant in DeRidder, Louisiana Washington, DC, February 9, 2017 – A three-person investigative team from the U.S. Chemical Safety Board (CSB) is deploying to the scene of an incident that killed three workers and reportedly injured seven on Wednesday, February 8 at the Packaging Corporation of America (PCA) plant in DeRidder, Louisiana."
782,"Income tax: 4.63% flat rate. 1  Sales tax: 2.9% - 10.4%. 2  Property tax: 0.63% average effective rate. 3  Gas tax: 22 cents per gallon of regular gasoline, 20.5 cents per gallon of diesel."
783,Start your search by typing in the business name below. North Bethesda Us Bank. YP - The Real Yellow PagesSM - helps you find the right local businesses to meet your specific needs. Search results are sorted by a combination of factors to give you a set of choices in response to your search criteria.
784,"How to pronounce antimacassar in American English. (English pronunciations of antimacassar from the Cambridge Advanced Learner’s Dictionary & Thesaurus and from the Cambridge Academic Content Dictionary, both sources © Cambridge University Press)."
785,"Expert diagnostic insights… delivered in a way that puts the care back in healthcare. This is our commitment, reflected in every service we provide at every Larchmont Medical Imaging facility. We’re fully equipped with the advanced imaging methods to give you and your doctor the diagnostic answers you need."
786,Clutch Master Cylinder replacement & repair made easy. Low cost clutch master cylinder replacements at your home or office. Get a free quote and book online with one of our mobile mechanics today.
787,"Wildflower Uses. Many wildflowers are edible, used in medicines, or both. For example, the wildflower Foxglove is the plant a hybrid was bred from for the heart medicine digitalis. The Wild Plum is the tree that most hybrid commercial plum trees came from."
788,Reading body language of a hug. Reading the body language when giving or receiving a full hug. A full hug is what you see goods friends or people who are in a relationship give. The body language or non verbal cues come from the proximity or distance apart that the people are when giving a full hug.
789,&COPY; Reed Group Displacement of a cervical intervertebral disc refers to protrusion or herniation of the disc between two adjacent bones (vertebrae) of the cervical spine in the neck (vertebrae C2 through C7). Note that there is no disc between the skull and C1 or between C1 and C2.
790,1 Medullary canal. 2  Medullary canal. 3  medullary cancer of thyroid. 4  medullary carcinoma. 5  medullary carcinoma. 6  medullary carcinoma. 7  medullary carcinoma of breast. 8  medullary carcinoma of pancreas. 9  medullary carcinoma of the kidney. 10  medullary carcinoma of thyroid.
791,"Check out the following Teen Tech Week related events! Check back often for updates! Google Code-in, Nov. 28, 2017 - Jan 17, 2018 Hour of Code, Dec.… Check out the following Teen Tech Week related events! Check back often for updates! Google Code-in, Nov. 28, 2016 - Jan 17, 2017. Hour of Code, Dec. 5 - 11, 2016. February 23, 2017: Digital Learning Day (#DLDAy)"
792,"A. There is no set definition of the term independent contractor and as such, one must look to the interpretations of the courts and enforcement agencies to decide if in a particular situation a worker is an employee or independent contractor.ince different laws may be involved in a particular situation such as a termination of employment, it is possible that the same individual may be considered an employee for purposes of one law and an independent contractor under another law."
793,Titanium Dioxide (TiO2) Powder Chemical Abstract Service Numbers: 1  CAS# 12137-20-1 Titanium monoxide (TiO) 2  CAS# 1317-70-0 Titanium dioxide (TiO2) (Anatase Grade) 3  CAS# 13463-67-7 Titanium (IV) oxide (Titania)
794,"According to the Bureau of Labor Statistics, the mean annual salary for all carpenters, the category that includes frame and bridge specialists, was $44,520 in 2012. The median rate worked out at $39,940 per year with the bottom and top 10 percent earning $24,880 and $72,580 per year respectively. The mean hourly rate for this job was $21.41; the median rate was $19.20 per hour. The lowest 10 percent earned $11.96 per hour and the highest 10 percent earned $34.90 per hour."
795,Your child will learn to read and construct sentences from a random presentation of the words of these 50 sentences containing 388 words: Spelling Sight Words - Lessons 14 to 100. Your child will learn to read and spell the 74 words from the Sight Words exercise using the keyboard during 261 total presentations.
796,"Reliable data on how many people get head lice each year in the United States are not available; however, an estimated 6 million to 12 million infestations occur each year in the United States among children 3 to 11 years of age."
797,"Disney's BoardWalk Inn Ranked #3 overall in Walt Disney World Resort hotels. Wonderful!4.7 / 5 24 reviews. Wonderful! (24 reviews) Popular with. Of all the resorts I've stayed at in Disney World, the Boardwalk Inn is my favorite. It feels like a beach resort from the 1920s and 1930s, with whitewashed buildings, ..."
798,"Three Parts: Preparing for the Meeting Finding the Right Meeting For You Attending the Meeting. Going to your first Alcoholics Anonymous (AA) meeting can be challenging. You likely don’t know what to expect or you have false images about AA meetings from the media, pop culture, and other alcoholics. Some people are court ordered to go to meetings and may feel resentful about being forced to attend."
799,"Our Customers From small businesses to Fortune 500 corporations, see how companies are using G Suite to work better together. Whirlpool [G Suite] is a simple solution in many ways, but the features are actually very sophisticated, e..."
800,"What should you know about supplemental vitamins and minerals before you head to the pharmacy? What should you know about iron, calcium, fluoride and combination multivitamins for infants and children? Most children do not need supplemental vitamins or minerals. According to the American Academy of Pediatrics, a diet based on the food guide pyramid provides adequate amounts of all the vitamins a child needs."
801,"For example, low personal and food hygiene due to the lack of a clean water supply may result in increased transmission of diseases by the fecal-oral route, such as cholera. Differences in incidence of such diseases between different groups can also throw light on the routes of transmission of the disease."
802,"As of the 2010 United States Census, there were 259,424 people residing in the county. 66.1% were Black or African American, 18.9% White, 5.0% Asian, 0.4% Native American, 0.1% Pacific Islander, 7.1% from some other race and 2.5% from two or more races. 13.7% were Hispanic or Latino (of any race)."
803,"Corriente cattle are a breed of cattle descended from Spanish animals brought to the Americas in the late 15th century. The meat from Corriente is significantly leaner than the meat from most modern beef cattle. All our Corriente cattle have been raised here on our property, fed grass, and been kept in a stress free environment. Corrienties are naturally leaner than English bred cows, such as Angus or Herefords, and are a healthy alternative for those looking to cut down on their fat intake."
804,World Book Day Quotes. “ 1 Honesty is the first chapter in the book of wisdom.” – Thomas Jefferson. “ 2 The things I want to know are in books; my best friend is the man who’ll get me a book I ain’t read.” -Abraham Lincoln. “ 3 You can’t get a cup of tea big enough or a book long enough to suit me.” – C. S. Lewis.
805,"In 2014, Google launched Android One, a line of smartphones mainly targeting customers in the developing world. In May 2015, Google announced Project Brillo as a cut-down version of Android that uses its lower levels (excluding the user interface), intended for the  Internet of Things  (IoT) embedded systems."
806,"How Do You Know If You Have Constipation. Most of the time, people just simply know when they are suffering from constipation, but since I’m explaining constipation, it is worth stating what the symptoms of constipation are just in case you’re not sure."
807,"1 Even if you don’t use a cell phone for hours each day, research has revealed that after just 50 minutes of cell phone exposure, the emitted radiation increases brain cell activity in the region closest to the cell phone antenna."
808,by Jay Behm-A very basic way to estimate the cost of building a detached garage is to simply apply a typical average per square foot construction of $30 to $40.That is for an average cost basis for having a contractor / builder build a basic one story garage for you on your property.ut for now this will get you in the ballpark of cost to build your new garage. Foundation/Slab Cost: $_____________________________________. The most reliable method for rough cost estimating of concrete foundation and slab work is to contact a local concrete contractor-one who specializes in this work.
809,"Sony Playstation Contact Support Number, Customer Service, Phone Help. 07/12/2015 by Customer Service Number Helpline 1 Comment. Hey Guys !! In this article we are going to provide lots of valuable information for Playstation lovers who are living in Canada."
810,"The diegesis of a narrative is its entire created world. Any narrative includes a diegesis, whether you are reading science fiction, fantasy, mimetic realism, or psychological realism. However, each kind of story will render that time-space continuum in different ways."
811,"5 comments… add one. 1  Nice, thank you. 2  Thank you so much for this website! 3  what a website for these latin and greek words.Thank you so much for this website!  This really helped!"
812,"In many electronic circuits series resistors are used to get a different voltage across one of the resistors. We'll look at those circuits, called voltage dividers, in a short while. Here's the circuit diagram for a voltage divider."
813,"Diamond clarity is a quality of diamonds relating to the existence and visual appearance of internal characteristics of a diamond called inclusions, and surface defects called blemishes. Clarity is one of the four Cs of diamond grading, the others being carat, color, and cut.IA, as a matter of policy, does NOT grade clarity-enhanced diamonds but it will grade laser-drilled diamonds since it considers the enhancement to be permanent in nature. If you see a GIA Diamond Report with the words clarity enhanced or fracture-filled, it is surely a counterfeit report."
814,! Requires oxygen ! Glucose used as fuel without being converted to lactic acid ! Can supply energy for hours ! Fat and protein can be used as fuel. ! Glucose and fat are the 2 major fuels used to make ATP.
815,"Related to John P Todd I, Emily Kathryn Todd, Julie O Todd View Full Report Premium Result Premium results may include criminal records, bankruptcies, property records, and more."
816,"BY Grace Gerard on September 15, 2016 | 4 comments. Related : General Hospital, Soap Opera, Spoiler, Television. ‘General Hospital’ spoilers indicate that Bryan Craig [Morgan Corinthos] has quit and is exiting the daytime drama. The report that Bryan is leaving comes hot on the heels of ‘GH’ spoilers that Tyler Christopher [Nikolas Cassadine] isn’t returning and his role will be recast."
817,"Retrograde ejaculation is a condition in men where semen enters the bladder instead of leaving the body through the penis. Normally, when a man ejaculates, semen is propelled down through the urethra and out of the body."
818,"Also, Government employees who pay only the HI portion of the FICA tax are only. insured for HI; they are not insured for monthly social security benefits. State and local Government employees hired after March 31, 1986, are eligible for. Medicare coverage and must pay the HI portion of the FICA tax. A State may elect to. cover employees hired prior to April 1986 for the Medicare portion of the FICA tax by."
819,"A 1/2 AL AIC Schools in special measures in England and Wales When a school goes into special measures there can be a considerable impact on the working conditions of teaching and support staff.This factsheet looks at why a school is placed in special measures and addresses the key concerns of its staff. Her Majesty’s Inspectorate (HMI) team will conduct their first monitoring visit within four to six months of the school being judged as requiring special measures.The HMI report may, depending on what progress has been made, recommend that the school be taken out of special measures."
820,"For example, the average PT salary in the nation's top-paying state, Nevada, is $127,900; by contrast, the average salary in the lowest-paying state, Montana, is $69,590."
821,"Offers/Upgrades. Upgrade your 3-Day Park Hopper®: You may upgrade your 3-Day Park Hopper® ticket to another ticket of equal or greater value. Your ticket must be upgraded before the completion of your third visit to the Disneyland® Park. You must purchase your upgrade at Disneyland® Park. For 2017 Southern California CityPASS, a credit of $315 for ages 10+ and $303 for ages 3-9 will be applied toward another ticket of equal or greater value."
822,"Cheyenne (/ʃaɪˈaen/ ʃaɪˈæn-SHY an /or/) (ʃaɪˈɛn: Arapaho'hitesiino') hítesííno oowu óowú is the capital and most populous CITY of the Us state of wyoming and the County Seat. Of laramie county it is the principal City, Of, The Cheyenne Wyoming metropolitan statistical area which Encompasses All. of laramie county"
823,"Farming was very important for the civilizations of the Americas. Both the Aztecs and the Incas were excellent farmers, despite having no animals suitable for pulling plows or carrying heavy loads. Llamas were native to the Andes, but they could only carry small loads. In Mesoamerica, there were no pack animals at all."
824,"The sedimentation rate (sed rate) blood test measures how quickly red blood cells (erythrocytes) settle in a test tube in one hour. The more red cells that fall to the bottom of the test tube in one hour, the higher the sed rate."
825,"The problem for sociologists is that these concepts of the individual and society and the relationship between them are thought of in terms established by a very common moral framework in modern democratic societies, namely that of individual responsibility and individual choice."
826,"Answers from Sheldon G. Sheps, M.D. Yes. If you have a diastolic number — the bottom number of a blood pressure measurement — less than 90 millimeters of mercury (mm Hg) and a systolic number — the top number of a blood pressure measurement — greater than 140 mm Hg, you have a common type of high blood pressure called isolated systolic hypertension."
827,This paper examines the impact of timber trade liberalisation on. economic welfare and forest conservation in Sri Lanka. A partial equilibrium. market simulation model was used to analyse the welfare impacts. Results. show that removal of all border charges reduce timber price by about 25%.
828,Technology Capabilities are conceptual-level elements that capture what technology does. This tutorial introduces Technology Capabilities and describes how to capture them in Essential Architecture Manager. Technology Capabilities are Conceptual View elements that define WHAT technology can do. These often have quite abstract names but it is important that they do not imply any particular class of technology or products.
829,"Then, $120,000 a year was the median amount Americans said they would need to make in order to think of themselves as rich. According to the U.S. Census Bureau, the median annual household income in the United States is roughly $50,000 per year. The Gallup poll finds those below that level typically saying they would need to earn $100,000 or more in annual income to be rich."
830,The state budget agreement reached by Gov. Andrew Cuomo and legislative leaders increases funding for Catholic and other religious and independent schools by $13.5 million over the governor’s proposed budget released in January.
831,"The City of Benton Kansas. 1  Welcome to the official website for the City of Benton, Kansas. We are located in Butler County Kansas approximately 9 miles northeast of the City of Wichita, 5 miles north of the City of Andover, and 12 miles west of the City of El Dorado. Benton was established in 1909 and is currently growing with a population of approximately 900 people."
832,"Research shows that the hormone testosterone does impact sex drive — as well as remedy other sexual problems — in certain women with sexual dysfunction. But the long-term safety of testosterone therapy for women is unknown. For this reason, some doctors are hesitant to recommend it."
833,"Leeds phone numbers. 01132 numbers, 01133 numbers, 01134 numbers and 01138 numbers are all part of the 0113 area code for Leeds and the surrounding area. Leeds has had the area code 0113 since the year 1995. This is followed by a seven-digit local number.K Area Codes and Phone Number Information. 01132 numbers, 01133 numbers, 01134 numbers and 01138 numbers are all part of the 0113 area code for Leeds and the surrounding area."
834,"At first glance, it might seem that if a system has a high availability then it should also have a high reliability. However, this is not necessarily the case. This article will explore the relationship between availability and reliability and will also present some of the specified classifications of availability."
835,"Bhutan is located in the Himalayan Mountains between India and China (Figure 1). The ethnically Nepali, Nepali-speaking Bhutanese, or Lhotsampas (“People of the south”), are a largely Hindu people who moved from Nepal to Bhutan."
836,"The BEHR Premium 1-Part Epoxy is a high-performance, ready-to-use, water-based floor paint that resists hot tire pick-up and marring. The finish is highly resistant to chemicals, oil and gasoline, which reduces the need for maintenance of hard-to-clean interior or exterior floors."
837,Latest Federal Reserve News: [ 1 Tue @ 3:00 pm] Federal Reserve Board permanently bars former employee of Four Oaks Bank and Trust Company from the banking industry. Federal Reserve Board permanently bars former employee of Four Oaks Bank and Trust Company from the banking industry….
838,"Hydrodynamic dispersion includes both mechanical dispersion and molecular diffusion spreading out the solute in direction of flow (longitudinal dispersion) and perpendicular to it (transverse dispersion). Hydrodynamic dispersion in flow direction is expressed by Eq. (2):(2).he product of longitudinal dispersivity and advective velocity is known as mechanical dispersion described in the previous paragraph. 3.4. The Peclet Number. At a low solute velocity, diffusion is an important contributor to the hydrodynamic dispersion."
839,"Window air conditioners are portable, but they are heavy and can't be rolled to another room. In most cases, you'll leave a window air conditioner in the window. If it's not a reverse cycle air conditioner, you might remove it during the cooler months, but you may need two people to carry the unit."
840,"On Ethiopian Airlines, customers may bring 2 pieces of checked luggage on their journey with them, free of charge. If flying in Economy class, the weight limit for each piece of baggage is 50 pounds whereas that limit is 70 pounds if flying in Business class (called Cloud Nine on Ethiopian). Any additional pieces of luggage will cost $150 each. Ethiopian has a lenient carry-on policy."
841,"Below are eye symptoms to look out for: 1  Pressure behind the eye sockets and sometimes blurry vision may point towards the disorder. 2  An increase in sensitivity to light, constant watery eyes and straining that is not associated to any eye problems are common TMJ symptoms."
842,"Trading symbol. All companies listed on the New York Stock Exchange (NYSE), the American Stock Exchange (AMEX), or the NASDAQ Stock Market are represented by a unique combination of one to five letters of the alphabet.ome, but not all, trading symbols are easily associated with their companies, such as GE for General Electric or YHOO for Yahoo!. Sometimes, the exchange trading symbol varies slightly from the way the company is designated on the ticker. 1  Facebook."
843,This compendium is limited to the negotiations phase of. settlements (which includes client counseling). These Guidelines do not. address the enforcement of settlement agreements or requests for. sanctions for conduct in settlement negotiations.
844,"The Santa Clara Motel is just two blocks from the ocean, and 100 feet from Mission Bay. To view a map of this location, please click here. We look forward to assisting with your housing needs."
845,"To raise a child born in 2013 to the age of 18, it will cost a middle-income couple just over $245,000, according to newly released estimates from the U.S. Department of Agriculture. That's up $4,260, or almost 2%, from the year before.Estimates can vary widely depending on where you live and how much you earn.elated: 'The most surprising cost of raising my kid'. Child care, in particular, is a huge burden -- often costing as much as the family home. In 2012, center-based care for one infant was greater than median rent payments in nearly half of the states, according to Child Care Aware of America's most recent report."
846,don't be afraid...you will be downloading a zipped file. A zipped file is simply something that contains several other files. When you finish downloading it just right click on the file and go to extract. Then its done..It won't delete any files from your computer.
847,"A plain cup of brewed coffee has less than 5 calories — and no fat. But if you dress up your coffee with extras, whether at home or your favorite coffee shop, you also add extra calories. See how many calories these extras can add to your coffee: Sugar: 16 calories for 1 teaspoon (4 grams) Heavy whipping cream: 101 calories for 2 tablespoons (1 ounce, or about 30 milliliters) Half-and-half: 37 calories for 2 tablespoons (1 ounce, or about 30 milliliters)"
848,"1975 Martha Avenue, Suite A / Idaho Falls, ID 83404 (208) 522-6930. 2. The Procedure. Anterior Cervical Discectomy is typically performed to relieve pain, numbness, and/or. weakness that may be associated with cervical disc disease, spurs, and/or pressure on the nerves. and/or spinal cord."
849,"1 To provide short-term ventilatory support: Appropriately applied IPPB therapy improves the distribution of ventilation in patients with ventilation-perfusion mismatch, and has a great potential for decreasing the incidence of postoperative atelectasis and pneumonia."
850,"Leadership of the organization, newly-elected every four years, establishes the theme, focus and direction of the sorority's international program which is implemented at the local, national and international level."
851,"It might be that he or she will not want to do the work if the healing will be compromised. This is something that you and the artist will have to deal with. No matter how eager you are to go ahead with the tattoo, the artist has to think of the possible consequences for both of you if things go wrong. Some people worry about infections or HIV. Going only to a reputable shop will reduce the likelihood of that to the bare minimum."
852,The Low GI Symbol is a powerful tool consumers can trust to quickly and reliably make healthy food choices. Find out more here. The Low GI Symbol is a powerful tool consumers can trust to quickly and reliably make healthy food choices.
853,"1. The sum of the open currency spot position and the open currency forward position, being the measure of the foreign exchange risk. 2. The open currency position is the difference between balance assets and liabilities in foreign currency plus the forward (conditional and unconditional) forex purchased and sales.The open currency position is the measure of the foreign exchange risk. Related position codes are: 1. Open currency position per CCY. 2.. The open currency position is the difference between balance assets and liabilities in foreign currency plus the forward (conditional and unconditional) forex purchased and sales. The open currency position is the measure of the foreign exchange risk. Related position codes are: 1. Open currency position per CCY. 2."
854,"Dizziness, Fatigue, Headache and Muscle weakness. WebMD Symptom Checker helps you find the most common medical conditions indicated by the symptoms dizziness, fatigue, headache and muscle weakness including Middle ear infection, Lack of exercise, and Hypocalcemia. There are 136 conditions associated with dizziness, fatigue, headache and muscle weakness."
855,"The Step-up-as the name implies-is nothing more complex than stepping up onto an object, then stepping back down from it. Although it is an incredibly simple exercise, there are a few things to be aware of. Factors to consider. Perhaps the most important of these is the height of the step. The basic exercise works the hips and thighs, and the step height adjust things in favour of the quadriceps or hamstrings. A higher step works the hamstrings harder, a lower step targets the quads (1)."
856,Replace your basement shower and drainage system. I am not a professional plumber but i did my homework. I couldn't find a step by step on youtube so i hope someone will find this helpful. 1957 house using 3 galvanized steel sewage. Creating Shower Pan:
857,"The White House responded to Donald Trump keeping 1,000 jobs in the US by dropping a huge fact bomb that showed just how little Trump has accomplished compared to President Obama. The Hill reported that Press Secretary Josh Earnest said that the White House was pleased that the jobs were staying, then he added:"
858,"There are certain Lights that are sold as black lights but they are actually BLB or black light blue and do not emit the proper light for many applications. We have found this to be the case with many keychain lights that only emit a blue light. All of our Black lights are True UV bulbs and are safe, long wave style."
859,"Home Health. An Interview with the 1st Provider to Achieve ACHC Distinction in Palliative Care. This spring, Mountain Valley Hospice & Palliative Care became the first provider to achieve Accreditation Commission for Health Care’s newly launched Distinction in Palliative Care. For Denise Watson, MVHPC executive director, distinction has made a world of difference."
860,"respiration. 1  act or process of respiring; breathing; inhaling and exhaling air. 2  the processes by which a living organism or cell takes in oxygen from the air or water, distributes and utilizes it in oxidation, and gives off products of oxidation, esp. carbon dioxide. The process of inhaling and exhaling; breathing, breath. 2  An act of breathing; a breath. 3  Any similar process, in organisms that lack lungs, that exchanges gases with its environment."
861,"Indeed, the 277 move game was played in a tournament on the Internet Chess Club. Oddly enough, I found that the average length of a game (played by humans) is roughly 40 moves. Based on the statistics provided by the Chessgames database (685,801) games, the average number of moves is 40.04."
862,"Step 2 - Remove the Text Block. Hover over the footer and click Edit. In the footer editor, click and drag the Powered by Squarespace Text Block into the trash icon that appears. Depending on your template, it'll look something like this:"
863,"Many conditions can cause sharp pain in the left side of the head. Photo Credit headache image by Jarek Miarka from Fotolia.com. Many conditions can cause sharp pain in the left side of the head. According to the Family Doctor website, migraine headaches are one of the most common causes of head pain. However, migraine headaches usually cause throbbing or dull aching pain, not sharp pain. Sharp head pain can manifest suddenly, and it can appear on one side of the head or both sides of the head. In some cases, sharp head pain can impair a person's ability to perform her activities of daily living."
864,"Mr. Noll has served as Chairman of the Board of Hanesbrands Inc. since 2009, Executive Chairman since October 1, 2016, and Chief Executive Officer from 2006 to October 1, 2016. Previously in his career, Mr. Noll led the turnarounds of several Sara Lee Corporation bakery and apparel businesses, consulted for Strategic Planning Associates, and began ..."
865,"The human brain is a unique and complex structure; it facilitates vital and complicated physiological and psychological functions such as consciousness, mobility, emotion, and personality. Different parts of the brain are responsible for specific functions."
866,Medical marijuana business applications due March 20. Pennsylvania patients moved one step closer to access on January 17 when the Pennsylvania Health Department released applications for grower/processor and dispensary permits.
867,POSITION DESCRIPTION POSITION: Food & Beverage Manager PROPERTY: Hard Rock Hotel and Casino Sioux City DEPARTMENT: Food and Beverage REPORTS TO: Director of Food & Beverage POSITION SUMMARY The incumbent in this position is responsible for managing the food and beverage operation for
868,"Within each area, the group number (middle two (2) digits) range from 01 to 99 but are not assigned in consecutive order. For administrative reasons, group numbers issued first consist of the ODD numbers from 01 through 09 and then EVEN numbers from 10 through 98, within each area number allocated to a State."
869,"up vote 1 down vote. Nope, you'll have to change the SIM card to put it in an iPhone 5. The iPhone 5 uses a new SIM card format called nano-SIM, and it is not possible to convert a micro-SIM (SIM for the iPhone 4) to a nano-SIM.However, the reverse operation is possible.Adaptors exist (or will exist) to convert nano-SIM to the micro or normal SIM formats.p vote 1 down vote. Nope, you'll have to change the SIM card to put it in an iPhone 5. The iPhone 5 uses a new SIM card format called nano-SIM, and it is not possible to convert a micro-SIM (SIM for the iPhone 4) to a nano-SIM."
870,"fully equipped and ready to go. This beautiful turn-key ranch is ready to move in. Here is a turn-key investment: a gas station on Forth and Main. See more words with the same meaning: business (related to). Last edited on Mar 19 2014. Submitted by Mr. Cee on Mar 19 2014. an adjective for kids who have to go home to an empty house after school, using their own key to get inHe's a turn key kid. Last edited on Apr 27 2014."
871,"2. Limited Returns. Another reason that you might want to stay away from bond funds is that they offer limited returns. Bond funds are backed by bonds. A bond, by nature can only earn so much interest during its lifespan.Most of the time, the returns are not that high when you compare them to other investments.owever, here are a few reasons that you might want to stay away from bond funds. 1. No Control. One of the biggest drawbacks to investing in a bond fund is that you have no control over what happens. You buy a share into the bond fund and essentially give your money to the fund to use."
872,"For slightly more aggressive cleaning (on a derailleur bike), get a chain washer and the associated solvent. Fill the washer and clamp it on, crank backwards for 30-60 seconds. Wipe with a rag. Apply chain oil.Wipe. If you're riding daily this is probably what you should use, every week or two.pply the chain oil fairly liberally (drizzle it on while cranking the chain backwards, if the bike has a freewheel), then wipe the chain with a rag (while cranking backwards). If the chain is REALLY dirty, repeat."
873,"Los Gatos, CA weather and traffic updates by locals. Write your own weather report, forecast, or traffic update: Please note by clicking on Post you acknowledge that you have read the Terms of Service and the report and/or forecast you are posting is in compliance with such terms. Be respectful."
874,"Here's a simple rundown of what codec packs are and when you should use them. Note: This post really applies to Windows only. Mac users have a codec pack called Perian which works great, and is useful if you want to watch videos in QuickTime or iTunes rather than VLC."
875,"Erectile Dysfunction is a common condition in men with diabetes. The long term poor blood sugar control damages the nerves and blood vessels. I am not sure about Bois Bande, but when we talk about a Herbal solution, Panax Ginseng is the first herb that comes to my mind. Also known as Ginseng Korean."
876,"Blue Cross Blue Shield Tower. The Blue Cross Blue Shield Tower (BCBS) is located on the north end of Millennium Park along E. Randolph Street at the NE corner of Randolph and Columbus Drive, in Chicago, Illinois, United States of America. It is home to the headquarters of Health Care Service Corporation."
877,"Source: CDC, Frequently Asked Questions: AIDS Prevention and Transmission, 19 Dec. 2003, http://www.thebody.com/cdc/faq/transmissionFAQ.html Upon entering the male, HIV can spread to the rest of the body through the penis's mucosal linings."
878,"Technologies that promote sustainable energy include renewable energy sources, such as hydroelectricity, solar energy, wind energy, wave power, geothermal energy, bioenergy, tidal power and also technologies designed to improve energy efficiency. Costs have fallen dramatically in recent years, and continue to fall.eat pumps and Thermal energy storage are classes of technologies that can enable the utilization of renewable energy sources that would otherwise be inaccessible due to a temperature that is too low for utilization or a time lag between when the energy is available and when it is needed."
879,"iOS 9.1 has a limited number of outward facing changes. It includes support for Unicode 7 and 8, introducing a range of new emoji like...burrito, cheese wedge, middle finger...and more."
880,"Prostate cancer primarily affects the male urinary and reproductive systems. Urinary problems can include difficulty starting and stopping urination or a weakened urine stream, feeling the need to urinate more than usual, blood in the urine, or a burning sensation during urination."
881,"Salter Harris Fractures 4 and swelling around or near the end of a long bone. Precise diagnosis can only be certain with radiographic images (Salter, 1999, pp. 499-504). A mnemonic used to help remember the five different types of Salter-Harris fractures are given in a manual that is used as"
882,"Average Annual Salary. According to the Bureau of Labor Statistics, the average annual salary for payroll administrators in 2011 was $38,080. The top 10 percent earned an average of $54,580 a year, while the bottom 10 percent earned $24,050.Payroll administrators in the 25th percentile earned an average of $30,100.mployment Level by State. According to the BLS, the state with the highest employment level of payroll administrators in 2011 was California. Administrators there were paid an average annual salary of $43,430. Texas had the second most payroll administrators and paid them an average of $36,250 a year."
883,"Medicare is a Federal health insurance program for people 65 years of age or older, under 65 with certain disabilities, and any age with end-stage renal disease (permanent kidney failure requiring dialysis or a kidney transplant)."
884,"Here is a method for treating skin conditions that uses steam, baby oil, and moisturizer. 1. Put water in a pan and bring to a rapid boil. The more water the longer it will last at a boil, so, put enough in for 8 minutes. Usually, about 3 inches (7.6 cm) of water from bottom of pan."
885,"Disk Wipe. Disk Wipe is a free utility for wiping data from a hard disk in a secure manner. Like Eraser, Disk Wipe includes a number of different algorithms, including DoD 5220-22.M, and Peter Guttman. The really nice thing about this utility is that it is portable, so you don't have to install it to be able to use it.isk Wipe. Disk Wipe is a free utility for wiping data from a hard disk in a secure manner. Like Eraser, Disk Wipe includes a number of different algorithms, including DoD 5220-22.M, and Peter Guttman. The really nice thing about this utility is that it is portable, so you don't have to install it to be able to use it."
886,"An IQ test score is calculated based on a norm group with an average score of 100 and a standard deviation of 15. The standard deviation is a measure of spread, in this case of IQ scores. A standard devation of 15 means 68% of the norm group has scored between 85 (100 – 15) and 115 (100 + 15)."
887,"The neurons carrying information to the SCN, however, take a different path. They exit the optic chiasm and turn upward, toward the SCN (suprachiasmatic means above the chiasm). The SCN is a small, paired, wing-shaped structure in the hypothalamus, located at the base of the brain. The animation shows the isolated left SCN, optic nerve, and eye, while the right SCN is shown embedded within the hypothalamus in the brain. Within each side of the SCN is a network of up to several thousand neurons."
888,"Powerade Zero 0 g 0 tsps. Limiting the amount of sugar you eat and drink significantly decreases the risk of dental caries. Not. only does the amount of sugar you consume affect your smile, but it also leads to weight gain and. decreases the intake of important nutrients."
889,"There are many exemptions to Maryland’s inheritance tax. The inheritance tax does not apply when property is inherited by the deceased person’s: 1  spouse. 2  child (biological or legally adopted), stepchild, former stepchild, grandchild, or other lineal descendant.  parent (including stepparent or former stepparent)"
890,"Card Access Control Average Costs. Expect to pay an average of $1,500 to $2,500 per door for a high quality system for up to 150 people. If you’re looking for a card access service that will service 150+ employees and have two to three access doors it will cost upwards of $2,500 to $3,500."
891,"The Red Cross CNA Training Program prepares individuals with the information and the experience needed to become a Nurse Assistant who will provide quality care for residents in long-term care facilities, hospitals, home health care and hospice settings."
892,"1. 1  a word having the same or nearly the same meaning as another in the language, as happy, joyful, elated. A dictionary of synonyms and antonyms (or opposites), such as Thesaurus.com, is called a thesaurus."
893,Analysis of the levels of toxic metals in urine after the administration of a metal detoxification agent is an objective way to evaluate the accumulation of toxic metals. Acute metal poisoning is rare.
894,"Summertime Ball. The Summertime Ball is an annual music event organised by Capital FM. First held in Arsenal s Emirates Stadium in 2009, it has since moved to Wembley Stadium where it has been held ever since.The festival chooses to donate a portion of it s profit to the Help a Capital Child charity.he Summertime Ball is an annual music event organised by Capital FM. First held in Arsenal s Emirates Stadium in 2009, it has since moved to Wembley Stadium where it has been held ever since."
895,"The reasons for these false-negative reactions may include, but are not limited to, the following: 1  Cutaneous anergy (anergy is the inability to react to skin tests because of a weakened immune system) 2  Recent TB infection (within 8-10 weeks of exposure) 3  Very old TB infection (many years)  Very young age (less than 6 months old)"
896,"New Jersey. New Jersey’s approximately 74,730 registered nurses also earn salaries above the national average. According to the BLS, New Jersey’s average hourly wage for nurses was $36.05, or $74,990 annually, in May 2009.In the Newark metropolitan area, a nurse’s average annual salary is even higher, at $77,970.hat You Can Expect to Earn as a Nurse. The Bureau of Labor Statistics (BLS) reported that in 2014 nationally, a registered nurse’s median annual salary was $66,640. The lowest 10% of registered nurses on the pay scale earned $45,880 annually, while the top 10% of earners brought in $98,880 in annual pay."
897,"Since the federal government pays the interest while you are in school at least half-time, during the grace period, and during periods of authorized deferment, Direct Subsidized Loans are the least expensive federal student loans available."
898,"IT Band Causes. The most common cause of IT Band pain is a stress injury, the result of certain muscles surrounding the knee becoming neglected as others strengthen. IT Band injuries most commonly befall runners, and this type of injury is most likely to develop slowly over time."
899,"serving or tending to connect: connective remarks between chapters. noun. 2. something that connects. 3. Grammar. a word used to connect words, phrases, clauses, and sentences, as a conjunction."
900,"―Peeta Mellark to Katniss Everdeen. Peeta Mellark, a baker's son from District 12, is one of the main characters of the The Hunger Games trilogy. He is a very compassionate person and is good with words. He has been in love with..."
901,Components of Medical Words. Most medical terms are compound words made up of root words which are combined with prefixes (at the start of a word) and suffixes (at the end of a word). Thus medical terms that may at first seem very complex can be broken down into their component parts to give you a basic idea of their meaning. neuro- means nerve.
902,"Asbestos is a unique mineral in that it was used in so many applications, that it could be found in nearly any industrial or commercial product. Among the many industries known for heavy asbestos use was the automotive industry.hile asbestos was banned in most applications in the late 1970s in the United States by the Environmental Protection Agency and Consumer Product Safety Commission, many older automotive parts still contain the harmful toxin. Asbestos can also be found in trace amounts in newer products as well."
903,"The Longest-Reigning Current Monarchs around the World. The living monarchs with the longest reigns today hail from all parts of the world, from Europe to the Middle East and Asia. Depictions of past Thai monarchs are displayed at the Thai Human Imagery Museum. The country's current King is the longest reigning current monarch in the world."
904,Follow the Postal Service on Twitter @USPS_PR and at Facebook.com/usps. 1  This article filed under: 2  News. 3  Buffalo Grove. 4  Deerfield. 5  Mount Prospect. 6  Northbrook. 7  Prospect Heights. 8  Wheeling.
905,"Playing Taylor Kinney Reveals Why Lady Gaga Slapped Him When They First Met. Lady Gaga was not smitten with her fiance Taylor Kinney upon first laying eyes on him. In fact, the handsome Chicago P.D. star told Watch What Happens host Andy Cohen that Gaga slapped him during their initial meeting."
906,"With a CPA-reported client admissions success rate, a highly coveted A+ Rating from the respected Better Business Bureau, plus hundreds of testimonials and endorsements, The MBA Exchange offers third-party confirmation of performance and professionalism."
907,"Cost Factors. When getting a cost quote for painting walls/masonry we suggest you make sure it includes all of the following: Scaffold/access requirements and separate cost for this. Minor cement repairs to render. Preparation work – rub down, moss/mould treatment, etc. Stabilizer. Good quality paint."
908,"The Presumption of Intoxication. Recently, I won a workers compensation jury trial on whether or not my client was intoxicated at the time of his injury. Intoxication cases are extremely difficult to win due to both the definition of intoxication and the way that the Division of Workers Compensation decides intoxication cases. There is a strong public policy in favor of maintaining a drug free workplace."
909,Baroid has engineered high-performance water-based fluids that emulate the performance of an invert emulsion fluid. Each fluid system is customized to address specific drilling challenges. Highly inhibitive products combat shale swelling and provide wellbore stability.
910,"Numbness or tingling in the hands and/or feet (peripheral neuropathy) Neuropathy means that something is wrong with nerve tissue. Peripheral neuropathy refers more specifically to numbness in the fingers, hands, toes and feet. Although some people in lung cancer treatment never develop this condition, it is a fairly common occurrence. It may get better over time or the problem may continue after treatment."
911,"1 Smooth muscle or involuntary muscle is found within the walls of organs and structures such as the esophagus, stomach, intestines, bronchi, uterus, urethra, bladder, blood vessels, and the arrector pili in the skin (in which it controls erection of body hair)."
912,"Popular sovereignty is the belief that the state is created by the mandate of its people, who are the source of all political power. It is closely associated to the social contract philosophers, among whom are Thomas Hobbes, John Locke and Jean-Jacques Rousseau. The notion that power lies with the people."
913,"A mayor is an elected person who serves as the head of a city’s government. He or she has many responsibilities and follows a goal of making that city a great place for its residents to live. Mayors decide how to spend money on local programs, construction projects, parks, city streets, and other things.At city council meetings, where local officers discuss current and upcoming plans for their areas, the mayor listens to everything and has the power to vote on which plans should be put into practice.e or she has many responsibilities and follows a goal of making that city a great place for its residents to live. Mayors decide how to spend money on local programs, construction projects, parks, city streets, and other things."
914,"The pantheon of the Maya is a vast collection of deities who were worshipped throughout the region which, today, comprises Yucatan, Quintana Roo, Campeche, Tabasco, and Chiapas in Mexico and southward through Guatemala, Belize, El Salvador and Honduras."
915,"UV STERILIZER for Water is purification system, effective in killing airborne and waterborne bacteria. used to treat and clean water from polluted sources. UV STERILIZER for Water is purification system, effective in killing airborne and waterborne bacteria. used to treat and clean water from polluted sources."
916,"General surgeon salary and wage in USA. Based on percentiles, the median yearly salary for 90th percentile of surgeons has been around $419,139. Similarly, about 75th percentile of surgeons received $367,032, 25th percentile of them received $271,246 while 10th percentile received $236,145 per year."
917,"In a basic handstand the body is held straight with arms and legs fully extended, with hands spaced approximately shoulder-width apart. There are many variations of handstands, but in all cases a handstand performer must possess adequate balance and upper body strength.andstands are also commonly used in breakdance, often used for complex 'freezes'. In the nature of breakdance there is no correct style of handstand, with an 'anything goes' mentality. Legs will be bent, shoulders closed, head facing any direction-the goal is to create as interesting and complex shapes as possible."
918,Greek lexicon based on Thayer's and Smith's Bible Dictionary plus others; this is keyed to the large Kittel and the Theological Dictionary of the New Testament.. These files are public domain. Bibliography Information. Thayer and Smith. Greek Lexicon entry for Kruptos. The NAS New Testament Greek Lexicon.
919,"Diverticulitis occurs when a small pocket on the wall of the colon ruptures. If the hole seals quickly, one may be treated as an out-patient with oral antibiotics. Often, the inflammation is more severe, requiring IV antibiotics in the hospital."
920,"Age and discount policies vary by theater. Generally, a child ticket category is considered to be for children between 2 and 11 years old and a senior ticket category is considered to be 65 years old and over. However, some theaters may have additional restrictions or use a different age break.enerally, a child ticket category is considered to be for children between 2 and 11 years old and a senior ticket category is considered to be 65 years old and over."
921,"Certification for EKG technicians, which results in the title of Certified Cardiographic Technician (CCT), is available from Cardiovascular Credentialing International (CCI). To qualify for certification, you need to have completed certain work or education requirements (cci-online.org)."
922,"A point source is a single, identifiable source of pollution (Wikipedia), such as a pipe or a drain. Industrial wastes are commonly discharged to rivers and the sea in this way."
923,"Machias & East Machias residents sign up here to register to receive FREE smoke alarms from the American Red Cross and Emera Maine... Learn More. At times, Emera Maine customers may be targeted by scammers, claiming to be representing the utility. Learn more to safeguard yourself against suspicious calls ..."
924,"[ syll. ma-lou, mal-ou ] The baby girl name Malou is of French origin. It is used mainly in the English, French, and German languages. Malou is a variant of Malu (French, Hawaiian, and Portuguese). Malou is also a familiar form of Marie Louise (French) in the English, French, and German languages.Malou is not frequently used as a baby girl name. It is not listed in the top 1000. syll. ma-lou, mal-ou ] The baby girl name Malou is of French origin. It is used mainly in the English, French, and German languages. Malou is a variant of Malu (French, Hawaiian, and Portuguese). Malou is also a familiar form of Marie Louise (French) in the English, French, and German languages."
925,"In Excel, select the worksheet data that you want to copy to a Word document. On the Home tab, in the Clipboard group, click Copy. Keyboard shortcut You can also press CTRL+C. In the Word document, click where you want to paste the copied worksheet data."
926,Better than easy -- it's effortlessDirect Deposit is the fastest and most convenient way for receive your deposit. Here are just a few of the advantages:Your money is immediately available.Your money is typically in your account before your workday begins.Save yourself a trip to the bank.To set up Direct Deposit with
927,"Edie fills her tarts with either Bavarian cream - a combination of custard powder blended with milk, vanilla and a small amount of nondairy whipped topping folded into heavy whipped cream - or a cooked, cooled custard (a basic pastry cream) with some whipped cream folded in."
928,"If possible, it would be in your best interest to wait until age 59.5 or older to withdraw funds from your 401K. This way you will only owe tax on the money, and can avoid a 10 percent penalty. Always remember: the money you put into your 401K is not taxed. But you will pay taxes when you withdraw the funds."
929,"Family and friends of Dubose, who was shot by University of Cincinnati police July 19, are asking the prosecutors office for the body camera footage of the incident that started as a traffic stop but ended in a fatal shooting death of Debose."
930,"Your resume is a chance to showcase how your skills, experience, and knowledge have produced quantitative results for previous employers. Avoid overusing I and focus instead on what you can bring to company and role you're interest in. Remember, it's less about you and more about them."
931,"Diana Gabaldon and her Webmistress would love to help all of you with complete information, but it is important to understand that Diana does not control when the Outlander TV series is shown or released on DVDs or Blu-Ray in different countries around the globe."
932,"Use the following tips if you want to write a genre analysis essay that will truly stand out: 1  Provide some additional information on the genre itself. Although people often use the names of different genres in everyday conversations, few actually understand all their nuances. 2  Consider your audience."
933,"Pipelines are generally buried and therefore the outside pipe surface is not available for visual. inspection. To overcome this restriction, tools have been developed to inspect the pipe wall. thickness, position, and geometry from inside the pipeline, hence the reference to in-line. inspection (ILI)."
934,"But that wouldn’t be true. Johnson was a man of his time, and bore those flaws as surely as he sought to lead the country past them. For two decades in Congress he was a reliable member of the Southern bloc, helping to stonewall civil rights legislation."
935,"So 550 BC means 550 years before Jesus was born. And 2000 AD almost means 2000 years after Jesus was born ... ... except AD started at 1, not 0. So, 2 AD is actually 1 Year after Jesus was born. And 2000 AD is actually 1999 Years after Jesus was born.nd if you continue counting years from then you get our current year number. So, AD is now just a Year Number (every New Year we add 1), and it only roughly equals how many years ago that Jesus Christ was born."
936,(CNN)Biggest Loser host and fitness trainer Bob Harper said he is thankful to be alive after suffering a mid-February heart attack at age 51 while working out in a New York City gym. I had what they call a widowmaker. ...
937,"UW-La Crosse has entered into a partnership with UW Credit Union to provide banking services to the campus community. In addition to providing surcharge-free ATMs on campus and online banking, UW Credit Union will open a full-service branch in the new student center in January. An interim branch opens in 228 Cartwright Center Wednesday, Aug. 31, for use during fall semester."
938,Rating Newest Oldest. Best Answer: chicken & fish There are many different amino acids that you body must have. Your body produces some essential amino acids while others must be found in another source such as various types of high protein foods or supplements. Regardless of the type of high protein foods you eat the first thing you need to do is to determine the actual amount of protein in the food.
939,"The extended list of topics containing much new material, pictures and audio clips is to to found in the History section. All pictures, unless otherwise stated, are from the archives of the Kings Langley Local History and Museum Society (KLLH&MS). Please contact us with any queries, and especially, let us know if you can supply any further information."
940,I hope not! I'm a guy and sometimes my stomach is bloated and hurts. If that meant I'm pregnant I'd really doubt my gender.
941,"Princeton's WordNet(0.00 / 0 votes)Rate this definition: 1  imprint(noun) a distinctive influence. English stills bears the imprint of the Norman invasion. 2  depression, impression, imprint(noun) a concavity in a surface produced by pressing. he left the impression of his fingers in the soft mud."
942,"TTP: Syndrome of hemolytic anemia, thrombocytopenia, and acute renal failure, with pathological finding of thrombotic microangiopathy in kidney and renal cortical necrosis. Source: Diseases Database."
943,"OhioHealth - 120 reviews - Columbus, OH 43215 (Downtown area) Job Title Protective Service Officer Armed/OPOTA Job ID 953750 Location Grant Medical Center Full/Part Time Full-Time Favorite Job Regular/Temporary Regular."
944,--TX--Tarrant County--Colleyville Municipal Court: Traffic Lawyers--TX--Tarrant County
945,"Welcome to KEYSTONE FENCE PRODUCTS. We offer Parmak or Parker McCrory brand fence chargers and energizers to professional farmers, ranchers as well as hobby farmers. Parmak is the worlds oldest name in electric fencing and largest volume manufacturer of electric fencers."
946,"1 Preheat oven to 350 degrees F (175 degrees C). 2  In a heavy saucepan or skillet, brown the ground beef and onions. Season the ground beef mixture with garlic salt and set aside.  In a skillet, fry the tortillas in vegetable oil. Spoon some meat mixture and cheese into the center of each tortilla, roll them up and arrange them in a 9x13 inch baking dish or oblong pan. Pour the enchilada sauce over the rolled enchiladas and top with any remaining meat or cheese."
947,Certified Humane Raised and Handled is a certification and labeling program that is the only animal welfare label requiring the humane treatment of farm animals from birth through slaughter.
948,"The performance rate in Endpoint is in Megabytes, and task manager’s network transfer rate (I assumed you issued it to check the connection speed, right?) is in the Megabits. Keeping in mind that 1 megabit [Mb] = 0.125 megabyte [MB] - your output looks good"
949,"Fresh aronia berries are commonly used to make juice, jam, syrup, and wine. Dried aronia berries, which are available in many health food stores, can be eaten as a healthy snack, added to muesli, or used in muffins and other baked goodies."
950,"We hear it as the change in pitch of a train's horn as it passes us, says Watson. In light waves, it causes things moving towards you to shift to shorter wavelengths at the blue end of the spectrum. And objects moving away from you shift to longer frequencies, at the red end of the spectrum.. Astronomers used the Doppler effect to find the new solar system, says Watson."
951,"The rabies incubation period may vary from a few days to several years, but is typically one to three months.During this time, the rabies virus is multiplying within the body. At some point, the rabies virus will travel along nerve cells to the brain.ventually, the virus cause rabies symptoms to develop. The period from the time from infection to the onset of symptoms is known as the rabies incubation period."
952,"How long and at what temperature should I cook a beef roast in the oven? Roasting is a great cooking method for a large, tender cut of beef  such as a rib or sirloin roast.Sirloin-tip, rump, rolled-rump, eye-of-round or top-round roasts will also benefit from this cooking method if they are graded prime or choice. sirloin roast of 8- to 12-lbs will take 16-20 minutes for rare, 20-22 for medium rare, 23-25 for medium, and 26-30 for well done. A boneless top round, by contrast, will take 28-30 minutes for rare, 30-33 for medium rare, 34-38 for medium, and 40-45 for well done."
953,"Pour tequila into a shot glass. Add the sambuca and a few drops of tabasco sauce (or 2 - 3 coffee beans). Pour some sambuca all over the glass and ignite. Let it burn for approx. 10 to 20 seconds. Sip through a straw, or extinguish to drink."
954,"Good PSAT Scores for Sophomores Average scores (scores in the 50th percentile) are around 42 in each section, or about 126 total. A good score would be higher than average. This chart shows estimates for the minimum section and composite scores you would need to make it in the 70th, 80th, 90th, and 99th percentiles."
955,"DIY Battery Reconditioning Guide. If you want to learn more on how to recondition a battery, you can check out the Reconditioning Battery guide by Les Oke. Les and his family have been living off the power grid for more than 15 years. To commute, the whole family use a pure electric car."
956,"duplex - a house with two units sharing a common wall. duplex house, semidetached house. house - a dwelling that serves as living quarters for one or more families; he has a house on Cape Cod; she felt she had to get out of the house. duplex apartment. apartment, flat - a suite of rooms usually on one floor of an apartment house."
957,"No it is not bad to eat to many bananas.Its bad if that's all u eat but its like any other fruit it means your getting a lot of nutrition from the bananas. I eat 2 bananas a day, but when I eat 3 or more a day, my semen volume increases a lot. And she just loves it. Bananas and pineapples makes it taste better. Go for it guys, shoot it on to her face, taste good and smells good too. It would depend on exactly how many you ate, but bananas are very high in potassium."
958,Offset Loan. Offset Loan. A type of loan in which the borrower maintains a savings account with the lender so that the account balance is netted against the loan outstanding for purpose of interest calculation. The interest rate on Offset loans is typically higher than the ones without this feature.
959,"The timing of two cosmic events will present skywatchers with a great opportunity to see Venus in the daytime sky on Friday, if weather conditions are good. Venus is the third brightest natural object in the sky, behind the sun and the moon. Even though Venus is very bright, it's not always easy to find in the daytime sky. But on Dec. 6, Venus shines at its brightest, with a brightness magnitude of -4.9. Brighter stars have lower magnitude numbers. The brightest stars in sky are a magnitude 1, while the full moon is a magnitude -12.7, for example."
960,"Palermo average June sea temperature. Max: 26.6°C / 79.9°F. Avg: 23.1°C / 73.6°F. Min: 20.2°C / 68.3°F. These figures are calculated from several years of recorded data and are the maximum, minimum and average temperatures of all the recorded years. Average daily June sea temperatures. Monthly Palermo water temperature chart."
961,"Learn about the education and preparation needed to become a music producer. Get a quick view of the requirements as well as details about degree programs, job duties and employment outlook to find out if this is the career for you.usic Producer Job Summary. Music producers should be able to bring out the best in recording artists through their knowledge of vocal and instrumental arrangements. Some producers hire musicians and singers to perform selected songs; other producers are hired by bands or solo artists to oversee recording sessions."
962,"Two of the major reasons why you or someone you know might smell like a used sock in a high school football locker is due to two chemical compounds called ammonia and aldehydes. Ammonia toxicity and aldehyde toxicity are two common findings in clinical practice and both can wreak havoc on your health and not only leave you searching for a stronger deodorant, but also with physical, mental and neurological symptoms."
963,"Chromium is a steel-gray lustrous metal that is important as an additive in the manufacture of steel alloys (chrome steel, chrome-nickel steel, stainless steel) and greatly increases the durability and resistance of these metals; hence its use in metal prosthetic implants."
964,"1 For patients not covered by health insurance, radiation therapy can cost $10,000-$50,000 or more, depending on the type of cancer, number of treatments needed and especially the type of radiation used. For patients covered by health insurance, out-of-pocket costs for radiation therapy typically consist of doctor visit, lab and prescription drug copays as well as coinsurance of 10%-50% for procedures and surgery."
965,"Universal Grammar (UG) is a theory in linguistics, usually credited to Noam Chomsky, proposing that the ability to learn grammar is hard-wired into the brain.It is sometimes known as 'mental grammar', and as opposed to other 'grammars', e.g. prescriptive, descriptive and pedagogical.he distinction is important because there is a long history of argument about UG*, whereas most people working on language agree that there is Universal Grammar. Many people assume that Chomsky means UG* when he writes UG (and in some cases he might actually mean UG*, though not in the passage quoted above)."
966,"The story behind the name: Perseus was the son of the Greek god Zeus and the mortal princess Danae. Perseus' grandfather, Acrisius, the king of Argos, was warned by an oracle that he would be killed by his grandson. Acrisius locked his daughter Danae in a dungeon to prevent her bearing a child."
967,"Foods That Will Increase Testosterone Production. Testosterone, or also known as the “male” hormone is an androgenic and anabolic steroid produced in the testes in men and in very small amounts in ovaries in women. Men produce about 50 to 60 percent more testosterone than women."
968,"Double jointing is performed at our facilities using state-of-the-art welding methods and accurate non-destructive testing controls. Tenaris provides double jointing services to oil and gas companies in order to reduce delivery and pipe laying times, which represents a large portion of the total CAPEX of an offshore development."
969,"What is $Windows.~WS and Where/How/When is it Used? As I mentioned, this folder is found inside your Windows Drive after the up-gradation process. During upgrade process, important data from your previous version of Windows is backed-up. This data includes Windows folders, profiles, program file directory and other important locations."
970,"Which side is the best at Victoria Falls: Zimbabwe or Zambia? This depends entirely on your vacation wishes. Both sides offer magnificent views of the Falls, but it’s your accommodation preferences and choice of activities that might influence your decision."
971,"Louis Racine. Louis Racine (born November 6, 1692, Paris; died January 29, 1763, Paris) was a French poet of the Age of the Enlightenment."
972,"The nitrogenous bases on the two strands of DNA pair up, purine with pyrimidine (A with T, G with C), and are held together by weak hydrogen bonds. Watson and Crick discovered that DNA had two sides, or strands, and that these strands were twisted together like a twisted ladder -- the double helix."
973,"The repurchase of shares has slightly reduced the total dividend Apple pays. While the company reports $2.8 billion in dividend payments for FQ1, at $0.47 per share the 5.825 billion shares outstanding would appear to total $2.73 billion, a $70 million reduction over the previous quarter's dividends.ever miss an update Follow AppleInsider. Follow @AppleInsider. On February 12, Apple will pay shareholders of record a quarterly dividend of $0.47 per share, but investors will need to buy shares by February 5th (to have settled ownership of the company's stock by the market's close on February 9) in order to qualify."
974,"Coir ( /ˈkɔɪər/), or coconut fibre, is a natural fibre extracted from the husk of coconut[1] and used in products such as floor mats, doormats, brushes and mattresses. Coir is the fibrous material found between the hard, internal shell and the outer coat of a coconut."
975,"Typically, you will need to install smaller rods 1 lower than the finished length, while rods with a diameter of 2 or more will need to be installed approximately 2 lower (if you want the drapery to touch the floor).• For a layered look, convert an existing single rod into a double with our conversion kit (C)."
976,"introDUCtion: tHe BeneFits oF an eFFeCtive Corporate internal investigation. Corporations are being scrutinized today as never before. Public and private companies alike are examined and in-. vestigated not only by the U.S. government, but by increas-. ing numbers of local, state, and foreign government agen-. cies."
977,"Quick Answer. The standard size for a patio door depends on the style, with hinged versions measuring 71 1/4 inches by 79 1/2 inches and sliding door versions available in three basic sizes. Patio doors are typically available in two- and four-panel configurations."
978,"• NADH, FADH2 – discuss role and how much energy each one produces. o NADH and FADH2 carry electrons released as GLUCOSE is broken down in. GLYCOLYSIS and KREBS CYCLE to the ETC where they release the. electrons to the ETC and the energy is used to make a H+ concentration. gradient used to power ATP Production. o 1 NADH makes 3 ATP, 1 FADH2 makes 2 ATP. Step in Cellular."
979,"** There is no additional charge for the air brake test if you are taking a road test for a class. 1, 2, 3, 4 or 5 licence and the vehicle you are using for the test is equipped with air brakes. • No cost applies for tests in these two situations: • You’re 65 or older; or."
980,"Quickly convert time in Istanbul, Turkey to India Standard Time (IST) with this easy-to-use, modern time zone converter."
981,The requirement for vWF propeptide cleavage was shown by (1) a point mutation of the vWF propeptide cleavage site yielding pro-vWF that was defective in factor VIII binding and (2) correlation between efficiency of intracellular propeptide cleavage and factor VIII binding.
982,"The Korean War, often referred to as The Forgotten War, was fought from June 25, 1950, to July 27, 1953. This website is dedicated to thanking and honoring all the veterans of the Korean War, their families, and especially those who lost loved ones in that war."
983,"The preferred currency in the Republic South of Ireland) is the actual currency of the Republic which is the Euro. North of the border, the preferred currency is Sterling, which is the actual currency there."
984,IMRC Forms; IMRC Publications; Sister Sites. JIT; CIS; INDO-US; SAHAYATA; Donate Now; $ 0.00 0 items
985,"Marketing Manager in Dallas, Texas Salary. The average salary for a Marketing Manager in Dallas, Texas is $62,601 per year. Most people move on to other jobs if they have more than 20 years' experience in this career. $41,416 - $95,661. (Median)"
986,"Cass Scenic Railroad State Park. Located in eastern West Virginia, Cass Scenic Railroad is accessible by State Route 28/92N between Dunmore and Green Bank in Pocahontas County."
987,"But really, it depends on the length of the exam, how much coffee you drink, and what your metabolism is like. Fat little babies take 100 hours to metabolise caffeine to half it's original amount in the body, whereas skinny cigarette smokers can burn through the same amount in just 3 hours."
988,"On to the BIG Casino in the sky... While it is always sad to see one of the grand dames of Las Vegas bite the dust, we must remember... without their demise we would not have Bellagio, Mandalay Bay, Venetian, Wynn Las Vegas, Aladdin (again), and a giant parking lot where the Landmark stood."
989,"Pipe Lighters. Both cigar and pipe lighters should be butane. There is no exception to that rule. However, there are differences between the two types of lighters. Cigar lighters, or torch lighters as they’re often called, offer a far more aggressive and hot flame that rises from the top of the lighter."
990,"LAC is one of Asia's fastest growing cyber security specialists and has been a major contributor to Japan's cyber security infrastructure through LAC's signature services and facilities, including the Japan Security Operation Center (JSOC) of Japan's largest SOC, Cyber Security Laboratory (CSL) and Cyber Emergency Center (CEC)."
991,"Basically a beguine is a popular ballroom dance. But, as with other dances, it's roots have a rhythmic foundation. Most know the word, Beguine through Cole Porter's popular big band song, Begin the Beguine. As drummers, we should know how to approach a beguine rhythm in case we're called to play one."
992,"However, if the Y does not provide a separate vowel sound, as when it is coupled with another vowel, it is considered a consonant. In names such as Maloney or Murray, the Y is a consonant, because the vowel sound depends upon the long E in Maloney and the long A in Murray. In general, the Y is a consonant when the syllable already has a vowel."
993,Grill: Pre-heat grill to a medium-high heat (about 400°F). Apply a light coat of olive oil to the surface of the quail and season. Place quail on grill breast side down. Cook for 5-7 minutes. Flip the quail and cook for another 5-7 minutes. The quail is done when meat is slightly firm (it will feel like a cooked chicken breast) and juices run clear. Oven: Pre-heat oven to 350°F. Heat a sauté pan over medium-high heat with enough olive oil to coat the bottom.
994,"The term male menopause is sometimes used to describe decreasing testosterone levels or a reduction in the bioavailability of testosterone related to aging. Female menopause and so-called male menopause are two different situations, however.any doctors use the term andropause to describe aging-related hormone changes in men. Other terms include testosterone deficiency syndrome, androgen deficiency of the aging male and late-onset male hypogonadism."
995,"Rose Name Meaning. The meaning of Rose is “Of the Rose Blossom; Rose flower”. Keep in mind that many names may have different meanings in other countries and languages, so be careful that the name that you choose doesn’t mean something bad or unpleasant."
996,"The three organelles that contain DNA are the nucleus, mitochondria and chloroplasts. Organelles are membrane-bound subunits within a cell -- analogous to organs in the body -- that perform specific functions. The nucleus is the control center of the cell, and houses genetic information."
997,Soldering and brazing involve the same bonding mechanism except that soldering is defined as using filler metals that melt below 450ºC and brazing uses filler metals that melt above this temperature. In both soldering and brazing the bonding mechanism is a reaction between the filler metal and the parent metal or metals. Brazing and
998,Re: How should I raise my bed in order to avoid acid reflux at night? The best way (most expensive) would be to purchase an electric bed that raises and lowers head and/or feet. The lower part of bed could be adjusted to keep you from sliding out of bed and upper part elevate upper body amount needed.
999,"SkyMiles® - Complimentary Medallion/Elite Upgrades. Medallion members receive unlimited Complimentary Upgrades for themselves and a travel companion. The upgrades are booked in R/O inventory, are subject to availability and are valid with most published fares on Delta Air Lines (DL) and Delta-designated Codeshare flights with R/O inventory."
1000,"Costa Rica is known as a prime Eco-tourism destination so visitors are assured of majestic views, amazing destination spots and a temperate climate. These factors assure medical tourists of an excellent vacation experience that is conducive for recovery and relaxation."
1001,"This will be submitted to the NVC in Step 6. For full information about Affidavit of Support requirements, forms, and whether an Affidavit of Support is required for you, review Affidavit of Support on the U.S. Citizenship and Immigration Services (USCIS) website."
1002,"According to Amazon, the Fire TV is designed to outpace competitors like the Apple TV and Roku in performance: The 0.7-inch-thick box features a 1.7 GHz quad-core CPU, 2 GB of RAM and 8 GB of internal storage, along with a dual-band wireless radio for 1080p streaming over 802.11a/b/g/n Wi-Fi."
1003,"Comments and insights on the name Roe: | Edit. Roe may have originated as an occupational name for a deer hunter. Used as a given name in the 1800s, it's also a surname. Personal experiences with the name Roe: | Edit Share what you know! Nicknames for Roe: | Edit Share what you know! Meanings and history of the name Roe: | Edit. Roe is a breed of deer. Whilst it is a traditionally male name it can be considered unisex. Famous real-life people named Roe: | Edit Share what you know! Roe in song, story & screen: | Edit"
1004,A request for a waiver of subrogation clause on a property insurance policy is not uncommon and most insurers will not object; a request for a waiver on a liability policy is not as widely granted.
1005,"Radon is a naturally occurring radioactive gas that is emitted from soils and rocks and is in some water sources. The EPA promotes radon monitoring and sealing of homes to prevent an indoor radon gas hazard. The range of radon gas in US homes varies by a factor of over 1000.ddly, while some studies report a link between radon and lung cancer, there was no association for lung cancer among houses located near uranium or radium processing waste sites. At best, the association between radon gas and lung cancer is considered weak. [13]. How radon gas gets in your home."
1006,"If you’re one of them, you may find some solace in this timer which has already started counting down the day Mr Trump’s first term in office will end. According to the countdown clock, published on tickcounter.com, Trump’s last day in office will be January 20, 2021, which is 3 years, 11 months and 28 days away. Donald Trump’s inauguration failed to attract the many crowds that former President Obama’s did."
1007,"Walter Elias Disney was born on December 5, 1901 in Chicago, Illinois, the son of Flora Disney (née Call) and Elias Disney, a Canadian-born farmer and businessperson. He had Irish, German, and English ancestry. Walt moved with his parents to Kansas City at age seven, where he spent the majority of his childhood."
1008,"Wallace, Idaho. 1  Wallace: Downtown Wallace, ID summer 2005. 2  Wallace: This is Wallace, Idaho looking South taken Oct of 2004. 3  Wallace: Downtown Wallace Early in the Day.  Wallace: Downtown Wallace, ID summer 1  2005. Wallace: Sunday Afternoon in Wallace, Idaho.  Wallace: Wallace Train Depot 1  Museum. Wallace: Downtown Wallace."
1009,"Browse through Cajun and Creole food recipes, including gumbos and other favorites you’ll find when visiting New Orleans. 22 New Orleans Classics to Celebrate Mardi Gras. Make each one of these Mardi Gras recipes—it's called Fat Tuesday for a reason. posted Feb 6th, 2017."
1010,"Not all detentions by the police amount to an arrest. The police may detain an individual in order to issue a citation, for example, for minor traffic infractions or for some criminal misdemeanors. A citation, once signed by the suspect, amounts to an agreement, in lieu of an arrest, to appear in court at a later date. This temporary detention is permissible but is not considered an arrest (although it may still trigger the police officer’s right to search the suspect, as explained below). How are People Arrested?"
1011,Beast Sports Nutrition's Aminolytes is designed with the most advanced amino matrix that contains electrolytes and aminos to provide muscle support for longer endurance and faster recovery post-workout.
1012,"Chloroquine in long-term treatment of rheumatoid arthritis A. BJELLE, /~. BJORNHAM, A. LARSEN, T. MJORNDAL Department of Rheumatology, The Sahlgren University Hospital, Gothenburg, and Depart- ments of Rheumatology and Pharmacology, University of Umed~, Sweden."
1013,MEP Book 1 ANSWERS Page 1 1 1111 Draw a dot in a box for every shape in each picture. MEP Book 1 ANSWERS Page 2 1 1111 Draw lines to match up each pair of animals.Colour the animals from each pair in the same colour.Draw a dot in a box for every pair of animals.
1014,"Using the abv percentage, I'd figure out the cost of three ounces of straight alcohol. Then, based on the price per ounce of each type of booze, I'd figure out the cheapest ways to get the most alcohol. So the formula is... See, kids -- the stuff you're learning in math class does come up in real life."
1015,"Rather than finite depth fetch limited evolution being defined by a single power law as in deep water, a family of curves exist, one for each non-dimensional water depth, 8. At short non-di- mensional fetch, the wave length is sufficiently short for waves to be in deep water and the relationships are comparable to those previously obtained for deep water."
1016,"Cole said Routh made the admission in June 2013 — four months after he opened fire on Kyle and Chad Littlefield at a shooting range outside of Ft. Worth. Chris Kyle, former Navy SEAL and author of the book 'American Sniper,' was killed in 2013."
1017,"Chemically, Dicyclomine hydrochloride is [bicyclohexyl]-1-carboxylic acid, 2-(diethylamino)ethyl ester, hydrochloride. Dicyclomine hydrochloride occurs as a fine, white, crystalline, practically odorless powder with a bitter taste. It is soluble in water, freely soluble in alcohol and chloroform, and very slightly soluble in ether."
1018,"Joe, who has a base pay rate of $16 per hour, receives a shift differential of $4 plus $16, or $20 per hour. Alice, the shift foreperson, has a base rate of $20 per hour and so gets a premium of $5 for a total of $25 per hour."
1019,"Lincoln Park is a borough in Morris County, New Jersey, United States. As of the 2010 United States Census, the borough's population was 10,521, reflecting a decline of 409 (-3.7%) from the 10,930 counted in the 2000 Census, which had in turn declined by 48 (-0.4%) from the 10,978 counted in the 1990 Census."
1020,2015 Illinois Overtime Rules-Part of a Resource on IL Overtime Pay Laws. Most hourly employees in the Illinois are entitled to a special overtime pay rate for any hours worked over a total of 40 in a single work week (defined as any seven consecutive work days by the Fair Labor Standards Act).
1021,"What you should eat before swimming depends on whether you are swimming recreationally or competitively. The food you eat before a swim meet will make a difference in your energy levels and athletic performance.Your body type also influences what type of food will be best for you to eat before swimming in competition.at easy-to-digest foods, especially if you are preparing for a swim meet, to avoid needing to use the restroom when you least expect it. Such easy-to-digest foods include steamed vegetables, fruit and greens. Avoid breads and heavy grains, such as brown rice and pasta."
1022,"Sequence shooting and editing make use of a mixture of different camera shots. In film and video production, people assign names and guidelines to common ways of framing a subject. Below is a list of three basic shots, which also spawn some variations. Wide Shots (WS) show the entire person or area."
1023,"December 10, 2012 4:36 PM. With hectic tours to often remote places, the music world has been hit hard by air tragedies over the years. On Sunday, Mexican singing star Jenni Rivera and six others were killed when their Learjet crashed in rugged territory following a concert in Monterrey, Mexico."
1024,"Step 3 – Cut and trace. Cut the tinting film into the shape of the inside of the window. You might want to cut the original shape on nylon paper and then lay it on top of the film. You can then trace and cut on the film when you are sure it is the exact fit you want for the window.Step 4 – Placing the sheet inside.ut some soapy water on the inside of the window and then place the tint sheet on the window, pulling back about the first third of the sheet. Spray the window tint with adhesive window solution. You may need to use more solution around the edges, as it may peel up after you tint the windows."
1025,"In most of the British Empire, the main goal was trade so fewer Britons actually settled. This explains why English did not come to dominate colonies in Asia and Africa, where it was the language of business, administration and education, but not the language of the people."
1026,"6 Responses to “Current FDIC and NCUA Insurance Limits For Banks and Credit Unions” Bank Rate Chaser says: June 9, 2009 at 12:45 pm. This is old news...old as in a few weeks old. But I think the banks and credit unions have stabilized. It's just the big supermarket banks like Citigroup and Bank of America - where customers have to really worry."
1027,"Welcome to. Hartville. Ohio. The Village of Hartville is a great place to live, work, and raise a family! Surrounded by farms and rural greenery, Hartville is a thriving small community, with outstanding schools, places of worship, excellent safety forces, and a variety of recreational opportunities. The residents of Hartville have a strong sense of pride in a variety of civic endeavors that benefit the community."
1028,"You might need reassurance that it is simply not always possible to know when death is near. Some illnesses, for example, make prediction difficult. However, many illnesses have a few hours or a few days when it is evident that death is close."
1029,"For example, if you know that the quadratic parent function \(y={{x}^{2}}\) is being transformed 2 units to the right, and 1 unit down, we can create the original t-chart, following by the transformation points on the outside of the original points."
1030,"To serve on either the Nevada Supreme Court or the Nevada District Courts, a judge must be: 1  a qualified elector; 2  a state resident for two years; 3  a district resident (for district judges); 4  at least 25 years old;  licensed and admitted to practice law in 1  Nevada; a licensed attorney for 15 years with at least two years in Nevada."
1031,For minor burns: 1  Cool the burn to help soothe the pain. 2  Hold the burned area under cool (not cold) running water for 10 to 15 minutes or until the pain eases. 3  Or apply a clean towel dampened with cool tap water.
1032,"Answer Wiki. I feel that such displays cheapen patriotism. True patriotism is to work to uphold the nations ideals. I've rarely seen them used as an expression of patriotism, but far more often to express that they don't think their neighbor is 'patriotic enough'."
1033,"Long Live The King. Long live the King! refers to the heir who immediately succeeds to a throne upon the death of the preceding monarch. Meaning the monarchy never dies even when the King does. Long Live: To live on forever even if a soul has moved on. The King is Dead! Long live the King!.. The throne shall never be empty; the country shall never be without a monarch.. #long #live #king #monarch #throne. by CarissaXtina February 18, 2012."
1034,"Joanna Newsom, Andy Samberg. It's been a big week for Andy Samberg. The Saturday Night Live alum married singer Joanna Newsom Saturday, Us Weekly reports, days after his new comedy, Brooklyn Nine-Nine, premiered on Fox."
1035,"James City County continues to be an attractive community for new residents. The County’s population has grown from 48,102 people in 2000 to more than 70,000 in 2013. Source: U.S. Census, James City County. Current Population."
1036,"In the broadest sense, this is the definition of a transitional design. A transitional kitchen borrows elements or references styles of the past and combines them with contemporary features to produce something new and fresh."
1037,Werner's Syndrome. 1  Print. 2  PDF. 3  Email. 4  Bookmark You must be signed in to bookmark pages. 5  Notes You must be signed into your pro account to make notes. 6  Listen Listen. 7  Translate Translate.
1038,"NEWARK, TX. NEWARK, TEXAS. Newark is on Farm Road 718 two miles east of Eagle Mountain Lake and one mile north of the Tarrant county line in extreme southeast Wise County. Settlement began in the mid-1850s, when Benjamin B. Haney built a home near the waters of Burrett Creek."
1039,"Symptoms. Abnormal movements are broadly classified as either hyperkinetic--too much movement--and hypokinetic--too little movement. Hyperkinetic movements include: 1  Dystonia. 2  Sustained muscle contractions, often causing twisting or repetitive movements and abnormal postures."
1040,"the outer covering of the body. The skin is the largest organ of the body, and it performs a number of vital functions. It serves as a protective barrier against microorganisms. It helps shield the delicate, sensitive tissues underneath from mechanical and other injuries."
1041,"They are quite different to the North American opossum. Possums live in trees hollows and logs in their natural habitat, which is bushland, wet sclerophyll forest and tall eucalypt forest, and temperate rainforest. Possums are also found in farming and urban areas within Australia."
1042,Warrior I: Step-by-Step. Begin in Tadasana. Step your right foot towards the back of the mat creating a long stance. Turn your right heel down and angle your foot to a 45 degree angle. Bend your left knee as close as you can to a 90 degree angle. Extend your arms upwards as if you are Virabhadra holding his two swords.
1043,"Back then the MacDonalds manual for its employees stated that coffee should be served at 195 to 205 degrees and held at 180 to 190 degrees for optimal taste.. As they discovered when they lost the case, that was too hot. You won’t go far wrong at 175ºF."
1044,Is a plan for the pursuit of the organisation's mission in the longer term (3 - 5 years) Is a plan for the day-to-day management of the organisation (one year time frame) A strategic plan enables management to formulate an operational plan.
1045,"Think of the X nucleus before decay as a. “virtual” superposition of the alpha and the Y nucleus, and consider the potential energy of the alpha. as a function of radius. As long as the alpha is “inside”, it sees the deep nuclear potential."
1046,"Here is a little anecdote from AutoGuide.com‘s news editor, Steve Elmer, about how he learned what can go wrong when you drive with the parking brake on: “ 1 I learned first hand the consequences of driving with the parking brake on before I even obtained a driver’s license."
1047,"AE (æ: minuscule) ae æ is a grapheme named aesc, or ash formed from the letters a. And e originally a ligature Representing a, latin diphthong it has been promoted to the full status of a letter in the alphabets of, some Languages, Including, Danish norwegian Icelandic. and faroeses a letter of the English Latin alphabet, it was called aesc (æsc ash) tree after The-Anglo saxon futhorc rune (), ᚫ which it; transliterated its traditional name In english is still /ash/ . aeʃ æʃ"
1048,"Gottron syndrome is a rare disorder that appears to be inherited as an autosomal recessive genetic trait. Chromosomes, which are present in the nucleus of human cells, carry the genetic information for each individual. Human body cells normally have 46 chromosomes."
1049,"Traditional IRA. A traditional tax-deferred IRA allows you to deduct contributions from income during your working years, but withdrawals at retirement will be taxed as ordinary income. As of publication, working people can contribute up to $5,000 a year, or $6,000 for people more than age 50."
1050,The electric dipole moment for a pair of opposite charges of magnitude q is defined as the magnitude of the charge times the distance between them and the defined direction is toward the positive charge.he electric dipole moment for a pair of opposite charges of magnitude q is defined as the magnitude of the charge times the distance between them and the defined direction is toward the positive charge.
1051,"Definition of modern for English Language Learners : of or relating to the present time or the recent past : happening, existing, or developing at a time near the present time : of or relating to the current or most recent period of a language"
1052,"Females may be included in the Selective Service and qualify for a potential draft should one be ordered by the president, Defense Secretary Leon Panetta said.n doing so, it may force Congress or the president to include women or scrap the Selective Service, analysts said. “That, frankly, could be true,” Nancy Duff Campbell, co-president of the National Women’s Law Center in Washington, D.C., told Military.com."
1053,"Full, Queen and King beds. A good day starts the night before. The best start to your day is a good night’s sleep. Our sturdy double beds in different styles give you comfort and quality so you wake up with a smile. Many have smart features like built-in storage or are sized so you can slide boxes underneath."
1054,"Alluvial diamond mining is the term used to describe the process through which diamonds are recovered from such deposits of sand, gravel and clay. Large concentrations of alluvial diamond deposits are mined on an industrial basis."
1055,"Bonner Springs Assessor. Find Bonner Springs Kansas assessor, assessment, auditor's, and appraiser's office, revenue commissions, GIS, and tax equalization departments. Assessors provide information on property and land tax assessment, property listings, values, valuations, property search, and records. Bonner Springs Assessor."
1056,"Commander, Naval Air Forces > USS Abraham Lincoln (CVN 72) > Contact_Us. Commander, Naval Air Forces > USS Abraham Lincoln (CVN 72) > Contact_Us. You can contact USS Abraham Lincoln's Quarterdeck at (757) 534-3931 for general questions. For matters pertaining to media interest, public queries, questions about this website or other USS Abraham Lincoln related inquiries, please contact the Public Affairs Officer at (757) 534-0855. If you are soon reporting to the command and need a sponsor or have general questions, please email sponsor.21297@cvn72.navy.mil or call (757) 688-8790."
1057,3. Chase Freedom Unlimited: Fixed Cash Back on Everything. The Chase Freedom Unlimited card takes a simpler approach to earning cash back rewards. The 1.5% cash back bonus reward on all purchases made with the Freedom Unlimited card is one of the highest around.
1058,"Esch·e·rich·i·a. Genus of aerobic, facultatively anaerobic bacteria containing short, motile or nonmotile, gram-negative rods; found in feces; some are pathogenic to humans, causing enteritis, peritonitis, cystitis, and other disorders; type species is E. coli.[T. genus of widely distributed gram-negative bacteria in the family Enterobacteriaceae. Escherichia coli. a species constituting the greater part of the normal intestinal flora of animals. The organism most used in recombinant DNA work."
1059,"There are two big takeaways from WM Six Forks. First, in calculating quarterly fees payable to a bankruptcy administrator or the United States Trustee, debtors must be mindful of all transactions that could be considered “disbursements,” especially those sales involving credit bids."
1060,"Volkswagen has extended the Emissions Control Systems Warranty for the intake manifold under specific conditions to 10 years or 120,000 miles, whichever occurs first, from the vehicle s original in-service date, for certain 2008 2011 Model Year Volkswagen 2.0 TFSI Engine vehicles with engine codes CBFA and CCTA."
1061,"The Platy Station is a hub station in the Thessaloniki- Edessa- Florina Suburban service. Passengers from Western Macedonia can board to trains serving the main line Athens- Thessaloniki and head to Southern Greece, while passengers from South and Central Greece may transfer at Platy to visit Western Macedonia."
1062,"Chemical changes are changes substances undergo when they become new or different substances. For example, the fireworks we see on the 4th of July are actually metals such as magnesium and copper that change chemically as they light up the night skies with their fantastic colors."
1063,Humanistic psychology is a psychological perspective which rose to prominence in the mid-20th century in response to the limitations of Sigmund Freud 's psychoanalytic theory and B. F. Skinner 's behaviorism.
1064,"It is basically a group of islands located in the Mediterranean Sea. The capital city of Malta is Valletta. The latitude and longitude of Valletta, the capital city of Malta country is 35º 54' N, 14 º 31' E. Malta is 6 hours ahead of Washington, DC during Standard Time.The latitude and longitude of Malta includes 316 sq km of total land.The latitude and longitude of Malta includes a landscape which is mostly low in height.he latitude and longitude of Valletta, the capital city of Malta country is 35º 54' N, 14 º 31' E. Malta is 6 hours ahead of Washington, DC during Standard Time. The latitude and longitude of Malta includes 316 sq km of total land."
1065,"” Congress shall make no law respecting an establishment of religion, or prohibiting the free exercise thereof; or abridging the freedom of speech, or of the press; or the right of the people peaceably to assemble, and to petition the Government for a redress of grievances.”"
1066,"According to National Geographic, the planet Mars is visible without a telescope on many clear nights. The planets Jupiter, Mercury, Venus and Saturn are also viewable without the aid of magnification."
1067,"Pour the oil 1/4 inch deep into a 10- to 12-inch skillet. Heat over medium heat until it is hot but not smoking, or until a breadcrumb sizzles and browns quickly when dropped in the oil. Cook two of the tilapia fillets until they are crisp and browned, 2 to 3 minutes on each side."
1068,"Spider silk is incredibly strong and flexible. Some varieties are five times as strong as an equal mass of steel and twice as strong as an equal mass of Kevlar. This has attracted the attention of scientists in a number of fields, but up until recently, humans haven't been able to get much out of this natural resource."
1069,Unit of analysis is a difficult concept to explain. There are so many confusing explanations to the concept. The concept became clearer to me when I started thinking of unit of analysis as a separate entity from what I was studying at the beginning of my study.
1070,"When damage occurs to white matter, immune responses can lead to inflammation in the CNS, along with loss of myelin. The degeneration of white matter can be seen in a MRI and used to diagnose leukodystrophy."
1071,"You must provide more than half of the person's total support for the year.4. Based on the information in your question, you may still be a dependent of your mother if she provided more that half of your total support for the year. If you are a dependent of your mother, you cannot claim any dependents. It is possible that your daughter is a qualifying child for both you and your mother."
1072,"TAPS Services. We work with you to design and implement solutions to meet your security needs. Uniformed or plain clothes officers, armed or unarmed security guards, we provide stationary and mobile patrol security guard services."
1073,"Extreme Weather. However, the effects of climate change include a change in weather patterns, precipitation, sea level rise, and wildlife. A combination of changes in precipitation and weather patterns will bring forth droughts in one sector and great floods in a neighbouring areas."
1074,"The fee for a State and Federal Criminal Background Check (must be mandated by law) is $69.00. Payment options are cash (except Sussex County), credit or debit cards, certified checks, money orders, or company checks made out to Delaware State Police. We do not accept American Express or personal checks."
1075,"Tuition for Baylor University is $34,480 for the 2014/2015 academic year. This is 37% more expensive than the national average private non-profit four year college tuition of $25,224.The cost is $19,920 and 137% more expensive than the average Texas tuition of $14,560 for 4 year colleges.stimated 4 Year Cost at Published Tuition. At the current published rates, an estimated total tuition, fees and living expense price for a 4 year bachelor's degree at Baylor University is $200,312 for students graduating in normal time."
1076,"Two blocks, with masses m1 = 1.5 kg and m2 = 2.5 kg approach each other with initial velocities v1i = 2.0 m/s and v2i = - 3.0 m/s as shown in this diagram. The two blocks collide in a totally inelastic collision (That means they stick together after they collide)."
1077,"Safety culture is fundamentally a local problem, in that wide variations in the perception of safety culture can exist within a single organization. The perception of safety culture might be high in one unit within a hospital and low in another unit, or high among management and low among frontline workers. Research also shows that individual provider burnout negatively affects safety culture perception."
1078,"The vendor confirms that the dates stamped on the coffee pods are, indeed, expiration dates. In their E-mail response, the vendor stated that The standard law in Europe for coffee pod technology allows a 2 year shelf life.. (This would seem to be totally irrelevant for a variety of reasons...lthough this vendor has assured me, via E-mail, that all of the coffee pods they sent me are absolutely fresh... I certainly wouldn’t have purchased the coffee if I had known how old it was and/or that most of it had “expired” expiration dates."
1079,"Withania somnifera, known commonly as ashwagandha, Indian ginseng, poison gooseberry, or winter cherry, is a plant in the Solanaceae or nightshade family. Several other species in the genus Withania are morphologically similar.It is used as a herb in Ayurvedic medicine.he plant's long, brown, tuberous roots are used in traditional medicine. In Ayurveda, the berries and leaves are applied externally to tumors, tubercular glands, carbuncles, and ulcers. The roots are used to prepare the herbal remedy ashwagandha, which has been traditionally used for various symptoms and conditions."
1080,"2. Ice the injured area. Icing your rib will help reduce pain and swelling, so that the bruised tissue can heal more quickly. Stick to ice for the first 72 hours after an injury, and resist the urge to break out a heating pad instead.1  Find a bag of frozen vegetables (like peas or corn), or fill a resealable plastic bag with chipped ice. 2  Wrap the bag of ice in a towel or T-shirt, and lay it over your bruised rib.tick to ice for the first 72 hours after an injury, and resist the urge to break out a heating pad instead. 1  Find a bag of frozen vegetables (like peas or corn), or fill a resealable plastic bag with chipped ice. 2  Wrap the bag of ice in a towel or T-shirt, and lay it over your bruised rib."
1081,"Commercially sold distilled white vinegar in the US is acetic acid in water, at a concentration of 5% by mass for a pH of around 2.4–2.6. If you add water to it, the pH will go up. If you distill it (vinegar is more volatile than water) the resulting distillate will have a lower pH."
1082,"Python is an excellent introductory programming language for full-stack developers. Although it is most popular as a back-end language, it is generally useful in other scenarios. As a general purpose programming language, you can use it to create almost any type of program or software."
1083,"Discovery is the term used for the initial phase of litigation where the parties in a dispute are required to provide each other relevant information and records, along with all other evidence related to the case."
1084,"For an excellent dermatologist, Baton Rouge locals choose physicians at The Dermatology Clinic. We offer surgical dermatology options, including the destruction and excision of benign, pre-malignant, and malignant skin lesions. We can also provide high quality skin cancer evaluations."
1085,"Not only would he nurse-manager be performing all phases of the management process, but each function has a planning implementing, and controlling phase. Just as nursing practice requires that all nursing care has a plan and an evaluation, so too does each function of management."
1086,Spanish Spar hotels-luxury 5 Star hotels with spa facilities in Spain. Set out below are luxury 5 star hotels with spa facilities in Spain. The finest Spanish Spa Hotels offer a fantastic selection of luxurious and modern spas offering a wide range of treatments and facilities.
1087,"Nitrogen helps to maintain the structure and efficiency of the alveoli, when breathing 100% the N is slowly replaced and loss through ventilation, this results in the potential for the alveoli to collapse. As long as the individual is taking in more air than is being pushed out, alveoli shouldn't collapse.   ."
1088,"Size of a Games Room. To determine the right size, ask yourself who will use the room. If it’s only for a couple of kids, a small to medium sized room will be sufficient. But if you want a games room with all the bells and whistles, you will have to set aside a large room. Good space management is also necessary if you plan on installing a lot of games, seats and other extras."
1089,"The Marine Corps Manual is designed primarily for use by Marine Corps commanders and their staffs, Navy officers exercising command over Marines, the staff of the Commandant of the Marine Corps, and the staffs of the bureaus and offices of the"
1090,"Click File. Click New, and then select SharePoint List. Enter the Web address of the SharePoint site in the Data Connection Wizard. Click Next. Do one of the following: Customize the form for an existing list. Select Customize an existing SharePoint list, and then select the list that you want to customize.Click Next. Create a new list and customized form. Select Create a new SharePoint list, and then enter a name for the new list. Click OK.nter the Web address of the SharePoint site in the Data Connection Wizard. Click Next. Do one of the following: Customize the form for an existing list. Select Customize an existing SharePoint list, and then select the list that you want to customize."
1091,"The images shown below of rat, bull and chicken sperm are all at the same magnification. The results of a sperm morphology exam are reported as percent normal. It is always the case that some sperm from an ejaculate are morphologically abnormal, but when that fraction becomes excessive, fertility may decrease."
1092,California Personal Exemption. California's personal income tax exemptions include a personal exemption of $106.00 for single individuals and $106.00 apiece for couples filing jointly. You can deduct one personal exemption from your gross income if you are responsible for supporting yourself financially.
1093,"St. Mary, Mo. man killed in tractor-trailer accident in Perry County. PERRY COUNTY • A man from St. Mary, Mo. was killed this afternoon in Perry County after driving into the path of a tractor-trailer, the Missouri Highway Patrol said."
1094,"August 31, 2015. When a person—say an athlete—wants to put on weight, he reaches for a protein shake. When you want your cattle to put on weight, the equivalent of a protein shake is a balanced grain ration, which is not feasible if you’re raising grassfed beef, so instead, you need to turn to your forage for a protein boost."
1095,"All of these means of categorizing these etiologies are used to help the physician narrow down the possible causes of the symptoms. None of them work for every GI tract illness. GI tract infections are very common. Diarrhea is the most common cause of death in developing countries (2.5 million deaths/year). Over 211 million cases of diarrhea occur in United States every year. Pathogens causing diarrhea can be transmitted to humans in three basic ways: in food, in water, and person to person."
1096,"A Single nucleotide polymorphism or SNP (pronounced snip) is a DNA sequence variation occurring when a single nucleotide-A, T, C, or G-in the genome (or other shared sequence) differs between members of a species (or between paired chromosomes in an individual).NA sequence variations that occur when a single nucleotide (A, T, C, or G) in the genome sequence is altered. Each individual has many single nucleotide polymorphisms that together create a unique DNA pattern for that person."
1097,"The truth is that a relationship with a widower is really just a relationship with an ordinary man. He's not more special or privileged than any other because of his loss. When a woman realizes this, she can protect herself, if she needs to.hen the woman who will later date this men believes the widower myth, hardships may arise when she learns of the man's true nature. A woman should not tolerate being treated poorly by a widower or by any man. Having experienced hardship is not an excuse for poor behavior, contrary to society's teaching."
1098,"1 Headache, stiff neck, fever, nausea and vomiting, photophobia, and altered mental status are potential symptoms of fungal meningitis.  Blood and cerebrospinal fluid are cultured and examined to diagnose fungal meningitis."
1099,"Other Vitamins and Minerals. Other nutrients can also help relieve muscle pains. A magnesium deficiency can cause muscle weakness and pain, while a lack of other B vitamins, like riboflavin, can also lead to muscle cramps and pain."
1100,"3. Create a style all your own. Ultimately, having a lifestyle brand does mean creating products across a variety of categories. And the only way this really works is to establish a strong visual identity. Amy Butler has Midwest Modern. Jonathan Adler has Happy Chic."
1101,"In his observations of this process of settling down, or sedentarization, of pastoral nomads, Alt believed that he understood the situation described in the book of Judges."
1102,"In laying hens, infection results in a transient decline in egg production (see Table 1). In the wet form there are canker-like lesions in the mouth, pharynx, larynx, and trachea. The wet form may cause respiratory distress by obstructing the upper air passages."
1103,"Heart rate monitors. Hospitals use monitors that can check the heart rate and the pulse. Heart rate monitors are also available for home use. If you use a home monitor, you should: check with your doctor that is has been validated; take your blood pressure at the same time every day; take several readings and record the results"
1104,"What makes the head ache. The pain in a headache can originate in the network of nerves that are spread over the scalp, in the face, mouth and throat. Headaches can also come from pain in the head muscles or in the blood vessels in the brain. Types of headaches. Cluster headaches."
1105,"By a decree of 1842 this fund was transferred to the public treasury of Mexico, the Mexican government undertaking to pay interest thereon in perpetuity in furtherance of the design of the original donors."
1106,"When puberty begins and how quickly its changes occur are influenced by many other factors, such as. 1  Nutrition and general health: In the United States, puberty begins about 3 years earlier today than it did a century ago. The reasons probably include improvements in nutrition and general health."
1107,"Actor Biography. Actor, director, producer Tony Goldwyn is taking multi-tasking to a new level. Currently starring as President Fitzgerald Grant in Shonda Rhimes' latest hit series Scandal, Goldwyn has other projects in the works as well."
1108,"Luckily, the estate agent had forgotten to take an inventory in the first place and we won all our money back by default, but in more nuanced cases, you may still be able to claw at least some of your deposit back, provided you can back your claims up with evidence."
1109,"Pepperoni is a spicy Italian-American variety of salami (a dry sausage) usually made from cured pork and beef, but poultry may be added, if labeled correctly, for less expensive versions. Pepperoni is characteristically soft, slightly smoky, and bright red in color."
1110,"Bacteria (/baekˈtɪəriə/ ; bækˈtɪəriə: singular) bacterium constitute a large domain of prokaryotic. Microorganisms typically a few micrometres in, length bacteria have a number of, shapes ranging from spheres to rods and. Spirals bacteria were among the first life forms to appear On, earth and are present in most of its. habitats"
1111,"When Tennessean James K. Polk was elected to the Presidency in 1844, he followed through on his campaign promise to annex the Independent Republic of Texas into the United States."
1112,"2. Qualify for pharmaceutical sales reps jobs by obtaining a college degree. You'll need at least a four-year degree to qualify for most pharmaceutical and medical device sales reps jobs. Often, it doesn't matter what subject the degree is in, but you may be more attractive to employers with a degree in science.Some companies may even prefer an MBA, since medical device and pharmaceutical sales combine scientific knowledge with business principles.ften, it doesn't matter what subject the degree is in, but you may be more attractive to employers with a degree in science. Some companies may even prefer an MBA, since medical device and pharmaceutical sales combine scientific knowledge with business principles."
1113,"In Java, we call these method. Method names are identifiers, so they follow the rules for identifiers. They also follow the same style rules as variable names. Method names tell an object what to do. A class designer decides what base operations an object should respond to, and gives each operation a name. More complex operations are sometimes done by doing several base operations in sequence."
1114,"A resume provides a summary of your education, work history, credentials, and other accomplishments and skills. There are also optional sections, including a resume objective and career summary statement. Resumes are the most common document requested of applicants in job applications."
1115,To exchange financial assets or financial liabilities with another entity under conditions that are potentially unfavourable to the entity; A contract that will/may be settled in the entity’s own equity instruments and is; A non-derivative resulting in delivering a variable number of the entity’s own equity instruments
1116,"The Food and Drug Administration (FDA) includes Magnesium and Zinc Stearate on its list of substances considered Generally Recognized As Safe for direct addition to food. Salts of fatty acids (Aluminum, Calcium, Potassium and Sodium Stearate) are also permitted for direct addition to food."
1117,"The General Services Administration (GSA) is an independent agency of the United States government, established in 1949 to help manage and support the basic functioning of federal agencies."
1118,"Honda Ridgeline. The Honda Ridgeline is a sport utility truck (SUT) by Honda and is categorized as a lifestyle pickup due to its unibody construction versus the body-on-frame construction of a traditional pickup truck. According to some automotive journalists, the Ridgeline is built on a vehicle platform shared by the Honda Pilot and Honda Odyssey."
1119,"1. Cassava flour is gluten, grain and nut-free. The cassava plant is a staple crop to millions of inhabitants in South America and parts of Asia and Africa. The plant produces the cassava root (also known as yuca or manioc), a starchy, high-carbohydrate tuber – similar to yam, taro, plantains and potato. As a tuberous root vegetable, cassava is gluten, grain and nut-free, as well as vegan, vegetarian and paleo."
1120,"Define conto: a formerly used monetary unit equal to 1,000,000 reis or to 1000 Portuguese escudos or 1000 Brazilian cruzeiros a formerly used monetary unit equal to 1,000,000 reis or to 1000 Portuguese escudos or 1000 Brazilian cruzeiros… See the full definition"
1121,"If you’re considering buying a pet turtle, one of the biggest questions you’re probably asking yourself is how big your new pet will get, as turtles can vary greatly in size depending on their species and type. Learn more about how big your turtle can get, here."
1122,"Wampum is a peer-to-peer digital currency that enables you to easily send and receive money online. But don't worry, if you are not a tech minded kind of person or if you don't trust all this cryptocurrency internet stuff you can also receive Wampum in the form of a printable coupon (aka Wampum Bond)."
1123,"Red Roma tomatoes usually grow to about 4 feet, or 48 inches, tall. Not all varieties are limited to this size, however. San Marzano tomato plants can grow up to 62 inches high, or a little over 5 feet, and produce large crops of early fruit."
1124,| Print |. Public Health services are provided at Public Health Centers located in Fulton County. Contact the Center nearest you for more information about services or call 404-612-1211 (voice). Not all services are offered at every Public Health Center.
1125,"Combination with Alpha-Blocker. Finasteride Tablets, USP administered in combination with the alpha-blocker doxazosin is indicated to reduce the risk of symptomatic progression of BPH (a confirmed ≥ 4 point increase in American Urological Association (AUA) symptom score)."
1126,"A mortgage broker can either work independently or as part of a real estate firm. To break into business as a mortgage broker, it helps to have some knowledge of the real estate business. Try learning what you can about the real estate market in your area and acquaint yourself with local realtors."
1127,"Caaba, Kaaba - (Islam) a black stone building in Mecca that is shaped like a cube and that is the most sacred Muslim pilgrim shrine; believed to have been given by Gabriel to Abraham; Muslims turn in its direction when praying"
1128,"Professional Rodeo is coming to Prince Edward County! An action-packed weekend featuring two performances of live professional rodeo! Beer garden, vendors, concessions, kids rodeo Saturday, and the live concert featuring the James Barker Band on Saturday night! Join us at The County Championship Rodeo!"
1129,"Take a Luxe Beach Vacation in West Oahu, Hawaii. Source: nymag.com. Ko Olina, the resort on the western coast of Oahu, offers a reprieve from the traffic and crowds of Waikiki, with predictably better weather, a slower pace, and natural beauty in spades — plus plenty of high-end, seaside, worth-the-splurge accommodations."
1130,"Meghan Trainor’s No. 2 (as of this post) single ‘All About That Bass’ sounds suspiciously like a 2006 K-Pop song, and the Korean song’s writer is considering taking legal action, Buzzfeed is reporting. Here’s Meghan’s song ‘All About That Bass’ (prepare to have it stuck in your head all day)."
1131,"1 The White Grub is just one part of the life cycle of the June Beetle, Japanese Beetle, and the European Chafer Beetle. 2  Eggs are laid in the lawn late June to early July and hatch into Grubs that begin to feed on the roots of your lawn from late July to August. 3  They continue feeding and growing through the fall."
1132,"Introduction. Slavery in America began when the first African slaves were brought to the North American colony of Jamestown, Virginia, in 1619, to aid in the production of such lucrative crops as tobacco.fter the American Revolution (1775-83), many colonists (particularly in the North, where slavery was relatively unimportant to the economy) began to link the oppression of black slaves to their own oppression by the British, and to call for slavery’s abolition."
1133,"1 In addition to a headache, you feel symptoms in other parts of your body. 2  This could be a fever, loss of appetite, or weight loss. 3  It also stands for secondary risk factors, so if you have a headache in addition to HIV or cancer, call your doctor immediately. 4  Neurologic symptoms."
1134,"South Australia. Kangaroo island, with its rich wildlife and natural beauty, was one of the highlights of Rie’s epic Australian adventure. 'There's nothing like a sense of wonder at the natural beauty of the Remarkable Rocks, while bathing in the southerly breeze.'.ut some of her fondest memories were of South Australia's Kangaroo Island, with its abundant wildlife and diverse natural beauty. Kangaroo Island seemed to me to be a condensed version of Australia itself."
1135,"Definition. Lysosomal storage disease is a group of disorders that affect specific enzymes in a specific location. These enzymes normally break down items for reuse in the cells. If the enzymes are missing or don't work properly, then the items can build up and become toxic.This happens in an area of the cell called lysosomes.ysosomal storage disease is a group of disorders that affect specific enzymes in a specific location. These enzymes normally break down items for reuse in the cells."
1136,alkalis. 1  1 : a substance that has a bitter taste and reacts with an acid to form a salt : base. 2  2 : a salt or a mixture of salts sometimes found in large amounts in the soil of dry regions.
1137,"The Asian citrus psyllid is an aphid-like insect that feeds on the leaves and stems of citrus trees and other citrus-like plants – but the real danger lies in that it can carry a deadly, bacterial tree disease called Huanglongbing (HLB), also known as citrus greening disease."
1138,"Oy vey or oy vey ist mir is a Yiddish phrase expressing dismay or exasperation. Also spelled oy vay, oy veh, or oi vey, and often abbreviated to oy, the expression may be translated as, oh, woe! or woe is me! Its Hebrew equivalent is oy vavoy."
1139,"You could combat it with a roll of antacids, but that's just not really our jam. We'd much prefer to fight fire with fire, using edible remedies that actually taste good. Happily, some of our favorite ingredients actually do wonders for an upset stomach."
1140,"1. Way 1: Turn it on from Control Panel. Step 1: Open the Quick Access Menu with Windows key+X, and then choose Control Panel in it. Step 2: In Control Panel, select Ease of Access to enter it. Step 3: As the Ease of Access window opens, choose Start speech recognition under Speech Recognition option.hree ways to turn on Windows 8/8.1 Speech Recognition: Way 1: Turn it on from Control Panel. Step 1: Open the Quick Access Menu with Windows key+X, and then choose Control Panel in it."
1141,"The 10 per cent Goods and Services Tax (GST), the Luxury Car Tax and Stamp Duty are all factors driving up the price in Australia for the base model car. The fully-optioned, performance-spec 85kWh Tesla Model S will come in at almost double the base price, topping out at around $200,000."
1142,"Perishable food in a refrigerator lasts about four hours without power, as long as the door is kept closed. Opening the door lets some of the cold escape and increases the temperature in the fridge, so keep it closed as long as possible.A refrigerator thermometer helps you keep an eye on the temperature.reezer. Items stored in a freezer compartment will last longer than in the fridge because the temperature is cooler and the items have been frozen. A freezer that's full may keep food cool enough to be safe for 24 hours. Freezer food that thaws to above 40 degrees Fahrenheit for more than two hours should be discarded."
1143,"Leeds, New York is in Greene County. Leeds, Alabama is in Jefferson County. Leeds, North Dakota is in Benson County. Leeds, Utah is in Washington County. Considering he asked this in England. I guess none of the above apply. It's in West Yorkshire I think."
1144,"ESPN Stats and Information. The first three weeks of the 2017 college football season will feature highly anticipated non-conference showdowns. National runner-up Alabama opens against Florida State on Sept. 2 in one of the season's best early matchups, according to ESPN's FPI."
1145,"Symptoms of alcoholic liver disease include abdominal pain, tenderness, jaundice (yellowing of the skin and whites of the eyes), fatigue, and nausea. After cirrhosis has developed, fluid buildup (edema) in the legs and fluid collection in the abdomen (ascites) are common."
1146,Follow mens unique watches to get e-mail alerts and updates on your eBay Feed. Unfollow mens unique watches to stop getting updates on your eBay Feed. Yay! You're now following mens unique watches in your eBay Feed.You will receive email alerts for new listings. Dont send me e-mail alerts.
1147,"What does Gracyn mean in Urban Dictionary?: very nice, funny individual. sexiest of all of the. never ever let a lady since hot as her get past both you and maybe not bang the woman hard. intercourse…"
1148,"The hindbrain is made of the cerebellum, pons and medulla. Often the midbrain, pons, and medulla are referred to together as the brainstem. The Cerebrum: The cerebrum or cortex is the largest part of the human brain, associated with higher brain function such as thought and action.The cerebral cortex is divided into four sections, called lobes: the frontal lobe, parietal lobe, occipital lobe, and temporal lobe.he hindbrain is made of the cerebellum, pons and medulla. Often the midbrain, pons, and medulla are referred to together as the brainstem. The Cerebrum: The cerebrum or cortex is the largest part of the human brain, associated with higher brain function such as thought and action."
1149,"Be Prepared: New Rules for Compounding Aseptic Isolators Prominently featured in the pharmaceutical manufacturing industry, a barrier isolator creates an aseptic environment for compounding parenteral (injectable), ophthalmic, and inhaled medications."
1150,"How to Apply for a Kenyan Identity Card. The process of applying for an ID in Kenya can be quite a hectic experience. The following guidelines are to make it easier for you. These steps are only to be followed by Kenyan citizens.Take note that they may vary from place to place with Kisauni used as an example.he officer should take your thumb prints and hand you forms that you should take for signing. Start from the Ass. Chief (Opp Vescon II), Chief (Shanzu stage) you may leave the forms with the officer, D.O, D.C (If from Kisauni take the road to JCC and take the 1st corner. Both the D.O and D.C should sign."
1151,"With quotation marks or brackets. If a direct question is in quotation marks ( ) or in brackets (), the question mark goes inside the quotation marks or brackets (because it belongs to the words inside them). You then put a full stop after the quotation marks or bracket (to show the end of the whole sentence).Example.Practice.f a direct question is in quotation marks ( ) or in brackets (), the question mark goes inside the quotation marks or brackets (because it belongs to the words inside them). You then put a full stop after the quotation marks or bracket (to show the end of the whole sentence). Example. Practice."
1152,1 Tracheoesophageal fistula: An abnormal channel forms to connect the trachea and the esophagus. 2  Passage of swallowed food from the esophagus into the trachea causes serious lung problems. 3  Tracheal foreign body: An object is inhaled (aspirated) and lodges in the trachea or one of its branches.
1153,"Medical payments coverage. Medical payments coverage, also known as medical and funeral services payments, can help cover accident-related medical expenses (including funeral expenses) for you, other drivers on your policy, and passengers. It can also offer coverage if you're struck by a car as a pedestrian or cyclist."
1154,"If you signed a lease for a fixed term, your landlord can’t legally break the lease until that term is up. My landlord and I have, shall we say, butted heads a time or ten. It’s not that I’ve ever violated the lease or anything… I always pay my rent on time and all that jazz."
1155,"And it is large: it is the largest lake in Central Europe. There is a variety of resort towns located on its shores. Due to the size of the lake, it has an affect on the local weather, with the region seeing 5 to 7 cm more precipitation than the rest of Hungary."
1156,"Abortion, Rape and the Catholic Church. by Digitalnun on February 19, 2011. A thoughtful question posed in a comment to yesterday’s post (Cannibal Cups and our Squeamish Sensibility) is my reason for writing about this subject.ne of the problems we face in western society is that rape has somehow been trivialised. No one I have ever spoken to who has been raped would agree that rape is trivial. That is a message we need to get across loud and clear, and I’m not convinced that the Church has done a very good job on that."
1157,"Notice the thinness of the bill. Genuine money is often thinner than counterfeit money. The process for making money involves applying thousands of pounds of pressure during the printing process. As a result, real money should feel thinner and crisper than regular paper."
1158,"Hexachlorocyclohexane (HCH) is a manufactured chemical that exists in eight chemical forms called isomers. One of these forms, gamma-HCH (or γ-HCH, commonly called lindane) is produced and used as an insecticide on fruit, vegetables, and forest crops."
1159,"DEFINITION of 'Currency Forward'. A binding contract in the foreign exchange market that locks in the exchange rate for the purchase or sale of a currency on a future date.A currency forward is essentially a hedging tool that does not involve any upfront payment.urrency forward settlement can either be on a cash or a delivery basis, provided that the option is mutually acceptable and has been specified beforehand in the contract. Currency forwards are over-the-counter (OTC) instruments, as they do not trade on a centralized exchange."
1160,"ISO 9001 is the internationally recognized Quality Management System (QMS) standard that can benefit any size organization. Designed to be a powerful business improvement tool, ISO 9001 Quality Management certification can help you to: Continually improve, streamline operations and reduce costs; Win more business and compete in tenders"
1161,"For example the median expected annual pay for a typical Call Center Representative I-Inbound in the United States is $29,177 so 50% of the people who perform the job of Call Center Representative I-Inbound in the United States are expected to make less than $29,177.Source: HR Reported data as of October 2015.ob Description for Call Center Representative I-Inbound. Duties include answering telephone call inquiries and promoting an organization's products and services. Responsible for researching and resolving complaints to ensure customer retention and satisfaction."
1162,"Homefacts City Report. Redmond is located in King County, WA. The population is 55,518, making Redmond the 8th largest city in King County. There are 21 public schools in Redmond with an average Homefacts rating of A. The total crime rate for Redmond is very low, and there are 15 registered sex offenders residing in the city."
1163,"Bloomsburg University Students Against Per-Credit Tuition. Hey Everyone, we will be having a table and stand outside on the Student Service Center patio Monday 4/6, Tuesday 4/7, and Wednesday 4/8 where anyone can come and sign our petition. A lot of students have already signed it, but we need a lot more to make a difference."
1164,Newest Games. You are currently playing Legend Of Korra: The Last Stand on KBHGames. One of many Online Games you can play on KBH Games website. We have the best collection of free online games from the best publishers and developers. Legend Of Korra: The Last Stand received 4 likes from our users.
1165,"If you get disability benefits and your condition improves or you return to work, report these changes to us by calling us at 1-800-772-1213 (TTY 1-800-325-0778) or contacting your local Social Security office. More Information."
1166,"The catchment area is the first point of contact for rainfall. For the vast majority of tank-based rainwater harvesting systems, the catchment area is the roof surface. There are some important factors about the roof to consider when planning for a RWH system:"
1167,"Global wind patterns. Global wind patterns: Winds are named by the direction from which they blow. The globe is encircled by six major wind belts, three in each hemisphere. From pole to equator, they are the polar easterlies, the westerlies, and the trade winds. Show full answer."
1168,"Adjacent counties. 1  Franklin County (north) 2  Winston County (east) 3  Walker County (southeast) 4  Fayette County (south) 5  Lamar County (southwest) 6  Monroe County, Mississippi (southwest) 7  Itawamba County, Mississippi (west)"
1169,"Best Times to Visit Vienna. The best time to visit Vienna is from April to May or September to October. The mild weather in spring and fall brings mild crowds. Most visitors aim to enjoy the warm, sunny weather that Vienna experiences in the summer months. Between June and August, you can expect the city to fill up and room rates to skyrocket."
1170,"Some of the top 10 are popular becuase they come with WordPress by default. Over at builtwith.com, you can see a live view of the most popular WordPress themes. At the time of writing, the breakout looks like this: Let’s take a look at each of the 10 most poplar WordPress themes in more detail. The Genesis Framework is the brainchild of Brian Clark, founder of the wildly popular (at least with bloggers, content marketers, and copywriters) Copyblogger site."
1171,"Sample Learning Goals. 1  Define “isotope” using mass number, atomic number, number of protons, neutrons and electrons. 2  Given information about an element, find the mass and name of an isotope. 3  Give evidence to support or dispute: “In nature, the chance of finding one isotope of an element is the same for all isotopes.”."
1172,"Coal is a black or brownish black combustible mineral formed about 300 million years ago when the earth was covered by swampy forests of scale tress (lycopods) giant ferns, horsetails, and club mosses."
1173,"The IRS does not require submission of Form 1098-T with your tax submission. However, replacement forms may be requested from Collin's 1098-T partner, ECSI, by calling 866-428-1098 or emailing cservice@ecsi.net. Also, the Form 1098-T is an informational form only."
1174,"Filed Under: Art Glass Tagged With: murano glass jewelry made in italy, murano glass made in china, murano glass made in italy, murano glassware made in china, murano made in italy, nissan murano made in, nissan murano made in japan, nissan murano made in usa, where are muranos made, where is murano made."
1175,"pressure gradient. The difference in hydrostatic pressure on either side of a membrane. As the difference in pressures rises, filtration increases from the area of high pressure to the area of low pressure. See also: gradient. pressure. stress or strain, by compression, expansion, pull, thrust or shear. arterial pressure."
1176,"The act, process, or experience of gaining knowledge or skill. 2. Knowledge or skill gained through schooling or study. See Synonyms at knowledge. 3. Psychology Behavioral modification especially through experience or conditioning."
1177,"1. Binary is a base 2 number system invented by Gottfried Leibniz where numeric values are represented by different combinations of 0 and 1, also known as OFF or ON.The primary language of computers, binary is still used in today's machines because it's a simple and elegant design.Binary's 0 and 1 method is efficient at detecting an electrical signal's off or on state, or magnetic poles in media like hard drives.. Binary is a base 2 number system invented by Gottfried Leibniz where numeric values are represented by different combinations of 0 and 1, also known as OFF or ON."
1178,"1 The average actual upload speed of a UK fixed broadband connection was 1.8Mbit/s in May 2013, 0.4Mbit/s (29%) higher than the average recorded in November 2012. 2  Peak-time speeds and speeds more generally can sometimes also be affected by traffic management policies applied by ISPs."
1179,"I have asked before, but people keep telling me the government owns the post office. The postal employees tell me that it is no longer a governmental agency. I have also been told by other people that it is privately owned. I want to know who to contact OVER the people a complaint will go to... Source(s): postal service privately owned owns it: https://tr.im/kKrOB."
1180,How long does the ATI TEAS exam take? The maximum amount of time allotted for the ATI TEAS is 209 minutes (about 3.5 hours). Each section is timed: Reading = 64 minutes; Math = 54 minutes: Science = 63 minutes; English = 28 minutes. There is not a break between sections. Where can applicants take the ATI TEAS exam?
1181,"Definition. A nuclear stress test measures blood flow to your heart at rest and while your heart is working harder as a result of exertion or medication.The test provides images that can show areas of low blood flow through the heart and damaged heart muscle.The test usually involves taking two sets of images of your heart — one while you're at rest and another after you heart is stressed, either by exercise or medication.he test provides images that can show areas of low blood flow through the heart and damaged heart muscle. The test usually involves taking two sets of images of your heart — one while you're at rest and another after you heart is stressed, either by exercise or medication."
1182,"Definition of isometric. 1  1 : of, relating to, or characterized by equality of measure; especially : relating to or being a crystallographic system characterized by three equal axes at right angles."
1183,"About the name Moby. The meaning of the name Moby: Created Name. The origin of the name Moby: American. Notes: Name created by the 19th-century American author Herman Melville in his novel, 'Moby Dick' (1851), which was inspired by stories of an actual sperm whale called Mocha Dick.Moby the musician, real name: Richard Melville Hall, is a direct descendent of th.he origin of the name Moby: American. Notes: Name created by the 19th-century American author Herman Melville in his novel, 'Moby Dick' (1851), which was inspired by stories of an actual sperm whale called Mocha Dick."
1184,"Activities coordinator degree programs provide instruction in overseeing and conducting recreational activities programs. Professional certification is also available to help with advancement, although it is usually not required."
1185,"As companies reorganize to gain competitive edge, human resources plays a key role in helping companies deal with a fast-changing competitive environment and the greater demand for quality employees."
1186,"Many are just another source of food for larger bass and other fish, and all kinds of other predators eat largemouth and smallmouth bass. John Odenkirk says a baby bass has about a 10 percent chance of growing into an adult. That is, nine out of 10 little largemouth never make it to their third or fourth birthday."
1187,"Your local forecast office is. Copious moisture from the Gulf of Mexico will bring several rounds of heavy rain to the central Gulf Coast states through the weekend, and significant flash flooding is possible. Additional heavy rain chances will extend from southwest TX all the way to northern New England on Saturday. By Sunday, the mid-Miss."
1188,"The most dangerous crocodiles are the Saltwater and Nile Crocodiles, which are easily provoked and show no fear towards humans. These crocs are typically found in the southern parts of Asia, Australia, and throughout Africa."
1189,"For while the story that began Sept. 8, 1900, is one about the fate of people at the hands of nature, it's also one about people altering their own fates by changing the face of nature. Historians contend that between 10,000 and 12,000 people died during the storm, at least 6,000 of them on Galveston Island. More than 3,600 homes were destroyed on Galveston Island and the added toll on commercial structures created a monetary loss of $30 million, about $700 million in today's dollars. The Great Storm reigns today as the deadliest natural disaster in U.S. history."
1190,"The amount of time you have to wait depends on the weather. 1  If there are only little clouds in the sky, it takes 6 hours. 2  If there are about 50% or more clouds, you have to expose the bottles for 2 days to the sunlight. 3  If it is raining all time, this method doesn't work."
1191,"A hybrid heat pump water heater works like a refrigerator but in reverse. While a refrigerator removes heat from an enclosed box and releases it to the surrounding air, a hybrid heat pump water heater captures heat from the surrounding air and then transfers it to water in an enclosed tank. It then blows out the cooler air."
1192,"Section 1. The right of citizens of the United States, who are eighteen years of age or older, to vote shall not be denied or abridged by the United States or by any State on account of age."
1193,"How was the ISS was made? The ISS was constructed in segments and flown up into space, astronauts would connct the segments of the ISS by going on space walks to attach them together. The segments were … constructed in the Kennedy Space Centre in Orlando, Florida."
1194,"BEFORE FILING the “Doing Business As” (dba) or Assumed Name certificate, you should perform a name search to determine if the proposed business name has already been filed. Our office cannot perform the name search for you, but will be happy to assist you with the name search. The fee for recording the notarized Assumed Name is $26.00 for the first 15 pages and $4.00 for each additional page."
1195,"The Treaty of Versailles was the agreement negotiated during the Paris Peace Conference of 1919 that ended World War I and imposed disarmament, reparations, and territorial changes on the defeated Germany.his treaty conformed to the Versailles agreement except for the omission of the League of Nations provisions. The Treaty of Versailles has been criticized as a vindictive agreement that violated the spirit of Wilson's Fourteen Points."
1196,"The Secretaries of the Military. Departments, in addition to the responsibilities in section 4 of this enclosure, shall act as. approval authority for all law enforcement personnel flying armed on commercial aircraft under. the authority of their respective Military Departments. DoDI 5525.14, March 22, 2011."
1197,1 These metals do not burn as readily in air. 2  The surfaces of these metals will tarnish in the presence of oxygen forming a protective oxide coating. 3  This coating protects the bulk of the metal against further oxidation (the metal is passivated).
1198,"Then storm clouds roll in. Then he’s six feet under. Then he’s being covered with dirt. (I love that, as TV critic Emily Nussbaum pointed out on Twitter, when Nashville attempts to go “arty” with dream sequences, they’re the least Freudian dream sequences ever. In Deacon’s dreams, death = death.) He wakes with a start, with Rayna beside him in bed."
1199,"A BRIEF DESCRIPTION ON KESHAN DISEASE. (KD)1. Keshan disease was discovered in the winter of 1935 in. northeast China when an outbreak of an unknown disease. occurred with sudden onset of precardial oppression and. pain, nausea and vomiting and fatal termination."
1200,"The blue-tongue is really a skink. There are 7 species of blue-tongue in Australia. They belong to the skink family, Scincidae, which means shiny scaled. Australia has more species of skinks than of all other lizards put together.here are 7 species of blue-tongue in Australia. They belong to the skink family, Scincidae, which means shiny scaled. Australia has more species of skinks than of all other lizards put together."
1201,"For example the median expected annual pay for a typical Surgeon-Trauma in the United States is $361,976, so 50% of the people who perform the job of Surgeon-Trauma in the United States are expected to make less than $361,976."
1202,Skilled Tracker makes all Fighters Guild spells that affect undead and Daedra also affect werewolves. Thus you can use the spell against werewolves with better effect.Any player in ESO can become werewolf and get new abilities.This new skill line is extremely powerful and makes the player stronger.But it’s not fair to let some people dominate others.hus you can use the spell against werewolves with better effect. Any player in ESO can become werewolf and get new abilities. This new skill line is extremely powerful and makes the player stronger. But it’s not fair to let some people dominate others.
1203,"Lemon juice has a long shelf life because it is highly acidic, but once you open a container of it, you must refrigerate it to prevent it from spoiling within hours. Unopened canned or bottled lemon juice can stay good for as long as 18 months in the pantry."
1204,SLL serves families on the Sammamish plateau. Boundaries are set with Little League International to align with neighborhood and school boundaries. Neighbor LL programs include Eastlake LL to our north and Issaquah LL to our south. Click HERE to see the official Little League boundaries for our area.
1205,"Broken Capillaries on the face can be embarrassing but are quite common. Most of the time they are found on the cheek or the nose area. We all know that once you get one, you want to get rid of it! Here is some info on Broken Capillaries from HX BENEFIT that may help you prevent them or cure them!"
1206,"The Wallace Line or Wallace's Line is a faunal boundary line drawn in 1859 by the British naturalist Alfred Russel Wallace that separates the ecozones of Asia and Wallacea, a transitional zone between Asia and Australia.allace noticed this clear division during his travels through the East Indies in the 19th century. The line runs through Indonesia, between Borneo and Sulawesi (Celebes), and through the Lombok Strait between Bali and Lombok."
1207,"Adobe Illustrator is a vector graphics editor developed and marketed by Adobe Systems. The latest version, Illustrator CC 2015.3, is the twentieth generation in the product line."
1208,"The North American Central Time Zone (CT) is a time zone in parts of Canada, the United States, Mexico, Central America, some Caribbean Islands, and part of the Eastern Pacific Ocean. Central Standard Time (CST) is six hours behind Coordinated Universal Time (UTC). During summer most (but not all) of the zone uses daylight saving time (DST), and changes to Central Daylight Time (CDT) which is five hours behind UTC."
1209,samsung galaxy s6 edge unlocking instructions once you get the unlock code from us follow these steps 1 insert the non accepted sim card and power on 2 your phone prompts to enter sim network unlock pin 3 enter the network unlock code and press ok or enter 4
1210,"Cease and Desist Form, Cease and Desist Notice, Stop Harassment Letter. When you want to tell someone to formally knock it off, a Cease and Desist Letter might be your trump card. Maybe someone's ripping off your trademarked idea. Maybe your copyrighted work has gotten into the wrong hands."
1211,"For example: if you have 1.2 ounces of coffee (by weight), you would multiply 1.2 times 16.0 to get 19.2 fluid ounces of water needed. If you’re using the metric system, 92.6 grams of coffee would require 1562 CCs (1.56 liters) of water. Use the inverse factor to determine the amount of coffee to use with an unlisted amount of water."
1212,"Defining OCR and ICR. While OCR and ICR sound similar, in reality there are major differences between the 2 software systems. OCR software translates scanned images of text, whether printed or typewritten, and turns these scans into machine-encoded text. OCR is generally used to translate books and other long documents into electronic files."
1213,"WORDS WHICH ARE USUALLY UNCOUNTABLE- LIST DICTATION. ... WORDS WHICH ARE USUALLY UNCOUNTABLE LIST DICTATION SCRIPT ABSTRACT NOUN HAPPINESS, WEALTH, JOY, MISERY, POVERTY ACCOMMODATION HUT, SERVICED APARTMENT, TENT ..."
1214,"How Much Do Chefs Really Make? When 20-year-old Jacques Van Staden left his native South Africa for Washington in 1990 to become a chef, he had to sell his car to pay the airfare. Sixteen years later, he is making $140,000 plus a percentage of the profits of a restaurant group and is executive chef at its award-winning Alize restaurant in Las Vegas."
1215,"Instead, I'll just admit that I'm still a fan of It. Stephen King's It was a two part, made-for-TV movie in the 1990. Quite obviously, it is an adaption of Stephen King's horror masterpiece; one that I have read, and one that is one of my personal favorites from King. The movie changes a lot of details from the book, but that shouldn't be a surprise as the director is trying to make a 3 hour movie out of a 1,000 plus page book. Part 1 is more about the story as it pertains to when the characters were young."
1216,Status code 340. I have been trying to reactivate one of my cable boxes with no success. I keep getting error code 340...this device is currently not activated.. No problem with main cable box or internet so I know the signal is getting through.
1217,"At the 1990 World Summit for Children, the gathered nations identified deficiencies in two microminerals and one micronutrient – iodine, iron, and vitamin A – as being particularly common and posing public health risks in developing countries. The Summit set goals for elimination of these deficiencies."
1218,"The cost of a passport can vary depending on the type of service you require, how quickly you need to get the application processed and any additional services you might need. There is an application fee for most services ranging from only $15 for a passport card for a minor to $110 for a new passport or renewal.An execution fee of $25 is mandatory when submitting Form DS-11. This is paid to the agent that adjudicates the application.The fees for some of the optional services are $60 for expedited service, $14.85 for overnight delivery of your new passport and $150 for a file search.here is an application fee for most services ranging from only $15 for a passport card for a minor to $110 for a new passport or renewal. An execution fee of $25 is mandatory when submitting Form DS-11. This is paid to the agent that adjudicates the application."
1219,"In English, the name Teanna means-free spirit or beautiful mind.The name Teanna originated as an English name. The name Teanna is most often used as a girl name or female name."
1220,"Testing & Diagnosis. Tuberculosis (TB) is a disease that is spread through the air from one person to another. There are two kinds of tests that are used to determine if a person has been infected with TB bacteria: the tuberculin skin test and TB blood tests.ther tests, such as a chest x-ray and a sample of sputum, are needed to see whether the person has TB disease. Tuberculin skin test: The TB skin test (also called the Mantoux tuberculin skin test) is performed by injecting a small amount of fluid (called tuberculin) into the skin in the lower part of the arm."
1221,"Dark green leafy vegetables are great sources of nutrition. Salad greens, kale and spinach are rich in vitamins A, C, E and K, and broccoli, bok choy and mustard are also rich in many of the B-vitamins."
1222,"Causes of Hot Tub Foam. Every time you use your spa, the warm water absorbs dead skin cells, perspiration and dirt, and also lotions, oils, soaps, cosmetics and hair products. Over time, these invisible solids build up in the water, making the water ‘thick’. Spa water chemistry also plays a role."
1223,"Today’s whales share many anatomical traits with other mammals, but the unique adaptations of species such as Physeter macrocephalus, the sperm whale, illustrate how organisms can transform over time as they carve out their place on the planet."
1224,"Home What fungi are Reproduction Asexual Reproduction. FUNGI REPRODUCING ASEXUALLY BY MEANS OF CONIDIA. Conidia are asexually produced spores that are borne externally to the cells that produce them. This definition may be confusing, but it is only necessary to compare conidia with sporangiospores to see the difference."
1225,"(Photo: Swamibu /Flickr). Blood diamonds, also referred to as conflict or war diamonds, are diamonds that originate from war zones and end up being traded on the black market to fund rebel fighters and insurgencies. The practice is most often associated with conflicts in Africa."
1226,"Greek amphora- Expanded Definition. In Dario's poem he refers to the swan as being “like the handle of a Greek amphora”. Historically a Greek amphora is defined as “a two-handled Greek vase, generally with a swollen belly, narrow neck, and a large mouth”."
1227,"Benefits and Incentives-(Depending on Full Time or Part Time Status) Baptist Health offers their employees a wide and...-Louisville, KY - Baptist Health Skip to main content select"
1228,"Raptors belong to two scientific orders, the Strigiformes and Falconiformes. The orders are divided into six groups with a total of about 446 species worldwide."
1229,"I am in Dinosaur Simulator which is made by ChickenEngineer. Today, I will be showing how to get all the dinosaurs and badges in the game. Dinosaurs: 1. T-Rex-Free. 2. Triceratops-Free. 3. Ornithomimus-Free. 4. Styracosaurus - 1 day as T-Rex. 5."
1230,"The Urban Dictionary Mug. One side has the word, one side has the definition. Microwave and dishwasher safe. Lotsa space for your liquids."
1231,"So to sum up: buying an efficient washing machine is worth it, but it is especially worth it if you pay a lot for water … or do a lot of laundry. Here’s to clean clothes! (* official DOE numbers set the number at 392 load per household per year … but that just seems to be a lot)"
1232,"Used farm equipment can be purchased at farm auctions, through farm equipment dealers (especially tractors), or found through website listings such as Craigslist or tractorhouse.com. For tractors, combines or other powered equipment the number of hours on the unit is a consideration."
1233,"The sucking of fluid or a foreign body into the airway when drawing breath. A surgical technique used in the treatment of cataracts of the eye, in which an incision is made into the cornea, the lens capsule is severed, and the material of the lens is fragmented and aspirated by a needle."
1234,"Hip-Hop's possible Haitian roots Edit. Many believe that hip hop music comes from the griots of West Africa which were shipped to small islands such as Haiti during the slave trade. A griot is a West African poet, praise singer, and wandering musician, considered a repository of oral tradition.he most popular form of this is the rising of 'Hip Hop nan Kreyol' kreyòl Or Kreyol Kreyòl. Hip, hop often hardcore beats are used while the artist raps. In kreyol kreyòl, kreyol kreyòl hip, hop though relatively new has Become very. popular with haitian youth"
1235,"Signs and symptoms of hemophilia vary, depending on your level of clotting factors. If your clotting-factor level is mildly reduced, you may bleed only after surgery or trauma. If your deficiency is severe, you may experience spontaneous bleeding. Signs and symptoms of spontaneous bleeding include: Unexplained and excessive bleeding from cuts or injuries, or after surgery or dental work."
1236,"Related Diseases & Conditions. 1  The word rash means an outbreak of red bumps on the body. The way people use this term, a rash can refer to many different skin conditions.  Dandruff (seborrhea) is a skin disorder that results from neither too much moisture nor too much oil."
1237,How to Create Sparklines in Tableau. 1  Drag Order Date to Columns. 2  Right Click on Order Date Pill and select Month (Month Year) 3  Drag Sales to Rows. 4  Right click on Sales Axis and select Edit Axis. 5  Uncheck Include Zero. 6  Select Independent axis rows for each row or column and click OK. 7  Drag Segment on Rows.
1238,"Italian Translation Services. SDL FreeTranslation.com has everything you need for Italian translation. Our free translation website allows you to translate documents, text and web pages from English to Italian. For professional, human translations in Italian get an instant free quote from our expert translators."
1239,serving or tending to deter. noun. 2. something that deters: a deterrent to crime. 3. military strength or an ability to defend a country or retaliate strongly enough to deter an enemy from attacking. Origin of deterrent.
1240,"Less common causes of leg swelling include blood clots in the leg (deep vein thrombosis), parasite infection, lymphedema, liver disease and cirrhosis, kidney disease and nephrotic syndrome, broken ankle, broken leg, and diseases that cause thickness of the layers of skin, such as scleroderma and eosinophilic fasciitis."
1241,"Unless you have a history of pregnancy loss or fertility issues, your first prenatal visit won't likely be scheduled until sometime between week eight and week 12, but it's still best to call your healthcare provider as soon as you suspect you're pregnant."
1242,"Best synthetic urine – Reviews of brands and where to buy them. Below I’ll list and briefly review the best synthetic urine kit brands and my personal preferences. When reading synthetic urine reviews online and other people’s experience with synthetic urine, on forums and such, it’s important to look at the date. Drug testing evolves constantly, which means the same brands and methods may or may not still be effective."
1243,"Did you just take an IQ test and now you wonder if 123 is a good or bad IQ score? Or maybe you know someone who has a 123 IQ and you’re wondering if 123 is a high or low IQ score? Yes, 123 is a good IQ score.In fact, 123 IQ means that you have superior intelligence. A 123 IQ is not on top of the IQ scale, but it is higher than normal. To put it in perspective, most IQ scores range from 40 to 140.heck other IQ scores here to see if they are any good! This is Research Maniacs' interpretation of an IQ score of 123. There are many different IQ tests which test things like your memory, general knowledge, and logical reasoning."
1244,"The name Jermaine is an English baby name. In English the meaning of the name Jermaine is: Brotherly.. Singer Jermaine Jackson. Latin Meaning: The name Jermaine is a Latin baby name.In Latin the meaning of the name Jermaine is: Brotherly..Singer Jermaine Jackson.American Meaning: The name Jermaine is an American baby name.he name Jermaine is a French baby name. In French the meaning of the name Jermaine is: German or 'from Germany', from the French word, Germain. SoulUrge Number: 2. Expression Number: 3. People with this name have a deep inner desire for love and companionship, and want to work with others to achieve peace and harmony."
1245,1 The tongue of the dog has numerous functions. 2  The tongue is used mainly for guiding food and water into the mouth and throat. 3  The tongue assists in the chewing and swallowing of food. 4  It serves as a ladle for lapping water and other liquids into the mouth during drinking.
1246,"Both our Chlorella and our spirulina are very particular strains of algae. Our Chlorella is a strain of algae known as Chlorella Pyrensoida. From a single pure source, this algae has been reproduced for thousands of generations. This insures the integrity of the strain's purity will stay intact without degenerating.hlorella Tablets. The name Chlorella derives from two Latin words meaning 'leaf' (green) and 'small', referring to the unusually high content of chlorophyll (the highest of any known plant) which gives Chlorella its characteristic deep emerald-green color."
1247,"The El Paso County Judge is Veronica Escobar, and the county commissioners are Carlos Leon (Precinct 1), David Stout (Precinct 2), Vince Perez (Precinct 3), and Andrew Haggerty (Precinct 4). Haggerty is a Republican, the other commissioners and the county judge are Democrats."
1248,09/07/2002: Area code 947 was created as an overlay to area code 248. The two area codes serve the same area. Area code 248 is an overlay area code for area code 810. The two area codes serve the same area.
1249,"through and over are useless adverbs. Examples: While iterating this collection, my code throws an error. This code iterates the collection. Your assignment is to write code that iterates the collection. It's like saying up north or down south. up and down are useless."
1250,"Rorion, who holds a degree in Law, is a best selling writer, publisher, producer, lecturer, and is widely recognized as the man responsible for introducing Gracie/Brazilian Jiu-jitsu to the United States and the world."
1251,"SCHEMES -- Schemes are figures of speech that deal with word order, syntax, letters, and sounds, rather than the meaning of words, which involves tropes. * The examples below come from multiple sources. The first is an informal compilation given to me by Dr. Jerri Williams of West Texas State University."
1252,"You love exploring your passions, making new friends, and discovering the world. You're always looking for an adventure. Rappelling a cliff. Perfecting your shot. Designing a robot. Kayaking into the sunset. Exploring your faith. Volunteering at an animal shelter."
1253,"Generally, a person can survive in 41-degree F (5-degree C) water for 10, 15 or 20 minutes before the muscles get weak, you lose coordination and strength, which happens because the blood moves away from the extremities and toward the center, or core, of the body."
1254,"The placentas of all eutherian (placental) mammals provide common structural and functional features, but there are striking differences among species in gross and microscopic structure of the placenta."
1255,Please use Drugs@FDA to find current labeling. 1  Alora (estradiol transdermal system) 2  Angeliq (drospirenone and estradiol) 3  Climara (estradiol transdermal system)  Climara Pro (estradiol/levonorgestrel transdermal 1  system) Combipatch (estradiol; norethindrone acetate transdermal system)  Delestrogen (estradiol valerate injection)
1256,"When the grantor is incapacitated, the successor trustee does not need to distribute any of the trust's assets unless the terms of the trust provides for such actions. When the grantor dies, the successor trustee's duties revolve around executing the trust."
1257,"After the procedure. If you had a non emergency procedure, you'll probably remain hospitalized one day while your heart is monitored and your medications are adjusted. You generally should be able to return to work or your normal routine the week after angioplasty."
1258,"Tommy's Wok Sausalito; Tommy's Wok, Sausalito; Get Menu, Reviews, Contact, Location, Phone Number, Maps and more for Tommy's Wok Restaurant on Zomato Serves Chinese. Cost $35 for two people (approx.)"
1259,"A group of industrialized nations including Australia, Austria, Canada, France, Germany, Italy, Japan, the UK, and the United States. In some contexts such countries are collectively called the North."
1260,n one of the small sacs or saclike dilations in a compound gland. a structure resembling a bag in an animal.
1261,"MATLAB Function Reference. load load('filename') load('filename', 'X', 'Y', 'Z') load('filename', '-regexp', exprlist) load('-mat', 'filename') load('-ascii', 'filename') S = load(...) load filename -regexp expr1 expr2 ... load loads all the variables from the MAT-file matlab.mat, if it exists, and returns an error if it doesn't exist. load('filename') loads all the variables from filename given a full pathname or a MATLABPATH relative partial pathname."
1262,"Court of Claims. Albany District which includes the counties of Albany, Clinton, Columbia, Essex, Franklin, Greene, Rensselaer, Saratoga, Schenectady, Ulster, Warren & Washington. New York District which includes the counties of Bronx, Kings, Nassau, New York, Queens, Richmond and Suffolk. Court of Claims."
1263,"Most likely, out of round or separated tire. Possibly a bent rim or badly worn CV Axle if its (FWD). Also...badly worn Front-end parts, Struts and Wheel Bearings can cause dif … ferent types of Vibrations. If it is a low speed vibration/wobble it is most likely to be a bad tire or rim."
1264,"Business Description. Amazon Com Kydc, which also operates under the name Amazon Returns Center, is located in Lexington, Kentucky. This organization primarily operates in the Catalog and Mail-order Houses business / industry within the Miscellaneous Retail sector. This organization has been operating for approximately 8 years."
1265,"Combining the quality of Sentry's VisiGuard product line with DIYPoolFence.com's affordable pricing, purchasing your in ground pool fence has never been easier or more affordable. VisiGuard child safety fence is one of the safest, easiest to install and most durable safety fences on the market."
1266,"Before you can work as a pharmacist, you will need to complete a five-year programme of education and training. This includes a four-year Master of Pharmacy (MPharm) degree and a one-year pre-registration training course in a pharmacy."
1267,"Vernon Price. Dr. Vernon H. Price, 89, formerly of Price, N.D., died July 28, 2014, in Albuquerque, N.M. Interment will be in Grand Junction, Colo. He is survived by his five children, Karen, Marilyn, Scott, Steve and Jeff; and one sister, Greta Rehling, Fargo."
1268,"The Role of a Shareholder in a Company. The Role of a Shareholder in a Company. A shareholder is a legal entity which has some ownership of a share or shares within a joint stock company. A shareholder might be an individual person or a company itself. Shareholders technically are the parties that own a company, and thus, the purpose of a company owned by shareholders is generally to increase the value of every shareholder's share."
1269,"To save on costs, you can limit the report length by specifying the filing or entry dates, or the Document Number (docket item number), of a particular item or range of items you want to see, and you can uncheck the boxes for displaying the parties and attorneys in the case."
1270,Operations management. Operations management is an area of management concerned with designing and controlling the process of production and redesigning business operations in the production of goods or services.
1271,"Latest weather radar map with temperature, wind chill, heat index, dew point, humidity and wind speed for Ithaca, NY"
1272,"Carrots providevitamin A and a host of other impressive health benefits including beautiful skin, cancer prevention and anti-aging. Learn how to reap the benefits from this crunchy powerfood. Health Benefits of Carrots. 1. Improves vision. There’s some truth in the old wisdom that carrots are good for your eyes. Carrots are rich in beta-carotene, which is converted into vitamin A in the liver. Vitamin A is transformed in the retina, to rhodopsin, a purple pigment necessary for night vision."
1273,"Ruling Out Disease: Gas is not usually caused by a disease or a disorder, but if gas is excessive and not caused by diet, a physician may look for other causes. After taking your medical history and performing a physical, some diagnostic tests might be used to find out what is causing the gas."
1274,"If you're buying a business, keep in mind that all licenses and permits will also need to be acquired. For details, please visit our session 12, Buying Businesses, in the Business Expansion course."
1275,"(May 2013). A currency transaction report (CTR) is a report that U.S. financial institutions are required to file with FinCEN for each deposit, withdrawal, exchange of currency, or other payment or transfer, by, through, or to the financial institution which involves a transaction in currency of more than $10,000.hen the first version of the CTR was introduced, the only way a suspicious transaction less than $10,000 was reported to the government was if a bank teller called law enforcement. This was primarily due to the financial industry's concern about the right to financial privacy."
1276,"The longer the grapes' skins are left sitting in the wine, the darker the color of the finished rosé. ...and the more it'll take on the deeper, more tannic characteristics you find in red wine. As it happens, red wine is made in a similar way. Red grapes have white insides and produce clear juice, so you can make any color wine with them. It's the length of time that the juice is left to hang out with the dark skins that determines whether it'll be white, pink, or red."
1277,"Send Mail to the Facility (not inmates): Federal Correctional Institution (FCI) - Fort Dix Low. PO Box 2000 Joint Base MDL, NJ 08640. To Send Mail to an Inmate at Federal Correctional Institution (FCI) - Fort Dix Low: (please get a list of acceptable mail from the facility) Federal Correctional Institution (FCI) - Fort Dix Low."
1278,"The Nutrisystem diet is designed to help customers lose weight by providing pre-packaged foods, online tools and counsellings. The information available on the Nutrisystem website is comprehensive and plentiful although the site has a somewhat ‘gimmicky’ and hyped image, with numerous invitations to sign-up or ‘order now’."
1279,"Soap Suds Enema Solution. Commonly used soap to make this solution is the Ivory bar soap, because of its mildness, while others used Castile soap because it dissolves quickly in water. It can also be left inside the enema bag for stronger soap suds enema. There's also a Castile liquid soap, 1 teaspoon of this for every quart of water would suffice. A known brand of this soap is Dr. Bronner's which is available in plain, with peppermint and mild for babies. Recipe:"
1280,"Thankfully, there are 2 ways to set up automatic backups on your iPhone, iPad (Mini), and iPod Touch in iOS 6: iCloud and Wifi Sync. 1. How to set up and use iCloud backups. With the introduction of iCloud, came the option for automatic backups.You can set up an iCloud account for free when you have an iOS device running the latest operating system or a Mac running Lion or Mountain Lion (Click here for Apple’s tutorial on how to setup an iCloud account on your iOS device: Set up iCloud. 2.ow to use iCloud or Wifi Sync to automatically backup your iPhone, iPad (Mini), and iPod Touch. How to fix Stock Apps when they are crashing on iPhone, iPad, iPod Touch. Help with how to report and reduce spam email on iPhone, iPad (Mini), iPod Touch."
1281,"These fierce comments have puzzled and embarrassed Christians who otherwise admire the Reformer. And they have led to charges that Luther was “one of the ‘church fathers’ of anti-Semitism.” More seriously, Luther’s attacks have been seen as paving the way for Hitler."
1282,"In civilian labor force, total, percent of population age 16 years+, 2012-2016 45.8% In civilian labor force, female, percent of population age 16 years+, 2012-2016"
1283,"Upon completion of the training, candidates will go to Navy Dive and Salvage Training Command (NDSTC) , Panama City, Fla., for Second Class Dive School, which is 70 training days long. The center has 22 different courses of instruction and a throughput of approximately 1300 students per year, with an average of 300 students in training at any given time."
1284,"Neuropathies of all types generally fall into three categories: acquired, hereditary and idiopathic (no known cause). One of the most common forms of an acquired neuropathy is diabetic neuropathy, which is the result of poorly controlled blood sugar levels in people with diabetes."
1285,"My doctor says I have degenerative changes in my spine. Yes. The phrase degenerative changes in the spine refers to osteoarthritis of the spine. Osteoarthritis is the most common form of arthritis. Doctors may also refer to it as degenerative arthritis or degenerative joint disease. Osteoarthritis in the spine most commonly occurs in the neck and lower back. With age, the soft disks that act as cushions between the spine's vertebrae dry out and shrink."
1286,"Military.com | by Sgt. Mike Volkin. Here are a few of the questions I have received recently about basic training. Even if you aren’t over 30, read the answers carefully. I always like to say every 5 minutes of reading you do on basic training before you leave will reduce your amount of push-ups by 5%."
1287,"When you move dimension text, you select a single dimension to move. You can move dimension text to the left, right, or center along the dimension line or to any position inside or outside the extension lines. A quick and simple way to do this is by using grips.o rotate dimension text. 1  tab panel. 2  Select the dimension to edit. 3  Enter the new angle for the text."
1288,"The Erie County Department of Environment and Planning has announced the annual thirty-day period during which a landowner may request the inclusion of agricultural land into a certified agricultural district. The enrollment period begins on September 1, 2015."
1289,"Caffeine, known by its chemical name, trimethylxanthine, is commonly consumed from sources such as coffee, tea, yerba maté, chocolate, as well as many soft drinks and energy drinks. Caffeine Natural Coffee Bean is an anhydrous natural extract of caffeine from coffee beans. Caffeine is frequently consumed by athletes as part of their workout supplement program. Serving Size: 200 milligrams. Servings Per Container: Varies. * Percent Daily Values are based on a 2,000 calorie diet."
1290,Report Abuse. there is two types: It's either official or unofficial academic transcript. Academic transcript is your overall academic grades from that particular college. If you want an unofficial transcript you go to your registrar office and fill out an application requesting one then they will provide you one.ating Newest Oldest. Best Answer: Academic transcripts are basically your academic records. This can be from your high school or college if you are transferring. Its just a piece of paper listing the courses you have taken and the grades you got in them.
1291,"In type 2 diabetes, beta cells churn out a lot of insulin early in the disease process; type 2 is characterized by both high glucose levels, and high insulin levels in the blood.eta cells reside in the pancreas, where they do the important job of producing insulin for the body. Beta cells produce insulin, and also secrete insulin when they are signaled to do so by an increase in glucose levels in the blood."
1292,"Although DFAS has asserted audit readiness, until it corrects the deficiencies and fully implements its FIP in accordance with the FIAR Guidance, its ability to process, record, and maintain accurate and reliable contract pay transaction data is questionable."
1293,"This ITIL® training course intends to prepare delegates for the ITIL® Foundation examination, which is taken on the final day of this 2 Days course. The Knowledge Academy’s ITIL® Foundation training course is accredited by PeopleCert, on behalf of AXELOS."
1294,"Who We Are. We're problem-solvers, engineers, technologists and innovators. Verizon is one of the largest communication technology companies in the world. Every day, we connect millions of people, companies and communities with our powerful technology. We’re using our award-winning network to make breakthroughs in interactive entertainment, digital media, the Internet of Things and broadband services for customers."
1295,"Fortunately, measuring temperature is much, much easier. You just have to find something that you know happens at a certain way at a temperature that your oven is made to produce. The easiest way to do this is by boiling water. At sea level, water boils at nearly 100°C or 212°F. My oven goes down to 170°F, so all I have to do is half-fill a pyrex dish with water, set the oven to 210, and the water should not boil. Set it to 215 and I should see a full boil."
1296,"Petersburg, IL - Weather forecast from Theweather.com. Weather conditions with updates on temperature, humidity, wind speed, snow, pressure, etc. for Petersburg, Illinois Today: Cloudy skies, with a maximum temperature of 55° and a minimum temperature of 34°."
1297,"As of Oracle Database 10 g, the XMLTYPE clause is available for use in a SQL*Loader control file. This clause is of the format XMLTYPE(field name) . It is used to identify XML type tables so that the correct SQL statement can be constructed. Example 8-2 shows how the clause can be used in a SQL*Loader control file."
1298,The Johnson County multi-jurisdictional Officer Involved Shooting Investigation Team investigated the case. Police told FOX 4 in an earlier report that Choate’s boyfriend called police the night she was shot to report that she had allegedly fired a gun inside of the home.
1299,"If you are squeamish at the sight of blood, turn away now! First we cleaned the spur and the leg around it with warm water and soap, and dried it with a paper towel. Then we put the rooster upside down and just twisted off the bony outer part of the spur with a pair of pliers."
1300,"Stopping at the red traffic light, suddenly, in my left ear I got a very loud ringing noise. To a psychic that’s a strong warning that means something is very, very wrong. It means red alert. (Ringing in the left ear is a warning and ringing right ear is positive.)”."
1301,"A modern example of cultural diffusion is the ubiquity of Latin food in American cooking. Enchiladas, tacos, guacamole and salsa are cultural products that originated in Latin American cuisine and... A modern example of cultural diffusion is the ubiquity of Latin food in American cooking. Enchiladas, tacos, guacamole and salsa are cultural products that originated in Latin American cuisine and... Star Gazing"
1302,2.4. The highest average temperature in Orlando is August at 82.4 degrees. The coldest average temperature in Orlando is January at 61.8 degrees. The most monthly precipitation in Orlando occurs in June with 8.8 inches.The Orlando weather information is based on the average of the previous 3-7 years of data..4. The highest average temperature in Orlando is August at 82.4 degrees. The coldest average temperature in Orlando is January at 61.8 degrees. The most monthly precipitation in Orlando occurs in June with 8.8 inches.
1303,"It is vital for you to know real estate attorney fees or real estate lawyer fees [http://www.legalinfo-online.com/realestatelawyerfee.html], before you appoint one to your cases. Best possible way to find a real estate lawyer charging lowest fees is though online real estate lawyer [http://www.legalinfo-online.com/realestateattorney-articles.html]"
1304,"The most common side effects of RITUXAN are infusion reactions, chills, infections, body aches, tiredness, and low white blood cells. Other side effects with RITUXAN include: aching joints during or within hours of receiving an infusion. more frequent upper respiratory tract infection."
1305,"The history, meaning and origin of first and last names come from the Dictionary of First Names and the Dictionary of American Family Names respectively. Last name histories from SurnameDB are also included on ~50,000 names for additional information and context."
1306,Accounts Receivable is an asset account and is increased with a debit; Service Revenues is increased with a credit. Expenses normally have their account balances on the debit side (left side). A debit increases the balance in an expense account; a credit decreases the balance.
1307,The issue of health insurance reform in the United States has been the subject of political debate since the early part of the 20th century. Recent reforms remain an active political issue. Alternative reform proposals were offered by both of the two major candidates in the 2008 presidential election.
1308,"Before menopause, abnormal bleeding or vaginal discharge is not as likely to be a sign of endometrial cancer. They are usually signs of other conditions, such as hormone changes. Symptoms of more advanced endometrial cancer include: 1  Pain in the pelvic area. 2  A pelvic lump. 3  Weight loss."
1309,"A contractual term is Any provision forming part of a contract. Each term gives rise to a contractual obligation, breach of which can give rise to litigation. Not all terms are stated expressly and some terms carry less legal gravity as they are peripheral to the objectives of the contract. 1 Classification of term."
1310,"In materials science, deformation refers to any changes in the shape or size of an object due to-an applied force (the deformation energy in this case is transferred through work) or; a change in temperature (the deformation energy in this case is transferred through heat)."
1311,"All year long, magic awaits you at the Disneyland Resort. Discover lots of fun no matter when you come! Every month offers a different way to experience the Disneyland Resort. From late-night summer extravaganzas to the mostly quieter winter months, there are different advantages to visiting during various seasons."
1312,"Food is generally the most common cause of anaphylaxis. Common food triggers include nuts, shellfish (shrimp, lobster), dairy products, egg whites, and sesame seeds. Wasp or bee stings are also common causes of anaphylaxis."
1313,"An air bag, placed on the topsurface of the slab, was used for this purpose, and the load was applied by gradually increasingthe pressure in the air bag. The air bag has a capacity of 20 psi in a fully constrained condition.The view of the test set-up is shown in Fig. 5-11."
1314,"Standard Weight wheelchairs are the perfect choice if you need to be self-propelled, but won't be in the wheelchair long term. Generally weighing between 35 and 44 lbs., standard wheelchairs feature folding frames, swingaway foot rests and armrests. Some standard weight wheelchairs, convert into transport chairs while others are able to support users up to 500 lbs or 600 lbs. For longer term users, we suggest a ridgid wheelchair, which are generally lighter and offer better performace."
1315,"ABOUT THE COMMISSION. The Broadband Commission for Digital Development was launched by the International. Telecommunication Union (ITU) and the United Nations Educational, Scientific and Cultural. Organization (UNESCO) in response to UN Secretary-General Ban Ki-moon’s call to step. up efforts to meet the Millennium Development Goals (MDGs)."
1316,"Credit bureaus have 30 days to investigate and respond to your credit report dispute, or 45 days if you send additional proof during the investigation period. If they don’t respond in that time frame, you have the right to sue in Federal court for up to $1,000."
1317,"Manufacturers of phentermine diet pills have their own 37.5 mg dosages, Phentermine 37.5 mg tablets or capsules are generally manufactured by generic pharmaceutical groups.hentermine is FDA approved but it's currently being studied in combination with other medications for obesity. The first such combination is the appetite suppressant phentermine/topiramate (Qsymia, formerly Qnexa). In 2012, the FDA approved its sale in the United States."
1318,"Homes for sale ‘by owner’ are often the best value in any neighborhood. That is because owners have maximum negotiating flexibility, especially when they don’t have a listing agent’s commission soaking up 3% or more of the sale price. Of course, we encourage ‘by owner’ sellers to cover all or part of the buyer’s agent commission, so there’s still no cost to you."
1319,"There are additional features within report designer to help you tailor the reports to show only the information you want. You can also design the document(s) to show prompts as well as condition the report to reduce its size. For example, if you want a report to show one job, you can condition the report to that specific job. You can also condition the report(s) to show each division or department if your company has more than one division or department."
1320,"Pelotonia founded in Columbus, Ohio in 2008, is a grassroots bike tour that funds cancer research at The Ohio State University. Pelotonia is a three-day experience that includes a weekend of cycling, entertainment and volunteerism.he Pelotonia Fellowship Program trains promising and accomplished undergraduate, graduate, medical and postdoctoral students from any discipline at Ohio State who have the potential to become independent cancer researchers."
1321,"Congestion, sore throat, and sneezing are common with colds. Both cold and flu bring coughing, headache, and chest discomfort. With the flu, though, you are likely to run a high fever for several days and have body aches, fatigue, and weakness. Symptoms of the flu also tend to come on abruptly."
1322,"Bruxism, also termed teeth grinding, is the excessive grinding of the teeth and/or clenching of the jaw. It is an oral parafunctional activity; i.e., it is unrelated to normal function such as eating or talking. Bruxism is a common problem; reports of prevalence range from 8–31% in the general population.n individuals without bruxism or other parafunctional activities, during wakefulness the jaw is generally at rest and the teeth are not in contact, except while speaking, swallowing or chewing. It is estimated that the teeth are in contact for less than 20 minutes per day, mostly during chewing and swallowing."
1323,"Arteries (from Greek ἀρτηρία (artēria) , meaning windpipe, artery) are blood vessels that carry blood away from the heart. While most arteries carry oxygenated blood, there are two exceptions to this, the pulmonary and the umbilical arteries."
1324,• CERULEAN BLUE (noun) The noun CERULEAN BLUE has 1 sense: 1. light greenish-blue pigment consisting essentially of oxides of cobalt and tin. Familiarity information: CERULEAN BLUE used as a noun is very rare.
1325,"A growing, maturing brain requires proper nutrients to reach peak performance. You can help enhance your child’s academic performance by providing foods that boost brain function. Brain foods help increase concentration, boost memory, support sensorimotor skill development, and help kids stay calm when stressed. Starting the day off with a power-packed breakfast is the perfect place to begin."
1326,"Commonly reported side effects of ivermectin include: fever, pruritus, and skin rash. See below for a comprehensive list of adverse effects. For the Consumer. Applies to ivermectin: oral tablet. Along with its needed effects, ivermectin may cause some unwanted effects. Although not all of these side effects may occur, if they do occur they may need medical attention. Check with your doctor as soon as possible if any of the following side effects occur while taking ivermectin: Less common—for the treatment of river blindness (onchocerciasis) only. Eye or eyelid irritation, pain, redness, or swelling; Some side effects of ivermectin may occur that usually do not need medical attention. These side effects may go away during treatment as your body adjusts to the medicine. Also, your health care professional may be able to tell you about ways to prevent or reduce some of these side effects."
1327,"Bacon, Back, Dry Fried or Grilled. With just 72 calories in an average rasher of bacon, it's easy to see why our members rated it as number 3 in their list of popular foods, while visitors to our website rated it as their number 8. Calories in 100g of back bacon:"
1328,"A surgery for ganglion cyst removal is advised in cases of larger ganglion cysts; this treatment is generally done with either local or regional anesthesia unless circumstances call for a general anesthesia. The kind of anesthesia can cost upwards of $2,000 depending on the hospital."
1329,"The Company serves more than two million residential, commercial, industrial and exploration and production customers from a network of operations in 32 states. Waste Connections also provides intermodal services for the movement of cargo and solid waste containers in the Pacific Northwest."
1330,"What is Interstitial Cystitis? Interstitial Cystitis (IC), is a pelvic pain disorder that can consist of symptoms related to the bladder and muscles of the pelvic floor. These symptoms can include any combination of frequent, urgent, or painful urination, pelvic pain, and painful intercourse. There are many theories as to the cause of IC."
1331,"An account of a visit to the Crystal Palace to see the diamond and other exhibits. The Koh-i-noor, Author unknown, Official Descriptive and Illustrated Catalogue of the Great Exhibition, Part 3, Section 3, Class 23, pp. 695-696, (1851). A guide for exhibit visitors describing the Indian history of the diamond."
1332,"Construction crews in the Mojave Desert are erecting mirrors each measuring 70 square feet—at a rate of 500 per day across some 3,500 acres. (Gilles Mingasson). When completed in late 2013, the $2.2 billion Ivanpah Solar Electric Generating System will power 140,000 California homes."
1333,"As a building block for protein, amino acids like L-lysine are necessary for normal growth and development. In particular, L-lysine is needed by the body to manufacture carnitine, a substance that is used in the conversion of fatty acids into energy."
1334,"Lasting Knee Pain Relief. Knee pain associated with osteoarthritis (OA) is ongoing. Treatment doesn’t have to be. Gel-One® Hyaluronate is the first low volume single-injection viscosupplement treatment, bringing you the proven relief of Hyaluronate (HA) with the added convenience of a single injection formula. Knee pain injections can help."
1335,"For children who do get sick, symptoms may include: 1  watery diarrhea​. 2  soft, greasy stools. 3  tiredness. stomach cramps. 4  bloating. nausea.  severe weight loss."
1336,"From far away, a group can look like one long snake. For this reason, sea snakes may have inspired legends about giant sea serpents. The sea snake is any of more than 60 species of highly poisonous marine snakes of the cobra family (Elapidae)."
1337,"Removing it by minor surgery to take out the entire cyst wall. This usually keeps them from coming back. Laser removal. What You Can Do, What You Shouldn’t Do. It might be tempting, but don’t try to pop or drain the cyst yourself. That can cause infection, and the cyst will probably come back. Keep it clean by washing with warm soap and water."
1338,"Agent Profile. 1  Brian Henderson, age 56, is a captive insurance agent based in Orland Park, Illinois. He has 32 years of experience as an insurance agent and is licensed to write MetLife Auto, Home, Life, and Health insurance policies in Illinois. 2  The average among the 671,695 agents in our database is 12 years years."
1339,"Draft Rules and Process. The NFL Draft takes place over three days (Thursday through Saturday) each spring; this year the draft will be April 30 to May 2 in Chicago. Only the first round is held on Thursday.It starts at 8 p.m. Eastern time, and each team has 10 minutes to make its pick.eyton Manning, left, was selected in the first round with the first overall pick of the 1998 NFL Draft. Tom Brady, right, was selected in the sixth round with the 199th overall pick in the 2000 draft."
1340,There are currently more than 750 such areas in the National Wilderness Preservation System comprising over 109 million acres -- roughly 5% of the United States by area. Need a refresher from the other 95%? The Active Times picked 10 wild places in the lower 48 states that are truly wild.
1341,"The cranial root of the. accessory nerve merges with the vagus nerve after a short. segment. The sensory nucleus is the nucleus of the tractus soli-. tarius, which receives the central projections from the cells. located in the ganglia of the glossopharyngeal, vagus, and facial. (intermedius of Wrisberg) nerves."
1342,"But sometimes it can be tough getting that crispy CRACK! every time. Not any more, because we have the answer to perfect crackling! 1  Dry the skin of your roast pork. 2  Score the skin-make sure your scores run deep-right the way through the skin. 3  Drizzle a couple of tablespoons of oil and rub in to the skin. Massage salt into the skin. 2  Rest for an hour or two (better yet do it in the morning and rest all day!). 3  Pre heat oven to 180˚, then place roast in oven and roast for 1 hour/kg. 4  Your roast is ready when the thermometer shows 71˚ internal temp, or the pricked pork juices run clear."
1343,"A barium swallow is a test that may be used to determine the cause of painful swallowing, difficulty with swallowing, abdominal pain, bloodstained vomit, or unexplained weight loss. Barium sulfate is a metallic compound that shows up on X-rays and is used to help see abnormalities in the esophagus and stomach."
1344,"For example, 2+2 is a ground term and hence also a linear term, x ⋅(n +1) is a linear term, n ⋅(n +1) is a non-linear term. These properties are important e.g. in term rewriting. Given a signature for the function symbols, the set of all terms forms the free term algebra."
1345,This calculator is designed as a quick ready reckoner for Balance Sheet calculations. 1  Enter the relevant values for your Assets and Liabilities. 2  Any of the boxes can be left blank if they are not relevant. 3  Click once in each of the Total boxes to calculate a result for that section.
1346,Borders and backgrounds for pages are part of the page style. Use the Background tab of the page style dialog to apply a background or the Border page to draw a border around the text area of the page. You can choose between a solid color or a graphic image for the background and several line styles for the borders.
1347,"Instructions : Row 1: Cast on 4 stitches. Row 2: Knit 2 stitches, yarn over, knit to end of row. Turn. Repeat Row 2 until you have 44 stitches on your needle. Next Row (Decrease Row): Knit 1 stitch, knit 2 together, yarn over, knit 2 together, knit to end of row.Turn. Repeat this row until you have 4 stitches left.Cast off.randma's Favorite Knitted Dishcloth. I used a dishcloth pattern that’s been around for years. It’s called Grandma’s or Grandmother’s Favorite Dishcloth. Its name suits. It’s a quick and easy knit. All you need to know is how to: cast on, knit, yarn over, decrease, and cast off."
1348,"The five themes of geography are location, place, human-environmental interaction, movement, and regions. They together describe a place from a geographical point of view.Location. Orlando lies on the Florida peninsular of the north American continent at 28 degrees north 81 degrees west with a subtropical climate.he five themes of geography are: . Movement-how people and ideas get around e.g. People get around by cars and ideas get around by texting. . Region-A region is an … area that is defined by certain similar characteristics."
1349,Carpentry. having a height or length less than that of most of the others in a structure: jack rafter; jack truss.
1350,"They arethought to be part of a continuum of epithelial cysts at themore benign end of the spectrum behaviorly. They tend topresent at an older age, usually the 5th decade, with head-aches, visual field defects and impotence [54]. They aremost frequently located in the middle cranial fossa."
1351,"Obsession. Germany’s men’s soccer team won the World Cup in Brazil in the summer, becoming the first European team to do it on South American soil. The players’ reward was prize money of around $35 million.In 2011, Japan’s women’s national team won the World Cup in Germany, becoming the first Asian team to do so ever.he players’ reward was prize money of around $35 million. In 2011, Japan’s women’s national team won the World Cup in Germany, becoming the first Asian team to do so ever."
1352,"Outer joins can be left outer joins or can be right outer joins. In a left outer join, the query includes all of the rows from the first table in the SQL statement FROM clause, and only those rows from the other table where the joining field contains values common to both tables."
1353,"Lately there has been a lot of talk in the power tool world about brushless motors. While the technology isn't new to tools, it has recently gained traction due to some high-profile releases by Makita, Milwaukee, DeWalt, and others."
1354,"In Third Person Limited we'd need to be shown what the characters are like, as opposed to Third Person Omniscient, where the narrator can simply tell us. Omniscient POV benefits from a larger scope than Limited and allows the author to say more things about the characters' situations than the Limited POV can."
1355,"Structure of the Retina of The Eye. Above: Diagram of the structure of the retina. This page is a summary of the anatomical structures of the retina, which is the light-sensitive layer at the back surface of the eye. The retina includes many intricate structures essential for vision. Different textbooks report different numbers of layers of the retina. For example, some texts identify as few as six layers, while others describe the retina in terms of as many as ten different layers."
1356,"1. First, invest in a spare inner tube. If you get a puncture on the road it's far easier to change the tube and repair the punctured one later at home. To repair the tube you'll need a pump, tyre levers and a puncture repair kit with patches, sandpaper, a marker and glue."
1357,"Tag people in your posts. Add tags to anything you post, including photos and updates. Tags can point to your friends or anyone else on Facebook. Adding a tag creates a link that people can follow to learn more.dding tags can let people know when they're in photos or other things you share. People you tag can receive a notification so they can see your post."
1358,"Meaning of Jahari. African-American name. In African-American, the name Jahari means-One who has youth, strength and power..The name Jahari originated as an African-American name.The name Jahari is most often used as a boy name or male name. African-American Name Meaning-One who has youth, strength and power.eaning of Jahari. African-American name. In African-American, the name Jahari means-One who has youth, strength and power..The name Jahari originated as an African-American name."
1359,"The idea behind the low-carb diet is that decreasing carbs lower insulin levels, which causes the body to burn stored fat for energy and ultimately leads to weight loss. In general, a low-carb diet focuses on proteins, including meat, poultry, fish and eggs, and some nonstarchy vegetables."
1360,"The major city closest to the halfway point between Fresno, CA and Jackson, CA is Modesto, CA, situated 95.39 miles from Fresno, CA and 71.15 miles from Jackson, CA. It would take 1 hour 52 mins to go from Fresno to and 1 hour 35 mins to go from Jackson to Modesto."
1361,Definition of SEAFLOOR SPREADING. : the divergence at mid-ocean ridges of the tectonic plates underlying the oceans that is due to upwelling from the earth's interior of magma which solidifies and adds to the spreading plates.ADVERTISEMENT.efinition of SEAFLOOR SPREADING. : the divergence at mid-ocean ridges of the tectonic plates underlying the oceans that is due to upwelling from the earth's interior of magma which solidifies and adds to the spreading plates. ADVERTISEMENT.
1362,"Claudication comes from the Latin word that means to limp, and the condition is characterized by intermittent pain in the leg muscles. Poor circulation produces the pain. The legs do not receive the oxygen-rich blood supply needed for activities like walking and exercising."
1363,"We have a new, free software update available for your Kindle (5th Generation). This update automatically downloads and installs on your Kindle when connected wirelessly; however, you can also manually download the software and transfer the update to your device via USB cable."
1364,"Operations Manager Median Salary: $61,855 Operations managers oversee their organization’s production of goods and/or services. Learn More » Project Manager, (Unspecified Type / General) Median Salary: $71,012 A project manager (unspecified type/general) oversees designated projects for the company. Learn More »"
1365,"Electrical cell fusion, is an essential step in some of the most innovative methods in modern biology. This method begins when two cells are brought into contact by dielectrophoresis. Dielectrophoresis uses a highfrequency alternating current, unlike electrophoresis in which a direct current is applied."
1366,"Paracetamol, unlike other common analgesics such as aspirin and ibuprofen, has no anti-inflammatory properties, and so it is not a member of the class of drugs known as non-steroidal anti-inflammatory drugs or NSAIDs."
1367,"There is Mortimer's, the tobacconist, the little newspaper shop, the Coburg branch of the City and Suburban Bank, the Vegetarian Restaurant, and McFarlane's carriage-building depot."
1368,"Depending on the stage of disease, the treatment options for syphilis vary as summarized in the table below. Depending on the stage of disease and the clinical manifestations, the treatment options for syphilis vary. Long-acting penicillin injections have been very effective in treating both early and late stage syphilis. The treatment of neurosyphilis requires the intravenous administration of penicillin."
1369,"Five Methods: Using a pan to poach eggs Using an individual egg poacher Using a silicon egg poacher cup Making poached eggs in advance If the yolk breaks in the water. Poaching eggs is a healthy way to prepare eggs, since you don't need butter or oil to cook with.ethod 3 of 5: Using a silicon egg poacher cup. 1. If you have access to a good kitchen store, consider purchasing a small silicon egg poacher cup or a set of silicon egg poachers (a set often comes with a pan with a clear lid). This is a fairly inexpensive option and they're very easy to use."
1370,"Prostate massagers, also known as plugs, anal dildos, and P or male G-spot massagers are men’s anal sex toys which were developed from medical instruments used to stimulate the prostate gland. The prostate gland itself is the organ which produces fluid that carries and protects sperm. It’s located a few inches inside the anus, and although it can feel good when stimulated, it can be difficult to reach with fingers. Prostate massagers have been developed so you can reach your prostate with ease. When used well, the stimulation they provide can lead to a non-ejaculatory orgasm, a prostate orgasm, which most guys call the ‘Super O’. It’s widely accepted this is the most amazing feeling on Earth."
1371,Jackson Hewitt Tax Services Locations & Hours near San Francisco. 1  Jackson Hewitt Tax Services - San Francisco. 2  Jackson Hewitt Tax Services - San Francisco. 3  Jackson Hewitt Tax Services - San Francisco. 4  Jackson Hewitt Tax Services - San Francisco. 5  Jackson Hewitt Tax Services - San Francisco. 6  Jackson Hewitt Tax Services - Daly City.
1372,"1 You can only upload files of type PNG, JPG, or JPEG. 2  You can only upload files of type 3GP, 3GPP, MP4, MOV, AVI, MPG, MPEG, or RM. 3  You can only upload photos smaller than 5 MB. 4  You can only upload videos smaller than 600MB."
1373,"Raw food treatment. Definition: While the term “raw food” means food eaten without cooking, in the context of a cancer diet, a “raw food” diet is a vegan type of diet, where the vast majority of fruits and vegetables that are consumed are known to kill cancer cells, directly or indirectly."
1374,"Athena was the Greek virgin goddess of reason, intelligent activity, arts and literature. She was the daughter of Zeus; her birth is unique in that she did not have a mother.Instead, she sprang full grown and clad in armour from Zeus ' forehead.imilarly, Athena was called Mykene in the city of Mycenae (also a plural after the respective sisterhood), and Thebe in the city of Thebes (or Thebae, both plural forms). More: Birth of Athena, Zeus, Poseidon, Theogony. Athena Is also called Minerva, Athina, Athene."
1375,"She was rather vague about the details of the incident. Synonyms and related words Words used to describe writing or speech style: articulate, be couched in something, chatty..."
1376,"(April 2016) A holding company is a company that owns other companies' outstanding stock. The term usually refers to a company that does not produce goods or services itself; rather, its purpose is to own shares of other companies to form a corporate group."
1377,"The BBB Customer Review Rating represents the customer's opinion of the business. The Customer Review Rating percentages are based on the total number of positive, neutral, and negative reviews posted. The BBB letter grade represents the BBB's opinion of how the business is likely to interact with its customers."
1378,"Public Transportation. The White House Visitor Center is located at 1450 Pennsylvania Avenue NW. There is a Metrobus stop located on the corner of Pennsylvania Avenue and 14th Street, Pennsylvania Avenue Line #30, #32, #34, #35, #36. Three major airports link Washington, D.C. with the rest of the country and the world."
1379,"VMware , Inc. , (  VMware  ) adheres to the Safe Harbor Privacy Principles published by the U.S. Department of Commerce (  Safe Harbor Principles  ) with respect to personal data relating to residents in the European Economic Area and Switzerland (  EEA / CH Data  ) that we receive in the United States from our subsidiaries , enterprise ..."
1380,There are two types of blood vessels in the circulatory system of the body: arteries that carry oxygenated blood from the heart to various parts of the body and veins that carry blood towards the heart for purification.eins can be classified as pulmonary veins and systemic veins. The pulmonary veins are a set of veins that deliver oxygenated blood from the lungs to the heart and the Systemic veins drain the tissues of the body and deliver deoxygenated blood to the heart.
1381,"The process ofageing is to a large extent due to the damagingconsequence of free radical action (lipid peroxidation,DNA damage, protein oxidation) (Harman, 1956).Convincing evidence for the association ofoxidative/ nitrosative stress and acute and chronicdiseases lies on validated biomarkers of oxidativestress."
1382,"Anne Cox Chambers Net Worth $12.5 Billion Currently, she possesses and commands James M. Cox’s, her father, interests through the Cox Enterprises. She co-owned the business with Barbara Cox Anthony, who happened to be her sister, until the latter’s death 2007."
1383,"From this salience her small chin retreated delicately into her pink throat. For it is, I am compelled to think, the salience of personality. Her eyes were bright and resolute, and the lamplight threw into salience the curve of her jaw and chin. In it the chisel has merely reproduced the contours of the eyelids and the salience of the eyeball."
1384,"Location. The Tundra is located in the northern regions of North America, Europe, Asia, as well as a few regions of Antarctica. The Tundra is the second largest vegetation zone in Canada. It can be divided clearly into three different sections: the High Arctic Tundra, the Low Arctic Tundra and the Alpine Tundra."
1385,"These tools help you convert between kilograms, pounds and ounces (kg, lb and oz), all of which are measurements of mass and weight. I have built several different tools for you to use. Round: 0 places 1 places 2 places 3 places 4 places 5 places 6 places 7 places 8 places. 1  Kilos to pounds & oz.  Kilos to pounds."
1386,Eastern District of Pennsylvania-Document Filing System. Welcome to the U.S. Bankruptcy Court for the Eastern District of Pennsylvania Eastern District of Pennsylvania-Document Filing System This message is contained in the file OperationNotice.htm.
1387,"Omega-3 fatty acids from fish oil can help lower triglycerides and apoproteins (markers of diabetes), and raise HDL. So eating foods or taking fish oil supplements may help people with diabetes. Another type of omega-3 fatty acid, ALA (from flaxseed, for example) may not have the same benefit as fish oil. Some people with diabetes can't efficiently convert ALA to a form of omega-3 fatty acids that the body can use."
1388,"For women undergoing natural menopause, the process is gradual and is described in three stages: Perimenopause or menopause transition.. Perimenopause can begin 8 to 10 years before menopause, when the ovaries gradually produce less estrogen. It usually starts in a woman's 40s, but can start in the 30s as well.Perimenopause lasts up until menopause, the point when the ovaries stop releasing eggs.In the last 1-2 years of perimenopause, the drop in estrogen accelerates. At this stage, many women can experience menopause symptoms. Women are still having menstrual cycles during this time, and can get pregnant.erimenopause lasts up until menopause, the point when the ovaries stop releasing eggs. In the last 1-2 years of perimenopause, the drop in estrogen accelerates. At this stage, many women can experience menopause symptoms."
1389,"In years past, they also argued that when all the energy-intensive stages of the nuclear fuel chain are considered, from uranium mining to nuclear decommissioning, nuclear power is neither a low-carbon nor an economical electricity source. Arguments of economics and safety are used by both sides of the debate. Use in space"
1390,"Key Karmic Debt Numbers. Each Karmic Debt is created from a specific past life condition and the four key Karmic Debt numbers that are outlined in a numerology chart are 13, 14, 16 and 19."
1391,"118 Rite Aid Shift Supervisor Salaries. 1  $27K Clairton, PA Shift Supervisor Average Salary at Rite Aid 2  ·. $30K Waterford, MI Shift Supervisor Average Salary at Rite Aid 3  ·. $24K Rite Aid Shift Supervisor without location (116 salaries)"
1392,"The cost of 200 calories of peanut butter is about $0.15, far less than the $1.49 you'd spend on 200 calories of an energy bar...and generally, the peanut butter is far tastier! 4 / Peanut Butter Is A Source Of Protein, Needed To Build And Repair Muscles. NOTE: Peanut butter is not protein-dense. That is, two tablespoons of peanut butter, the amount in an average sandwich, provides about 7 grams of protein. In comparison, the calorie equivalent of turkey in a sandwich offers about 20 grams of protein. Athletes who weigh 140 pounds may need 70 to 100 grams protein per day; 200-pound athletes, 100 to 150 grams."
1393,"President-elect Donald Trump speaks while standing with retired Marine Gen. James N. Mattis after their meeting at Trump International Golf Club on Saturday in Bedminster Township, N.J. (Photo by Drew Angerer/Getty Images) Truman selected Marshall to be his secretary of defense a few months into the Korean War in September 1950."
1394,"People looking for their refunds have a new toll-free number: 1-800-829-1954. Individuals who filed a 1040 series return can check on the status of their current year tax refund with this toll-free number.800-829-1040.IRS Tax Help Line for Individuals.Providing these new toll-free numbers to help taxpayers is one more step toward providing the customer service taxpayers deserve,” said IRS Acting Commissioner Bob Wenzel. Small businesses, corporations, partnerships and trusts who need information or help preparing business returns should now call 1-800-829-4933."
1395,"Sternomental distance as the sole predictor of difficult laryngoscopy in obstetric anaesthesia S. A. L. RAMADHANI, L. A. MOHAMED, D. A. ROCKE AND E. GOUWS Summary Sternomental distance and view at laryngoscopy were documented in 523 parturients undergoing elective or emergency Caesarean section under general anaesthesia. Eighteen (3.5%) had a"
1396,"Seven Recommendations. The following seven recommendations can help public health officials to communicate effectively in a crisis. These recommendations, selected by the CDC Office of Communication, are a subset of 26 Recommendations developed by Dr. Peter Sandman in the wake of the anthrax crisis."
1397,"Causes of Peripheral Vascular Disease. The most common cause of PVD is peripheral artery disease, which is due to atherosclerosis. Fatty material builds up inside the arteries and mixes with calcium, scar tissue, and other substances.The mixture hardens slightly, forming plaques. These plaques block, narrow, or weaken the artery walls.t is, though, often used as a synonym for peripheral artery disease. PVD is the most common disease of the arteries. The build-up of fatty material inside the vessels, a condition called atherosclerosis or hardening of the arteries, is what causes it."
1398,There are many reasons why people have employment gaps. It can be maternity leave. It could be personal time off due to divorce or death in the family. It can be military deployment or being in school full time. Some folks decide to work part time and that part time job turned into a full time job.
1399,"The male lions role is predominantly to mate with the lionesses and protect… the pride. The female lions do bulk of the hunting for the pride. However in case of large prey like a water buffalo or a giraffe, the males too take part in the effort to bring down the prey Lions are ambush hunters. They hunt as a group."
1400,"Plastids have DNA sequences that indicate origin from the cyanobacteria (blue-green algae). In addition, there are organisms alive today, called living intermediates, that are in a similar endosymbiotic condition to the prokaryotic cells and the aerobic bacteria."
1401,"Organizations may draw upon the services of management consultants for a number of reasons, including gaining external (and presumably objective) advice and access to the consultants' specialized expertise."
1402,"(i.e. Rr, R is the dominant gene) In blood type, A is dominant over O. So if a perso … n has Ao for their genes, they will have A type blood. A recessive gene will be hidden unless there are two of the same recessive gene. It is shown as a lowercase letter in the gene (i.e. Rr, r is the recessive gene)."
1403,"Flowering Tips. Old-fashioned roses -- including shrubs -- usually flower on old growth, which makes spring pruning not the best idea. You may snip off flower buds without seeing them before they bloom, leaving your rose bushes looking naked and without color during the flowering season in summer."
1404,James. 1  A New Testament book attributed to Saint James the Apostle Synonyms: epistle of james. 2  A river that rises in North Dakota and flows southward across South Dakota to the Missouri Synonyms: james river. 3  A river in Virginia that flows east into Chesapeake Bay at Hampton Roads Synonyms: james river.
1405,"The Archdiocese of Kingston comprises the territory from the eastern line of Dundas County to the western boundary of Hastings County in the Province of Ontario, Canada, and includes the Counties of Addington, Dundas, Frontenac, Grenville, Hastings, Lanark, Leeds, Lennox, and Prince Edward."
1406,"100% of Vassar, MI residents were US citizens in 2015, a number that is higher than the national average of 93%. The median age of native-born residents of Vassar, MI is 31.3, and the most common country of origin for those not born in the US was the Canada. Vassar, MI has 2,234 White residents and 202 Black residents."
1407,"CO2 - the major cause of global warming. Global warming is caused by the emission of greenhouse gases. 72% of the totally emitted greenhouse gases is carbon dioxide (CO2), 18% Methane and 9% Nitrous oxide (NOx). Carbon dioxide emissions therefore are the most important cause of global warming."
1408,"Other countries that were part of the allies were Australia, Belgium, Brazil, Canada, China, Czechoslovakia, Ethiopia, free France, Greece, India, Mexico, the Netherlands, New Zealand, Norway, the Philippines, Poland, South Africa, and Yugoslavia.he most prominent and most told of would be France, Britain, Russia and … the United States. However, many more were included in the Allied powers, Japan for example was indeed part of the Allies in World War I. Others: Greece, Romania, Serbia, Belgium, Portugal, and Montenegro all fought against the central powers."
1409,"It's been a rough year for the actress, but at least she has her millions of dollars to ease the pain. 44-year-old Amelia Heinle has taken the No. 1 spot on People With Money’s top 10 highest-paid actresses for 2017 with an estimated $75 million in combined earnings. UPDATE 16/04/2017 : This story seems to be false."
1410,"Migraine with aura is a relatively new name for the less common type of migraine headache. Aura refers to feelings and symptoms you notice shortly before the headache begins.These early symptoms are also called a prodrome. Scientists aren't sure what causes migraines with aura.It's thought that at least two brain chemicals -- serotonin and dopamine -- play a role. According to the theory, something goes awry in the way these chemicals regulate brain function. This may cause the brain and the body's immune system to overreact.igraine with aura is a relatively new name for the less common type of migraine headache. Aura refers to feelings and symptoms you notice shortly before the headache begins."
1411,"H WAYNE MIRSKY is registered attorney admitted in New York State in 1969. The registration number is 1273804. The company name is LAW OFFICES OF H WAYNE MIRSKY PLLC. The office address is 1129 Northern Blvd. Suite 402, Manhasset, NY 11030-3022. The county is Nassau. The phone number is (516) 931-0700."
1412,"In today's episode of Pick of the Flicks, we celebrate John Travolta's 60th Birthday, as host Tony Douglas dusts off the Travolta collection & reveals the Top 10 John Travolta Movies. John has played them all, good guys, bad guys and song & dance men."
1413,"Syurei-Mon (Syurei Gate, Syuri Castle) Naha. The name Okinawa means rope in the open sea, a fairly apt description of this long stretch of islands between the four main islands of Japan and Taiwan. Consisting of 49 inhabited islands and 111 uninhabited islands, Okinawa has a subtropical/tropical climate."
1414,"As a flagship program, Intelligence Studies at our university offers an incomparable depth of experience and selection of online degrees and courses. Our university is highly respected for its career-relevant education serving professionals in the U.S. Intelligence Community."
1415,"Physical Therapist. Rehab Alliance - 6 reviews - Santa Barbara, CA. Rehab Alliance is currently seeking a Physical Therapist (RPT) and Physical Therapist Assistant (PTA) for a per diem position at a beautiful multi-level campus..."
1416,"Courting candles are 'date' timers dating back to colonial times and the early 1800s, used to either lengthen or shorten the time a suitor spent visiting a y... Courting candles are 'date' timers dating back to colonial times and the early 1800s, used to either lengthen or shorten the time a suitor spent visiting a y... Skip navigation Sign in"
1417,Cost Index. First Quarter 2017 Turner Building Cost Index—which measures costs in the non-residential building construction market in the United States—has increased to a value of 1019. This reflects a 1.29% increase from the Fourth Quarter 2017 and a 5.05% yearly increase from the First Quarter 2015.
1418,"A castle (from Latin: castellum) is a type of fortified structure built in Europe and the Middle East during the Middle Ages by nobility.Scholars debate the scope of the word castle, but usually consider it to be the private fortified residence of a lord or noble.he word castle is derived from the Latin word castellum which is a diminutive of the word castrum, meaning fortified place. The Old English castel, Old French castel or chastel, French chateau, Château spanish, Castillo italian, castello and a number of words in other languages also derive from. castellum"
1419,"And precisely one of the most common problems of the scalp is the oil excess. If the condition concurs with a scaly condition, the problem will be even bigger, as that oil excess will create yellow scales that will be sticking to the scalp."
1420,"The marigold lorikeet or Sumba lorikeet (Trichoglossus capistratus [2] ) is a species of parrot that is endemic to the south-east Asian islands of Sumba, Rote, Wetar and Kisar (Indonesia) and Timor (Indonesia and East Timor)."
1421,"In women, estrogen helps initiate sexual development. It also regulates a woman’s menstrual cycle and affects the entire reproductive system. High estrogen or estrogen dominance can happen if estrogen levels are too great. These higher levels can occur naturally. Too much estrogen can also be the result of medication. For example, estrogen replacement therapy, a popular treatment during menopause, may cause the hormone to reach problematic"
1422,"About Barack Obama. The 44th president of the United States, author and the most popular person in the world, Barack Hussein Obama II, has an estimated net worth of $12.2 million.Excluding the $1.4 million in Nobel Prize money he donated to charity and his primary home.he 44th president of the United States, author and the most popular person in the world, Barack Hussein Obama II, has an estimated net worth of $12.2 million. Excluding the $1.4 million in Nobel Prize money he donated to charity and his primary home."
1423,"Based on all of this, here’s how much muscle you can expect to gain on average over your entire lifespan: 1  Average Natural MAN: a total of about 40-50 pounds of muscle in their life. 2  Average Natural WOMAN: a total of about 20-25 pounds of muscle in their life. 16 year old with raging hormones will be able to gain a lot more muscle a lot faster than say a 50 year old whose testosterone levels are hitting record lows by the second. It’s another unfortunate fact of life (unless of course you’re the 16 year old)."
1424,"If you need more cash, you can use your debit card to withdraw money at a cashpoint or over the counter at any bank displaying the Visa symbol. You can withdraw money up to your limit in sterling as long as you have cleared available funds in your account.loyds Visa Debit Card Review. The Lloyds debit card is Visa branded, Your Visa Debit Cards can be used to. 1  Use it to buy both big and small items. 2  Use it worldwide, wherever you see the Visa symbol. 3  A safe and convenient alternative to carrying cash."
1425,"Pharmacist living and working in South Africa receives average salary between R197, 535 to R542,836. Average pharmacist’s salary is around R$386,181 per annum. The 10% of pharmacist take home around R200,000, the 25 % collect around R270,000, the 75 % receive around R450,000 and the 90 % collect around R$540,000.If you are in South Africa, annual pharmacist salary rates will be from R205,780 to R566,727 according to PayScale.n BLS, states that are said to be paying the highest salaries for pharmacists are Alaska, Maine, California, Vermont and Delaware where average salaries are $129,170, $128,030, $125,800, $125,520, and $121,830 respectively."
1426,Incoming search terms: janet leigh bra size. janet leigh affairs. janet leigh measurements. janet leigh measurements height weight. janet leighs bra size.
1427,"Types of bait-car operations range from the simple, when a car is left parked and staked out by police, to the elaborate, when the car is fitted out with tracking devices, or it automatically locks when the thief is inside."
1428,Brewer’s yeast is named so because it comes from the same fungus that’s used to ferment and make beer – Saccharomyces cerevisiae. It is important to understand however that the yeast used for brewing is live while the brewer’s yeast commonly known as a nutritional supplement is deactivated.
1429,"Theophylline is a prescription medicine that is used for the treatment of airway spasms caused by asthma or chronic obstructive pulmonary disease (COPD).ifferent Forms of Theophylline. There are many different theophylline products available, and most are not equivalent to each other. There are short-acting and long-acting tablets and capsules, as well as a theophylline elixir. An injectable form of the medication is also available."
1430,"Therefore, there will likely always be a need for these types of services. Prior to moving forward, however, it is important to know how to start a cleaning company from the ground up. That way, you will have a thorough understanding of all the ins and outs of what is needed from both a service and a business aspect. Starting a janitorial business requires a number of important steps."
1431,Dictionary entry overview: What does sodium mean? • SODIUM (noun) The noun SODIUM has 1 sense: 1. a silvery soft waxy metallic element of the alkali metal group; occurs abundantly in natural compounds (especially in salt water); burns with a yellow flame and reacts violently in water; occurs in sea water and in the mineral halite (rock salt) Familiarity information: SODIUM used as a noun is very rare.
1432,"While all the ‘Mites’ are yeast extract, Bovril is a beef extract (although Bovril made in New Zealand are yeast extract). Marmite is widely popular in New Zealand while Vegemite, Promite and the newer product MightyMite (made in Australia) are of course the preference in Australia."
1433,"Our Verdict. If you've already bought into Amazon's ecosphere, the Fire TV Stick will be the proverbial rug that ties the room together – it's fast, responsive and works flawlessly with Amazon's infrastructure. If you aren't an Amazon insider, however, consider the other streaming options before you buy.t's $10/£5 more than Chromecast, but $10/£10 less than the Roku Streaming Stick; it feels like a supremely good value for what you get in the box. Where Amazon Fire TV Stick stumbles, however, is its deep-rooted attachment to its mother service, Amazon Prime."
1434,"For the wine region, see Napa Valley AVA. Napa County is a county located north of San Pablo Bay in the northern portion of the U.S. state of California. As of the 2010 census, the population was 136,484. The county seat is the City of Napa. Napa County was one of the original counties of California, created in 1850 at the time of statehood."
1435,"Below is the process using which you can hide or reveal vertical and horizontal rulers in MS Word 2013: Log on to the computer using the account on which the rulers are to be hidden or unhidden. Click Start button. At the bottom of the Start menu, in the search box, type WINWORD and hit Enter key. On the opened MS Word interface, go to the VIEW tab. From the Show section, check or uncheck the Ruler checkbox to reveal or hide the vertical and horizontal rulers in MS Word respectively. Note: Once the rulers are hidden or showingn, the settings remain for all MS Word documents on that particular user account."
1436,"We’re ready to help, so feel free to contact us by any of the means listed below. And remember, our customer service team will answer Garcinia Cambogia Extract questions from everyone, not just customers."
1437,"Find origin, gender, rashi, nakshatra, zodiac signs, moon signs, religion, caste, compatibility and astrology behind the name Janhavi, Find what name Janhavi means in different region, in different religion, in different rashi, for different planets, and in different nakshatra’s."
1438,(Testing effects of ether) How would you describe the trace that is generated when the nerve is exposed to ether and then stimulated with adequate voltage? Thus ether had what effect on nerves ability to produce an action potential?
1439,"For example, compare a 5-year CD with a deposit of $30,000 and a 2.25% annual percentage yield (APY) to a similar CD for the same term and deposit amount, but with a 1.65% APY. (Two current offers, updated Oct. 5, 2015.) In this example, the interest is compounded annually."
1440,"6) Diet drinks: Primary source of aspartate (aspartame/NutraSweet) 7) Prepared foods, soups: 70% of prepared foods and many soups have MSG. 8) Meats: Note: All meats are naturally rich in glutamate and aspartate. Lamb (and eggs) are the lowest, while rabbit and turkey are the highest."
1441,"And therefore, some people who take Vitamin D and believe that they are having vitamin D side effects are ACTUALLY having Signs of Magnesium Deficiency!! These side effects of Vitamin D that are actually magnesium deficiency symptoms are: Vitamin D and Constipation."
1442,"Secretary of Commerce Wilbur Ross to Host the 2017 SelectUSA Investment Summit. Today, U.S. Secretary of Commerce Wilbur Ross announced that he will host the 2017 SelectUSA Investment Summit (Summit), June 18-20, at the Gaylord National Resort and Convention Center in National Harbor, Md."
1443,"You can “subscribe” to receive a podcast, rather like you might subscribe to a magazine and get it delivered each week. Podcasts are normally managed automatically by a software like iTunes or Zune which will search the web to find the latest programs and automatically deliver it to your computer or portable device."
1444,"What is the meaning of SAT, ACT test. What SAT stands for, SAT acronym, ACT acronym, ACT test meaning, SAT meaning, GRE, standardized tests for college and university... Search"
1445,"In medicine, an indication is a valid reason to use a certain test, medication, procedure, or surgery. The opposite of an indication is a contraindication, a reason to withhold a certain medical treatment due to the harm that it would cause the patient."
1446,"Recycling Initiatives, Waste, Durban, South Africa Price per kg(R) Total value/month (R) Cardboard. 29 350. 0.12. 3 522.00 … This has prompted a number of organisations to recycle paper, glass, plastics and …. Quay Waste Ltd – Waste Disposal and Recycling Price List Waste disposal and Recycling price list 2008."
1447,It is one of the best kept secrets in the food service industry. This article endeavors to provide a new look at and overview of the industry as it has evolved and now stands. Food service management as a discipline has evolved into a segmented industry.
1448,"CERTIFICATION REQUIREMENTS. Subspecialty certification in Dermatopathology is a joint and equal function of the American Board of Dermatology (ABD) and the American Board of Pathology (ABP). Such function will relate to qualifications of candidates, standards of examination, and the form of the certificate. Dermatopathology certificates have a 10-year time limit."
1449,"Webster Dictionary (0.00 / 0 votes) Rate this definition: jarring. of Jar. Jarring (adj) shaking; disturbing; discordant. Jarring (noun) a shaking; a tremulous motion; as, the jarring of a steamship, caused by its engines. Jarring (noun) discord; a clashing of interests. Origin: [See Jar.]"
1450,"Grant of Administration. Grant of Administration. In England and Wales, authorization by a court for an appointed person to begin to administrate the assets of a decedent. A grant of administration is given when the decedent dies intestate, that is, when he/she dies without a will. This contrasts with a grant of probate, which is a similar authorization given to the executor of a will."
1451,"You simply place a few sheets of newspaper under the chimney, below the grate and unlit charcoal into the cylinder above the grate, until it reaches the top. Light the newspaper (in a few places through the holes on the bottom of the chimney) and it will ignite the charcoal all the way to the top. Your coals are ready when they are at least 50% charred, but usually 10-20 minutes will do the trick, just enough time to get things ready for the grill!"
1452,"The most common UTIs occur mainly in women and affect the bladder and urethra. 1  Infection of the bladder (cystitis). 2  This type of UTI is usually caused by Escherichia coli (E. coli), a type of bacteria commonly found in the gastrointestinal (GI) tract. 3  However, sometimes other bacteria are responsible. This type of UTI can occur when GI bacteria spread from the anus to the urethra. 2  Also, because the female urethra is close to the vagina, sexually transmitted infections, such as herpes, gonorrhea, chlamydia and mycoplasma, can cause urethritis."
1453,"Generally, the more countable income you have, the less your SSI benefit will be. If your countable income is over the allowable limit, you cannot receive SSI benefits. Some of your income may not count as income for the SSI program."
1454,"Report Abuse. I think the weight limit on most of the bouncy seats are 20-25 pounds. But, my sister had one for her baby and he was addicted to it...he had to be bounced every time he went to sleep. She kept his until he was about 27 pounds and he would go almost all the way to the floor when she put him in it."
1455,"The Arms of Scotland, a red lion rearing on its hind legs inside a red border, are in the second quarter, and the Arms of Ireland's golden harp with silver strings on a blue background-are in the third quarter. The lion and the unicorn supporting the shield represent England and Scotland respectively."
1456,"diaphragm pacing (diaphragmatic pacing) electrophrenic respiration. dual chamber pacing control of the heart rate by means of an artificial pacemaker that paces, senses, or does both in the atria and in the ventricles."
1457,"Service '[2]' ([3]) failed to start. Verify that you have sufficient privileges to start system services. Any difference in the user context of a silent or regular installation? Also, the link you posted didn't work for me, not sure if it's my browser or the link is bad."
1458,"After forming a Delaware corporation or LLC, the next step is to obtain a Federal Tax ID Number (also known as an employer identification number or EIN). Think of the EIN as the social security number for your company. It is a nine digit number that is issued by the IRS (for example, 01-2345678)."
1459,"Mix red and blue, preferably in equal parts, to get violet; if this is the purple you are looking for, leave it, but if it is not, simply add a very small amount of white (tin…ting) to the violet to get purple. You can also add black to shade the violet or purple if it is too light."
1460,efficient and effective telecoms sector: the broadband services enabler For Open Forum 28 March 2015 Bob Fox –ICT Group –JFCCT with EABC JFCCT/EABC for ETDA 28 Mar 15
1461,Please try again later. This video will teach you what the Level Pelvis is and why it is so important for runners. The best way to assess your Level Pelvis is get a video running gait assessment.Learn more at www.RefinedRun.com.1  Howto & Style. 2  Standard YouTube License.his video will teach you what the Level Pelvis is and why it is so important for runners. The best way to assess your Level Pelvis is get a video running gait assessment. Learn more at www.RefinedRun.com. 1  Howto & Style.
1462,"1 Scratch-off tickets are sold with a guaranteed number of winners and losers in each pack, which is usually about 30 or 40 tickets. 2  One way to guarantee that you'll win is to buy an entire pack. 3  Now, you might end up not making a profit, but you'll end up winning something."
1463,"exclave meaning, definition, what is exclave: a part of a region or country that is not connected to the main part but is surrounded by…. Learn more."
1464,"Parts: $31 - $55. The average cost for an engine coolant temperature sensor replacement is between $119 to $168. Labor costs are estimated between $88 to $113 while parts are priced between $31 to $55. Get a personalized estimate based on your location and specific car.Estimate does not include taxes and fees.lso, a defective coolant sensor will not signal the power train control module (PCM) to operate the cooling fans, which may cause the vehicle to overheat. The Check Engine Light may illuminate with a fault code set for the engine coolant temperature sensor."
1465,"One or two days before a migraine, you may notice subtle changes that warn of an upcoming migraine, including: 1  Constipation. 2  Mood changes, from depression to euphoria. 3  Food cravings.  Neck 1  stiffness. Increased thirst and urination.  Frequent yawning."
1466,"This is a list of proper names for stars, mostly derived from Arabic and Latin. See also the list of stars by constellation, which gives variant names, derivations, and magnitudes. Of the roughly 10,000 stars visible to the naked eye, only a few hundred have been given proper names in the history of astronomy."
1467,"Muscle Relaxant For Dogs, Cats and Horses. Methocarbamol is a potent skeletal muscle relaxant which has an unusually selective action on the central nervous system, specifically on the internuncial neurons of the spinal cord. This specific action results in a diminution of skeletal muscle hyperactivity without concomitant alteration in normal muscle tone."
1468,"To have the SQL*Plus CO. The SQL*Plus COLUMN command is used to change the appearance of the data returned for a given column using the following syntax: COLUMN column_name option1 option2 ... Once set, the SQL*PLUS COLUMN command will format any column of the specified name until it is unset with the CLEAR COLUMNS command."
1469,"She has 1 million subscribers. That number is merely the gross revenue, however. She makes 20 videos a week, all of which are filled with ads via Google's automated YouTube partners program. Kay likely gets about $7.60 per 1,000 ad views, down from $9.35 in 2012, according to TubeMogul, which buys and sells video ads. Ads are only run on a minority of videos shown. Roughly, a video creator will earn $2,000 for every million views. And then YouTube takes 45 percent, the Times notes."
1470,"Signs of a nervous breakdown vary from person to person and depend on the underlying cause. Exactly what constitutes a nervous breakdown also varies from one culture to another. Generally, it's understood to mean that a person is no longer able to function normally."
1471,Newborn Jaundice Definition Neonatal jaundice: Yellowish staining of the skin and whites of the newborn's eyes (sclerae) by pigment of bile (bilirubin). In newborn babies a degree of jaundice is normal.
1472,"is the process of identifying quality requirements and/or standards for the project and its deliverables, and documenting how the project will demonstrate compliance with relevant quality requirements. The key benefit of this process is that it provides guidance and direction on how quality will be managed and validated throughout the project."
1473,"The official form that includes a breakdown of all closing costs is called an HUD-1 form. You have a right to see the HUD-1 document 24 hours in advance of closing. Ask for it and compare it to the good faith estimate. If the numbers aren't reasonably close, ask questions."
1474,"1. First understand the difference between a bundle and a square.. Shingles are sold in bundles.. Bundles are packed in plastic wrap. A square is the an area measurement 100 feet wide by 100 feet long, a perfect square. 2. It takes 3 bundles (packages) of shingles to cover one square (100 ft by 100 ft).3.ne bundle of shingles will cover aproximately 33 square feet. As a numer of answers stated a square of shingles cover approximately 100 square feet whic is equal to 3 bundles."
1475,"47 thoughts on “3 Myths About Tooth Implants -Pain, Expense and Time – Burbank Dentist Explains”. The truth is that it IS EXPENSIVE! One implant was $3400 and that didn’t cover the crown.. that is going to be yet another major expense!"
1476,"Knee collapse: Failure of the knee to bear weight with collapse. See detailed information below for a list of 6 causes of Knee collapse, Assessment Questionnaire, including diseases and drug side effect causes."
1477,"And while they’re cagey about the details, Bethesda says that one shout will let a player summon an actual dragon, calling him by name to fight. The new dragon shout system, and the language that supports it prove one thing without a doubt."
1478,What is a SOL file? Files that contain the .sol file extension are files that contain settings and user data that is saved for the Macromedia Flash Player. The SOL file format is only used by Flash versions 6 and later. SOL files are very similar to the cookie files that are created by many different websites on the Internet.
1479,"CMS will use weighted domains to calculate these reimbursement levels (70% of the total hospital score will be clinical and patients’ experience—HCAHPS—will be weighted at 30% of the total score). Within the HCAHPS piece, there will be eight domains and one overall hospital ranking question.MS will use weighted domains to calculate these reimbursement levels (70% of the total hospital score will be clinical and patients’ experience—HCAHPS—will be weighted at 30% of the total score). Within the HCAHPS piece, there will be eight domains and one overall hospital ranking question."
1480,"All the sources of information used to write any piece of work, goes on the work cited page. Work Cited page involves books, papers, websites, etc."
1481,"Schools & Universities in MICHIGAN for education to land a Landscape career, Horticulture career, Landscape Design career, Landscape Architecture Career, Nursery Career, Arborist Career.chools & Universities in PENNSYLVANIA for education to land a Landscape career, Horticulture career, Landscape Design career, Landscape Architecture Career, Nursery Career, Arborist Career."
1482,"a jaundiced eye (redirected from jaundiced) Also found in: Dictionary, Thesaurus, Medical, Legal, Encyclopedia, Wikipedia."
1483,"ANSWER: Pork belly, like bacon, starts out from the underside or the belly of the pig. But don't think of the word belly as in stomach, rather it's the flesh that runs on the underside of the pig. Pork belly is uncured, un-smoked and un-sliced bacon. So bacon is mostly cured (you can buy uncured bacon), smoked and sliced."
1484,"In 1948 the 9th CGPM resolution 7 adopted the name newton for this force. The MKS system then became the blueprint for today's SI system of units. The newton thus became the standard unit of force in le Systeme Système international'D (UNITES), unités Si Or international System. of units"
1485,"It takes an average of 12-24 months for a pardon/record suspension application to be processed and granted. However, to prepare the pardon/record suspension application, many documents must be collected. Acquiring the proper supporting documents takes between 3-10 months.es. People who have been deported can apply to come back to Canada with written permission from the Minister of Citizenship and Immigration. It is always best to receive a pardon/record suspension first then you can be sponsored by a family member to come back to Canada."
1486,"Marie Curie is remembered for her discovery of radium and polonium, and her huge contribution to the fight against cancer. Born Maria Sklodowska on 7 November 1867 in Warsaw, Poland, she was the youngest of five children of poor school teachers."
1487,"The trellis has an overall height of 8 feet and is 3 feet wide. 20 inches of the trellis will be buried in the ground, to give the erected trellis a height of 76 inches (or 6 foot – 4 inches).You can make your trellis as small or as big as you need to fit your specific requirements.sing a trellis to support your cucumber plants, or other vining vegetables, is the best way to grow beautiful and tasty cucumbers. Many gardeners have learned the hard way (including me) that letting your cucumber vines just spread upon the ground is a good way to not have many cucumbers."
1488,"The Jugger (Parker #6) Not many men knew what Parker did for a living, because what he did was steal. But Joe Sheer, a retired safecracker — also known in the business as a jugger — knew. He knew Parker’s alias, his whereabouts, his plans… and because he knew too much, he knew to keep his mouth shut."
1489,"Photo by Lisa Powers. Description: Typical timber rattlesnakes measure anywhere from 36-58 inches (91-147 cm) in length with Klauber (1956) reporting the largest timber rattlesnake ever recorded to be 74  inches (189.23 cm) collected near New Orleans, LA in the 1940s. Timber rattlesnakes are the 2nd largest venomous snake found in the eastern United States."
1490,"As process improvement is put into place, re-work diminishes. An added plus is the monetary savings resulting from shorter use of warehouse funds and earlier purchase/acceptance. Quality control is a corporate-wide risk management obligation. It encompasses a wide range of pre-funding and post-funding steps."
1491,"F0r $39.99 you can get a gaming controller that works with Fire TV. At $100, Amazon's Fire TV costs the same as Apple TV and is more expensive than Google's Chromecast dongle, both of which have the same core function of streaming video from the Internet to your TV."
1492,"Recovery is more challenging for these strokes because there are many more areas of the brain involved. How a thalamic stroke affects the survivor depends on which part of the thalamus is injured, and whether the injury is on the left or right side of it."
1493,"Searching the STEDT Database finds various a kind of definitions for plant and animal names (e.g., you 狖 a kind of monkey, but not one a kind of barbarian definition."
1494,"A. A. Ankylosing spondylitis is a type of arthritis that affects the spine. Ankylosing spondylitis symptoms include pain and stiffness from the neck down to the lower back.The spine 's bones (vertebrae) may grow or fuse together, resulting in a rigid spine.. A. Ankylosing spondylitis is a type of arthritis that affects the spine. Ankylosing spondylitis symptoms include pain and stiffness from the neck down to the lower back."
1495,(Definition of “genteel” from the Cambridge Advanced Learner’s Dictionary & Thesaurus © Cambridge University Press)
1496,"The teenage birth rate also reached a historic low in 2013 of 26.5 births per 1,000 teens aged 15 to 19. Rates fell for teens in nearly all ethnic groups, with an overall 10 percent dip from 2012.It is just an absolutely remarkable trend, Hamilton said.he general fertility rate also declined by about 1 percent in 2013 to 62.5 births per 1,000 women ages 15 to 44, reaching another record low for the United States, the report noted. But experts say that births are likely to pick up as the economy continues to improve."
1497,"DOSING: The usual dose of valsartan for adults with high blood pressure is 80 to 160 mg once daily. The maximum dose is 320 mg daily. Maximum blood pressure reduction occurs within 4 weeks. For congestive heart failure, the usual dose is 40 mg twice daily."
1498,A pound of powdered sugar contains approximately 4 cups. A pound of brown sugar -- light or dark -- contains about 3-1/2 cups when loose and 2-1/4 cups when packed. Packed brown sugar is called for in most recipes. A pound of granulated sugar contains approximately 2 cups. Get Our FREE Emergency Baking Substitutions!
1499,"Southern hybridization - hybridization of a probe to filter bound DNA; the DNA is typically transferred to the filter from a gel. Northern hybridization - hybridization of a probe to filter bound RNA; the RNA is typically transferred to the filter from a gel. Probes are the primary tool used to identify complementary sequences of interest. Generally, the probe is a clone developed by inserting DNA into a vector."
1500,"Today's Low. The lowest sales price the stock has fallen to during the regular trading hours, the intra-day low. $ 78.08 / $ 72.5499. Share Volume Share Volume is the number of shares of the stock traded on the listing exchange during current trading hours. It does not include after hours volume."
1501,"Gestation is the period of time between conception and birth. During this time, the baby grows and develops inside the mother's womb. Gestational age is the common term used during pregnancy to describe how far along the pregnancy is."
1502,"A personal foul is the most common type of foul. It results from personal contact between two opposing players. Basketball features constant motion, and contact between opposing players is unavoidable, but significant contact that is the fault of illegal conduct by one opponent is a foul against that player. Most personal fouls are called against a defensive player."
1503,"David L. ThornMarch 28, 2003A.1. The Olmec civilization was the most prevalent group in Mesoamerica during the time period of 1200 BC to 400 BC. The chronology for the Olmec civilization for many researchers is still controversial, and this is largely due to problems relating to the dating of artifacts.hough the Olmec were a major influence in the area, the archaeological evidence indicates that the Maya lowlands evolved on their own path, with only a small degree of influence from the Olmec. The path of evolution for the Maya is very similar to the evolutionary path followed by the Olmec civilization."
1504,"Latest Jay Bharat Maruti Share Price - Live JAYBARMARU share price quotes, charts, profile, RNS & company financials for NSI:JAYBARMARU Focus on All Regions Focus on Developed Asia"
1505,"Byssinosis is an occupational lung disease that primarily affects workers in cotton processing, hemp or flax industries. Other names for byssinosis include Monday fever, brown lung disease, mill fever or cotton workers' lung. Learn About Byssinosis."
1506,"Know that if the water is green, it is probably an algae bloom. This is the result of excess nutrients in the water. It won't hurt your fish, but it can be unpleasant to look at. Cut back on feeding and step up the water changes until it clears up. You can also leave the lights off for a few days to kill off the algae."
1507,Climate for Growing Arabica Coffee Beans. Arabica coffee is grown in relatively cool climates in the region between the Tropic of Cancer and Capricorn. The optimum temperature is between 15-24 C (59-75 F) year round.
1508,• NON-IONIC DETERGENT (noun) The noun NON-IONIC DETERGENT has 1 sense: 1. a class of synthetic detergents in which the molecules do not ionize in aqueous solutions. Familiarity information: NON-IONIC DETERGENT used as a noun is very rare.
1509,"(Not great maps, but the best I can do right now) 1  1877 Jackson County map from Military History of Ohio, Illustrated. 2  1875 Township Maps from the 1875 Jackson County Atlas (shows landowners names) 3  Detailed Jackson County.  City of 1  Jackson. City of Wellston.  Village of Oak 1  Hill. Village of Coalton."
1510,"1 a nonresident alien, you must file Form IL-1040 if your income is taxed under federal income tax law. 2  You must attach a copy of your U.S. 1040NR, U.S. Nonresident Alien Income Tax Return, or U.S. 1040NR-EZ, U.S. Income Tax Return for Certain Nonresident Aliens With No Dependents.ou must make an entry on Line 23 (write zero if you are not paying use tax on Form IL-1040). NOTE: If you owe more than $600 in use tax ($1,200 for married filing jointly taxpayers), you must file Form ST-44, Illinois Use Tax Return."
1511,"What is the driving distance between sandusky Ohio and Cleveland Ohio? Between: Sandusky, OH and: Cleveland, OH Driving miles: 65 Driving time: 1 hr 15 mins This approximate driving time and mileage information is based on traveling non-stop in g…ood driving conditions."
1512,"Like many raptors, Peregrine Falcon females are larger than the males. The Peregrine Falcon was removed from the Endangered Species list in 1999, thanks to efforts by The Peregrine Fund and many other organizations and individuals."
1513,"Area: about 340000 km2. The interior of the Hainan island is mountainous, rising to over 1800 metres.Tablelands, terraces and plains, with an elevation of less than 100 metres above sea level, occupy about 60% of its total area. The province has a tropic monsoon climate. It is hot and rainy. There is no frost and snow all the year round."
1514,"Global Comparison of Average Adult Male Height. The average adult American male is 5 feet 9.5 inches tall, according to data collected by the Centers for Disease Control and Prevention between 2007 and 2010. Averages vary by racial and ethnic groups.For example, the average adult non-Hispanic white male is 5 feet 9.8 inches tall and the average adult non-Hispanic black male is 5 feet 9.5 inches tall. The average height of adult Hispanic males is 5 feet 7.1 inches.Among adult Mexican American males -- who are also included in the category of Hispanic -- the average height is 5 feet 6.9 inches. Height also varies by country. Here are a list of 15 countries and how they stack up with the US.lobal Comparison of Average Adult Male Height. The average adult American male is 5 feet 9.5 inches tall, according to data collected by the Centers for Disease Control and Prevention between 2007 and 2010. Averages vary by racial and ethnic groups."
1515,"Jaywalking citations can be costly and require you to go to court. If you have questions about the laws or validity of the citation, a good first step is to speak to an attorney. A skilled traffic ticket lawyer in your area will be able to advise you whether you should fight the ticket or not."
1516,"1 ton of coal costs $36 = $0.006 per KWH. 1 barrel of oil costs $70 = $0.05 per KWH. 1 cubic foot of gas $0.008 = $0.03 per KWH. In comparison to solar energy, the hydrocarbon fuel costs are significantly lower without rebates, tax benefits nor the cost of carbon emissions."
1517,"Corrosion is a natural process, which converts refined metal to their more stable oxide. It is the gradual destruction of materials (usually metals) by chemical reaction with their environment.In the most common use of the word, this means electrochemical oxidation of metal in reaction with an oxidant such as oxygen.any structural alloys corrode merely from exposure to moisture in air, but the process can be strongly affected by exposure to certain substances. Corrosion can be concentrated locally to form a pit or crack, or it can extend across a wide area more or less uniformly corroding the surface."
1518,"Yes, she can still be contagious. Viral just means its being caused by a virus, and antibiotics would have no effect, bacterial is contagious too but can be treated with antibiotics. The virus needs to run its course (sorry to say) there are things to relieve the discomfort but she can still spread it.iral just means its being caused by a virus, and antibiotics would have no effect, bacterial is contagious too but can be treated with antibiotics. The virus needs to run its course (sorry to say) there are things to relieve the discomfort but she can still spread it."
1519,"Social Justice and Educational Equity. Social jus­tice refers to the idea of cre­at­ing a soci­ety or insti­tu­tion that is based on the prin­ci­ples of equality and solidarity, that under­stands and val­ues human rights, and that rec­og­nizes the dig­nity of every human being."
1520,"The matrix of trabecular bone is also deposited in the form of lamellae. In mature bones, trabecular bone will also be lamellar bone. However, lamellae in trabecular bone do not form Haversian systems. Lamellae of trabecular bone are deposited on preexisting trabeculae depending on the local demands on bone rigidity."
1521,TRENDING NOW. 1  volunteer 'Someone who does something without being forced to do it'. 2  operationalize Bannon was removed from the National Security Council. 3  filibuster 'An effort to prevent action in a legislature'. 4  witch hunt Lookups spiked after the president used the phrase in a tweet.
1522,Neck tightness: Related Topics. These medical condition or symptom topics may be relevant to medical information for Neck tightness: 1  Neck. 2  Neck symptoms (833 causes)  Neck disease.
1523,Take a 3-minute break and test your skills! 1  Someone who pretends to be sick in order to avoid work is a: 2  port-hound fabricationist. 3  Duke-of-the-nether-willies malingerer.
1524,"The Purge occurs for 12 hours, March 21–22 7 p.m. – 7 a.m., the next day, during which all crime is legal and all police, fire, and medical emergency services remain unavailable."
1525,"Popular compact crossovers include the Honda CR-V, Toyota RAV4 and Ford Escape, with others like the Subaru Forester, Chevy Equinox, Hyundai Tucson, Mazda CX-5, Kia Sportage, VW Tiguan and GMC Terrain."
1526,"The Air Force Exceptional Family Member Program (EFMP) is designed to provide support to military family members with special needs. All branches of the military offer EFMP, and each Service includes a variety of personnel, medical and family support functions under the EFMP umbrella."
1527,"PerfLoc: Performance Evaluation of Smartphone Indoor Localization Apps. With billions in everyday use throughout the world, the smartphone is obviously a very important personal communication, data processing, and entertainment tool."
1528,"In contrast, when a closed-end investment company creates a fund, it issues only a limited number of shares, and those shares trade on the secondary market as shares of stock do. If you purchase fund shares directly from the open-end investment company, you pay the current net asset value (NAV) per share."
1529,"They occur more frequently in female, premature and low birth weight infants. Infantile hemangiomas usually appear within the first weeks of life and grow most rapidly during the first three to six months of life. For most hemangiomas, 80% of infantile hemangioma size is generally reached by 3 months of age."
1530,"Most paralegals and legal assistants have an associate’s degree or a certificate in paralegal studies. In some cases, employers may hire college graduates with a bachelor’s degree with no legal experience or specialized education and train them on the job."
1531,"30 Good Deeds For A Fulfilling Month. Do one simple, good deed each day of this and every month thereafter. Download the calendar, listen to each day's lesson and implement each simple yet profound deed. 30 Good Deeds Podcast."
1532,"Air-to-air heat exchangers: 1  Are not meant to control humidity in typical pool room applications. 2  Main goal is to transfer heat to the pool room, by preheating cooler incoming air as it passes over warmer air that exits through the heat exchanger.  Provide no cool air to a pool room in warm, humid months."
1533,"Make the dough starter: Mix the flour, water, and yeast for the starter in a small mixing bowl. Beat until the batter is smooth and glossy, about 100 strokes. Let the starter sit 1 to 12 hours: Cover the starter and place it out of the way for at least 1 or up to 12 hours."
1534,"You are probably not a candidate for IDET if: 1  You have had disc-related pain for at least 6 months. 2  Your symptoms have not improved with at least 6 weeks of nonsurgical treatment, including pain medicine and physical therapy or a home exercise program for low back pain. 3  Pain is mostly in the low back, not in the leg."
1535,"3 Rosy Brunette. Okay, so this one isn't quite a gold shade, but it certainly is rosy. If you have brown hair and don't feel like bleaching all your locks, opt for a few babylights of raspberry throughout your hair, particularly at the bottom, to snag this chic style."
1536,"Quick Answer. Erythema of the stomach, or reddening of the stomach, is typically a sign of gastritis. Gastritis is an inflammation of the lining of the stomach. It can also occasionally be caused by inflammatory bowel disease, specifically Crohn's disease, according to GastroNet. Continue Reading."
1537,JCB Mini XL and Midi Excavator Offer; 1% FPA Interest HP over 3 years on new JCB JS Tracked Excavators; 1% FPA Interest HP over 3 years on new JCB 457 Wheeled Loading Shovel; Services. JCB Service & Fixed Price Servicing; Extended Warranty; Thorough Inspection; LiveLink ; Depot Finder. Festive Opening Hours; About. Scot Industrial Air; Scot JCB; Stewart Plant Sales
1538,"Doomseeker is a server browser for client/server source ports, available for Windows, Linux and MacOS X. It supports Skulltag, Odamex, ZDaemon, Vavoom and Chocolate Doom through individual plugins. In addition to this, it is bundled with Zandronum as a primary resource. The user can only join servers if they have the applicable IWADs, all other PWADs will automatically downloaded with no user intervention."
1539,"Billionaire Ira Rennert’s $200 Million Hamptons Mansion – One of the Largest Homes in America. Valued at over $200 million according to tax assessments, the Fair Field Estate of industrial billionaire Ira Rennert is arguably the largest and potentially, the most expensive home in America. Located on 63 prime waterfront acres in Sagaponack, New York, the sprawling Hampton’s Estate began construction in 1998 and was completed in 2003."
1540,"D dimer: While d dimer is often used to help diagnose blood clots, it can also be elevated with inflammation. ... Read more Dr. Ed Friedlander Dr. Friedlander"
1541,"Drainage basin. Example of a drainage basin. The dashed line is the main water divide of the hydrographic basin. A drainage basin or catchment area is any area of land where precipitation collects and drains off into a common outlet, such as into a river, bay, or other body of water."
1542,"House of Representatives and Senate offices will provide health coverage to Members of Congress and designated congressional staff through the DC Health Exchange SHOP, known as DC Health Link. Members of Congress and designated staff can select coverage through the DC Health Link."
1543,"B2 a single unit of speech, either a whole word or one of the parts into which a word can be separated, usually containing a vowel. More examples. 1  In the word 'engine', you should stress the first syllable.  The word 'button' has two syllables."
1544,"Boti is a cutting instrument, most prevalent in Bengal, a region in eastern South Asia which is now divided between the Indian states of West Bengal, Tripura, and Barak Valley of Assam and the independent country of Bangladesh. A boti is a long curved blade that cuts on a platform held down by foot. Both hands are used to hold whatever is being cut and move it against the blade. The sharper side faces the user. The method gives excellent control over the cutting process and can be used to cut anything from tiny shrimp to large pumpkins."
1545,"Find Public Records in Chariton County, Missouri. This page lists public record sources in Chariton County, Missouri. Additional resources can be found on our Missouri State Public Records page, on city pages, and on topic pages using the navigation above. Chariton County, Missouri - General County Info."
1546,"Comal County, Texas. Comal County (/ˈkoʊmæl/ KOH-mal) is a county located on the Edwards Plateau in the U.S. state of Texas. As of the 2010 census, its population was 108,472. Its county seat is New Braunfels."
1547,Popular Companies. * Please note that all salary figures are approximations based upon third party submissions to Simply Hired. These figures are given to Simply Hired users for the purpose of generalized comparison only. Minimum wage may differ by jurisdiction and you should consult the employer for actual salary figures.
1548,"When registering you will need the following information: JCPenney Mastercard credit card number, last 4 digits of your social security number, email address, and date of birth. Account Features. When logged in to JCPenney credit card services there are a number of features and services available to users."
1549,"Maybe you have found a ARF file on your computer and wondering what it's for? Windows might tell you that you can't open it, or in the worst case, you might encounter a ARF file related error message. Before you can open a ARF file, you'll need to figure out what kind of file the ARF file extension refers to. Tip: Incorrect ARF file association errors can be a symptom of other underlying issues within your Windows operating system."
1550,"7 thoughts on “Harvesting Ghost Peppers”. 1  They are great for a slow burn in cream-based dishes. Roast a sliver in seasame or olive oil, strain out the pepper sliver and add the oil to your cream dish. 2  The idea of roasting a sliver of pepper, I assume this would be fresh, and adding the oil to cream dishes is intriguing."
1551,"From Wikipedia, the free encyclopedia. A domestic flight is a form of commercial flight within civil aviation where the departure and the arrival take place in the same country. Airports serving domestic flights only are known as domestic airports.Domestic flights are frequently, but not necessarily, non-stop flights.rom Wikipedia, the free encyclopedia. A domestic flight is a form of commercial flight within civil aviation where the departure and the arrival take place in the same country. Airports serving domestic flights only are known as domestic airports."
1552,"Hypnosis is a state of human consciousness involving focused attention and reduced peripheral awareness and an enhanced capacity for response to suggestion. The term may also refer to an art, skill, or act of inducing hypnosis. Theories explaining what occurs during hypnosis fall into two groups. Altered state theories see hypnosis as an altered state of mind or trance, marked by a level of awareness different from the ordinary conscious state. In contrast, nonstate theories see hypnosis as a form of imaginative role-enactment."
1553,Matters affecting the operations of both the House of Representatives and Senate are usually initiated by means of concurrent resolutions. A concurrent resolution originating in the House of Representatives is designated “H.Con.Res.” followed by its individual number.
1554,"As with other NSAIDS, ibuprofen can cause stomach-related side-effects, so you should speak to your doctor if you tend to have problems such as heartburn or indigestion. Your doctor may suggest a different type of NSAID and/or prescribe a drug called a proton pump inhibitor (PPI) to help protect your stomach."
1555,"But The Shallows is probably the trickiest challenge of her career, as for most of the film she is the only person on screen — with only a shark and a friendly seagull for company. Blake’s character Nancy is stranded on a rock after the shark takes a bite out of her leg. She says: “The shark is the size of a whale."
1556,Relative humidity of Seattle including average monthly and annual data. Relative humidity is probalby the second most popular factor that people take into consideration when looking for the weather of a city to live in.CityRating.com offers the average Seattle relative humidity chart that displays the annual and monthly humidity percentages for Seattle and dozens of other cities.elative humidity is probalby the second most popular factor that people take into consideration when looking for the weather of a city to live in. CityRating.com offers the average Seattle relative humidity chart that displays the annual and monthly humidity percentages for Seattle and dozens of other cities.
1557,"And with the use of a zip-seal bag and a permanent marker, you can avoid wasting your good food. Before you put meat in the freezer, you should always write the date on it -- that way you don't have to question how long it's been frozen. And, believe it or not, some meats can last in the freezer for up to one year.1  Cooked poultry -- 4 months. 2  Uncooked poultry parts -- 9 months. 3  Uncooked whole poultry -- 12 months.ou might be surprised to find that frozen meat can last in the freezer for a long amount of time. We bet that a lot of good meat has been unnecessarily thrown out -- and that's just a shame. If you feel this might be you, take a moment to look over the meat guide below with information provided by the USDA."
1558,"My two old favorite saddles before the roping phase started were my Nathan Lamb barrel saddles. I had one in a 13 with a narrower tree and a 14 with a wider tree. Wonderful saddles, but my bum outgrew them after a few years and pounds. I regret selling them.y husband bought a Billy Cook roping saddle a few years ago for $100 from a coworker. VERY comfortable saddle, but the stirrups don't go short enough for me and it's very heavy. It fits our paint mare great, but is a little long in the back our other horses."
1559,"Just like Rimadyl side effects, Deramaxx and other NSAIDs can cause an upset stomach and nausea and have a risk of gastrointestinal bleeding and ulcers. Some Deramaxx side effects are not serious enough to stop giving your pet the medication, while others are a sign that the medicine should be stopped immediately."
1560,"A customer can contact the head office of JC Penney at this number, +1-972-431-1000. Customer Service Number of JC Penney: A customer living in the USA and Canada can ask JC Penney his queries at its customer care number, 18003221189. Other Important Contact Numbers of JC Penney: Person with Hearing Disability: 18005277889 Spanish or Espanol: 18003367337 Customer Service Number for Mexico: 95.800.336.7337 JCP Credit Card Service Number: 18005420800 JCP's Gift Registery Number: 18005274438 Ivestor Relation Contacts: 9724315500."
1561,"Chiropractor For Pinched Nerve | Can A Chiropractor Help With A Pinched Nerve | What Is A Pinched Nerve | Nerve Pain Treatment | Cornerstone Chiropractic and Rehabilitation Services | Riverdale, NJ."
1562,"The value for the Hidden element is an expression that evaluates to a Boolean value. For example, the strings true and false will be evaluated as Boolean constants."
1563,"Rev. William Barber: Before Gov. Patrick McCrory leaves office Republicans are trying to strip power from Governor-elect Roy Cooper. Seeing that they were failing at the ballot box, ultraconservatives passed legislation to strip the executive and courts of key powers, William Barber writes."
1564,Been 3 weeks. Had an avulsion fracture of the ankle 15 weeks ago and it really hurts again when i walk... My dr said it just ta more Had an avulsion fracture of the ankle 15 weeks ago and it really hurts again when i walk... 5th metatarsal avulsion fracture at base 2 weeks ago. Sharp pains in ankle& back of calf. Burning sensation at ti more 5th metatarsal avulsion fracture at base 2 weeks ago.
1565,"People who have cancer now do not have the luxury of waiting for “official” science to catch up with personal experience: they need to get treatment right away. If you have skin cancer and live in a medical cannabis state, it’s worth considering treating your lesions with cannabis oil."
1566,DEFINITION of 'Absorption Costing'. A managerial accounting cost method of expensing all costs associated with manufacturing a particular product. Absorption costing uses the total direct costs and overhead costs associated with manufacturing a product as the cost base.Generally accepted accounting principles (GAAP) require absorption costing for external reporting. Absorption costing is also known as full absorption costing.bsorption costing uses the total direct costs and overhead costs associated with manufacturing a product as the cost base. Generally accepted accounting principles (GAAP) require absorption costing for external reporting.
1567,One guilder coin (Netherlands) The One guilder coin was a coin struck in the Kingdom of the Netherlands between 1818 and 2001. It remained in circulation until 2002 when the guilder currency was replaced by the euro. No guilder coins were minted in the German occupation of the Netherlands in World War II.
1568,"Best Answer: Oolong tea is a black tea and tastes kinda earthy to me, if that makes any sense to you. It can be bitter if it steeps too long...well, a tad bitter for my personal taste. If you are familiar with green tea, black tea has a similar but much stronger flavor.nother is originated in Wuyi Mountains of Fujian, which has robust, long-lasting floral flavor, and a pleasant aftertaste. Black tea, in Chinese, is called red tea, it's an utterly different tea from Oolong tea, in oxidation, appearance, aroma and taste."
1569,"Horner is an English surname of Anglo-Saxon origin, that derives from the Middle English word for the occupation horner, meaning either horn-worker, horn-maker, or even horn-blower. Horner refers to: 1  People named Horner.2  Billy Horner (born 1942), English footballer and manager.orner is an English surname of Anglo-Saxon origin, that derives from the Middle English word for the occupation horner, meaning either horn-worker, horn-maker, or even horn-blower. Horner refers to: 1  People named Horner."
1570,"The global industrial production of ammonia for 2012 was anticipated to be 198,000,000 tonnes (195,000,000 long tons; 218,000,000 short tons), a 35% increase over the estimated 2006 global output of 146,500,000 tonnes (144,200,000 long tons; 161,500,000 short tons).H 3 boils at −33.34 °C (−28.012 °F) at a pressure of one atmosphere, so the liquid must be stored under pressure or at low temperature. Household ammonia or ammonium hydroxide is a solution of NH 3 in water."
1571,"America's first constitution; declared that congress was chief agency of the gov't, each state had a single vote, bills required 2/3 votes, amendments to the Articles required unanimous vote; states were given no power to tax or regulate commerce; bound to fail b/c no reforms could ever be made under the system."
1572,"1. (Economics) a person who acquires goods and services for his or her own personal needs. Compare producer6. 2. a person or thing that consumes. 3. (Environmental Science) (usually plural) ecology an organism, esp an animal, within a community that feeds upon plants or other animals."
1573,"The federal government is the nation's largest borrower. By investing in U.S. Government securities, you are lending money to help finance operations of the federal government. These securities are among the highest-quality investments available, as they are backed by the full faith and credit of the government."
1574,"Use Caution with Fatty Foods. Fatty foods slow digestion, which is not ideal for the athlete facing a competition. Greasy, fried foods and fatty desserts are filling and may leave you tired and sluggish on the courts. Skip the french fries or pizza before competition, and keep the fat content on the light side."
1575,"Fluency in Computer Programs. Computer literacy is a very important skill for the modern medical office assistant, and usually requires taking healthcare assistant courses to learn programs such as Word, Excel, or even accounting software such as Intuit QuickBooks. Typing skills are a must, as is attention to detail."
1576,"Historical Examples. 1  All military conquest involves the ancient practices of serfdom. 2  In half an hour I was her abject slave, and proud in my serfdom. 3  All things have their climax, and France is tending swiftly to the climax of her serfdom. 4  He was the real abolisher of serfdom in Russia, as history will yet prove."
1577,Asking students to demonstrate their understanding of the subject matter is critical to the learning process; it is essential to evaluate whether the educational goals and standards of the lessons are being met.
1578,"The recommended nutrient intake for adults is 40 milligrams of vitamin C per day, says Marie. On average, adults in the UK have about 80 milligrams of vitamin C per day.."
1579,"It’s all about connection. When it comes to network speed, look at how your devices are connected. If you’re transferring data from computer A to computer B, the maximum network speed between those two machine will be the speed of the slowest device between them. For example, you say that your computers have gigabit network interfaces."
1580,STEM — science technology engineering and math — is the big buzzword in education. Mazama High School and Oregon Institute of Technology are teaming up to do STEM and more: STEM&M. [...].
1581,"In the last decade fewer new kinds of man-made gem materials have been marketed. This suggests that the repertoire of synthetic gem materials is close to reaching its limit in terms of the creation of new materials, but it is not limited in production which is still very significant."
1582,Jody Hill Net Worth is $5 Million. Jody Hill is Screenwriter | Film Director | Film Producer | Actor | Television Producer | Television Director. Jody Hill Date of Birth is 1976-10-15. Jody Hill Nickname is Jody L. Hill. Jody Hill Country is Concord.. Jody Hill is an American fil...
1583,"The Universal Fabric Structures TFS RV Series shelter delivers a striking, aesthetically-pleasing appearance and is adaptable to any climate."
1584,"Unsubscribe. If zippers are what you were looking for, then you re in the right place! We aim to provide you with the best zipper for your project -- from changing the zipper in your pants or jacket, to adding an invisible zipper to your wedding gown, to replacing the zipper in your sail cover.We travel the world looking for the best, most technically correct zipper for your projects.e aim to provide you with the best zipper for your project -- from changing the zipper in your pants or jacket, to adding an invisible zipper to your wedding gown, to replacing the zipper in your sail cover. We travel the world looking for the best, most technically correct zipper for your projects."
1585,"Many BuyerZone users have asked to learn more about golf cart pricing. Here's a sampling of actual prices paid by golf cart and utility vehicle buyers who used our service. A couple of points to keep in mind: 1  New vehicles in our survey ranged from $4,700 to $15,000.1hp gas golf cart with lift kit, flip-back seat, brush guard, headlights, tail/brake lights, turn signals, rear-view mirror, seat belts, windshield, towing package, and extended top.. -- Apalachicola, Florida. Yamaha 2006 g22, gasoline, with light kit, full side covers, and shipping to my door -- $4,645."
1586,"Planted on 3- to 5-foot centers for a massing effect, it forms a 3-foot-tall, medium-green ground cover. Coontie are rarely used in this manner because of the high cost of plants, but it is well worth the effort.cientific name: Zamia floridana Pronunciation: ZAY-mee-uh flor-rid-DAY-nuh Common name(s): coontie Family: Zamiaceae Plant type: shrub USDA hardiness zones: 8B through 11 (Fig."
1587,"NFL season opener Countdown. This countdown clock displays the remaining time until nfl season opener which will happen on 04 February, 2018 in the America/New_York timezone."
1588,"DYMO Label Software v.8 has a lot of compelling features from a developer’s point of view. One important change is the new label file format. In most cases knowing the file format is not necessary because DYMO Label Software (DLS) can be used to design a label visually. However, there are advanced scenarios where knowing the file format can benefit applications that use the DYMO Label SDK."
1589,"Insert Signature With a Tablet. To add your signature using a Windows tablet, use the tablet pen or your finger to sign your name. Open the Word document that requires your signature and go to the Review tab to click Start Inking.. Select the Pen tool to sign your name to the specific area."
1590,"It is the pulmonary arteries; which are the only arteries in the human body that carry deoxygenated blood. FYI-It is the pulmonary veins that carry oxygenated blood from the lungs to the heart; which are the only veins in the human body to carry oxygen rich blood.he pulmonary veins, carrying blood from the lungs to the left atrium of the heart, are the only veins carrying oxygenated blood. Oxygen rich blood from the lungs is returned to the heart via the pulmonary vein."
1591,"For other uses, see Joanna (disambiguation). Joanna is a feminine given name deriving from Koine Greek ἰωάννα Iōanna from Hebrew יוֹחָנָה Yôḥānnāh meaning 'God is gracious'. Variants in English include Joan, Joann, Joanne, and Johanna. Other forms of the name in English are Jan, Jane, Janet, Janice, Jean, and Jeanne."
1592,"A sedulous person is someone who works hard and doesn't give up easily. If you make repeated and sedulous attempts to fix a leaky pipe and it only makes things worse, it might be time to go online and find the number of a plumber. There are a couple of words that basically mean the same thing as sedulous but are a little more common, namely assiduous, painstaking, and diligent. Like sedulous, all of these adjectives can be turned into adverbs by adding the suffix ly: He assiduously tried to fix the pipe, but to no avail.."
1593,Top Jeep Complaints. My parents and I decided to lease a Jeep from Holland Michigan not one jeeps but two jeeps from Holland Michigan. The service people were nothing but terrible to me making me wait at least 10 minutes before taking my jeep. They always act busy my opinion is you should help the customer.
1594,Answers.com® is making the world better one answer at a time. The longest word that starts with the letter G has 22 letters and is the word: Gynotikolobomassophile.. The definition of the word is One who nibbles on a woman's earlobes..
1595,"Benzonatate comes as a liquid-filled capsule and a capsule to take by mouth. It is usually taken three times a day as needed. Follow the directions on your prescription label carefully, and ask your doctor or pharmacist to explain any part you do not understand."
1596,"1 Laminate flooring planks install with a tongue and groove system, so each plank has a tongued side and a grooved side. 2  Place your first laminate flooring plank in the upper right corner of the wall.  Place the grooved edge up against the corner of the wall."
1597,"Before a dinner party, serve a meat and cheese tray that is simple yet interesting enough to whet your guests' palates. Plan for 1/2 ounce of meat and 1/2 ounce of cheese per person.You will generally need less per person for a passed hors d'oeuvre than for a buffet-style tray.ocktail Party. A meat and cheese tray can serve as one of several hors d'oeuvres or as the primary offering at a cocktail party. If the meat and cheese tray will be one of several appetizers, plan for 1 to 2 ounces of meat and 1 ounce of cheese per person."
1598,"The impala displays two characteristic leaps – it can jump up to 3 m (9.8 ft), over vegetation and even other impala, covering distances of up to 10 m (33 ft); the other type of leap involves a series of jumps in which the animal lands on its forelegs, moves its hindlegs mid-air in a kicking fashion, lands on all fours and then rebounds."
1599,"Brew tea in a covered pitcher, mason jar, water bottle or other vessel, using one tea bag per pint (16 oz.) of water. Place the container in the refrigerator overnight or for at least six hours. Tea takes longer to steep in cold water. Place tea in a covered container, adding one tea bag per pint (16 oz.) of water, and set in direct sunlight for one to two hours. This is the fastest way to cold brew tea without drawing out the bitter tannins as hot brewing can do."
1600,"For other uses, see Airplane (disambiguation) and Aeroplane (disambiguation). An airplane or aeroplane (informally plane) is a powered, fixed-wing aircraft that is propelled forward by thrust from a jet engine or propeller. Airplanes come in a variety of sizes, shapes, and wing configurations."
1601,"In general, 1 slice of bread, 1 cup of ready-to-eat cereal, or ½ cup of cooked rice, cooked pasta, or cooked cereal can be considered as 1 ounce equivalent from the grains group. The chart lists specific amounts that count as 1 ounce equivalent of grains towards your daily recommended intake."
1602,"Blood test results are important in Blood disorders in Blood tests and a Blood test with Rare Blood types. Some of the most common Blood tests are: Blood test results, Blood tests Rare Blood types."
1603,"Synopsis. Tom Jones is a Welsh singer born on June 7, 1940, in Pontypridd, Wales. Influenced as a child by American blues, R&B and rock 'n' roll, over the past five decades the singing legend has produced hits in both the United States. and the United Kingdom.om Jones-Full Biography (TV-14; 45:39) One of the most popular vocalists to emerge from the British Invasion, Tom Jones' rags to riches story began in the slums of Wales, took him to London and then all the way to Vegas."
1604,"Jeff Sessions is the attorney general of the United States. On November 18, 2016, President Donald Trump (R) announced that he intended to nominate Sessions for the position. He was confirmed by the Senate on February 8, 2017, by a vote of 52 to 47."
1605,"1 Don’t worry if the edges turn opaque. 2  Hot water is mildly cooking the edges, but doesn’t affect the flavor a bit. 3  Yes, it works on other cuts of meat 4  ! Just make sure that steak or chop is reasonable thin—say, 1 inch or less, so that it thaws quickly enough."
1606,"SQL Server 2014 - Database Schemas. In SQL Server, a database schema faciliates security management. A schema assists in defining who can access each database object. A database schema can also act as a namespace. This prevents name clashes of objects from different schemas.QL Server 2014 - Database Schemas. In SQL Server, a database schema faciliates security management. A schema assists in defining who can access each database object. A database schema can also act as a namespace. This prevents name clashes of objects from different schemas."
1607,"Okaloosa County School District median household income is $54,118 in 2008-2012. Okaloosa County School District median house value is $188,200 in 2008-2012. On average, Okaloosa County School District is much better than the state average in quality."
1608,"Attorney’s fees are generally the bulk of the cost associated with creating a trust. The cost for an attorney to draft a living trust can range from $1,000 to $1,500 for individuals and $1,200 to $2,500 for married couples."
1609,Network After Work is America’s premier face-to-face business networking company with monthly mixer events in over 80+ cities catering to over 4 million members.
1610,"Depending on what's happened, when you appeal against the decision you can: 1  Challenge the way the disciplinary action was taken against you. 2  For example, if your employer did not follow their own disciplinary policy or the Acas Code of Practice. 3  Challenge the evidence on which your employer based their decision.epending on what's happened, when you appeal against the decision you can: 1  Challenge the way the disciplinary action was taken against you. 2  Challenge the evidence on which your employer based their decision. 3  Challenge the decision your employer took. 4  Give new evidence or reasons why disciplinary action shouldn't be taken."
1611,1 Hawaii began to require employers to have injury and illness prevention programs in 1985. The net reduction in injuries and illnesses was 20.7 percent.  Massachusetts Workers' Compensation program firms receive a premium credit for enrolling in a loss management program.
1612,"Wolf, Baldwin & Associates, P.C. Serving Montgomery County, Pennsylvania. Law firm serving Montgomery, Berks, and Chester Counties in Pennsylvania. Consultations on any matter, including personal injury, workers' comp., family law, wills and estates,... Read more and real estate. Visit our website today to find out more."
1613,"Salt (sodium chloride) is essential for life. The tight regulation of the body's sodium and chloride concentrations is so important that multiple mechanisms work in concert to control them.odium (Na +) and chloride (Cl -) are the principal ions in the fluid outside of cells (extracellular fluid), which includes blood plasma. As such, they play critical roles in a number of life-sustaining processes (2) ."
1614,"Appendicitis is an infection or inflammation of the appendix, a tube-like structure attached to the cecum (large intestine). The appendix is located in the right lower part of the abdomen in most children. Appendicitis is the most common cause of emergency abdominal surgery in children."
1615,"Although the species is commonly referred to as the Barbary ape, the Barbary macaque is actually a true monkey. Its name refers to the Barbary Coast of North West Africa. The Barbary macaque population of Gibraltar is the only such population outside of Northern Africa and the only population of wild monkeys in Europe."
1616,"Search Help Topics: IRS Notice CP 161 - Balance Due - Request for Payment or Notice of Unpaid Balance. The CP 161 is not a math error notice. It shows the underpaid tax according to the IRS records. CP 161 shows the tax you reported on the return, the payments the IRS applied, and the resulting underpayment the IRS has on record."
1617,"basin-the entire geographical area drained by a river and its tributaries; an area characterized by all runoff being conveyed to the same outlet; flood control in the Missouri basin. catchment area, catchment basin, drainage area, drainage basin, river basin, watershed."
1618,"Sen. John McCain will skip the Republican convention. A tough re-election campaign is keeping him home, McCain said. Post to Facebook. Sen. John McCain will skip the Republican convention A tough re-election campaign is keeping him home, McCain said."
1619,"For residential appraisers, this designation is awarded to those whose education and experience exceed state appraisal certification requirements and is supported by the National Association of REALTORS®. Presented by National Association of REALTORS®."
1620,VBX File Opener. Download ». The fastest and easiest way to open your VBX file is to double-click it. This allows the intelligence of Windows to decide the correct software application to open your VBX file.BX File Opener. Download ». The fastest and easiest way to open your VBX file is to double-click it. This allows the intelligence of Windows to decide the correct software application to open your VBX file.
1621,"The fact that Aristotle was a pupil of Plato contributed to his former views of Platonism, but, following Plato's death, Aristotle immersed himself in empirical studies and shifted from Platonism to empiricism.He believed all peoples' concepts and all of their knowledge was ultimately based on perception.e [Aristotle] refers to many examples of changes now constantly going on, and insists emphatically on the great results which they must produce in the lapse of ages. He instances particular cases of lakes that had dried up, and deserts that had at length become watered by rivers and fertilized."
1622,"Misdiagnosis and Nasopharyngitis. Sinusitis is overdiagnosed: There is a tendency to give a diagnosis of sinusitis, when the condition is really a harmless complication of another infection, such as a common cold ...."
1623,Rating Newest Oldest. Best Answer: implantation happens 10 days after conception. that is 4 days before your period IF you have a regular 28 day period. not all women have implantation bleeding... sometimes you can have a little bleeding around the time you ovulate. your period might be starting early as well.
1624,"Sex segregation is the physical, legal, and cultural separation of people according to their biological sex.This is distinct from gender segregation, which is the separation of people according to social constructions of gender.In certain circumstances, sex segregation is controversial.he term “sex” in “sex segregation” refers to apparent biological distinctions between men and women, used in contrast to “gender”. The term “segregation” refers to separation of the sexes, which can be enforced by rules, laws, and policies, or be a de facto outcome in which people are separated by sex."
1625,"At the south rim the average high is in the upper 50sF and the average low is in the mid 20s. See the link below for a TON of data from last year about that location. I don't think they have reliable weather data like that for the bottom of the canyon, but it will be noticeably warmer at the bottom than at the rim."
1626,"A: (504) 736-6102 is the phone number for Parish Of Jefferson in Jefferson, LA."
1627,"1 If the call is not answered or the line is busy, hang up and call the number again within two minutes. 2  You will hear two short tones telling you that Call Forwarding is activated. 3  Hang up the receiver. 4  Lift your telephone's receiver and listen for a dial tone. 5  Press. 6  Dial 1173 on rotary or pulse-dialing phones."
1628,Marks: 1 A woodcut print such as Emile Nolde's Prophet is an example of: Choose one answer. a. a monotype print b. a relief print c. silkscreen d. lithography Correct Marks for this submission: 1/1. Question 2 Marks: 1 One of the greatest early masters of the intaglio process was the artist: Choose one answer. a.burin b. woodcut c. mezzotint d. silkscreen Correct Marks for this submission: 1/1. Question 6 Marks: 1 _____________ is the process that assures that the colors of a linocut or other relief print will align perfectly. Choose one answer. a. Intaglio b. relief print c. silkscreen d. lithography Correct Marks for this submission: 1/1. Question 2 Marks: 1 One of the greatest early masters of the intaglio process was the artist: Choose one answer. a. Vincent van Gogh b. Albrecht Durer c. J.M.W. Turner d. Leonardo da Vinci Correct Marks for this submission: 1/1.
1629,"Home → What does ITAR Compliant/ITAR Compliance mean? The U.S. Government requires all manufacturers, exporters, and brokers of defense articles, defense services or related technical data to be ITAR compliant. If your company falls under these categories, the following information will help answer some of your questions."
1630,"Model#: LF000810A rich blend of white and cream oak that lightens up any room. Model#: LF000854Orange undertones give a beautiful warmth and spotlight the deep natural cracks and accentuated knots. Model#: LF000804Features wide oak planks that have a slightly worn, aged look in a warm brown color."
1631,social exclusion at the individual level results in an individual s exclusion from meaningful participation in society an example is the exclusion of single mothers from the welfare system prior to welfare reforms of the 1900s
1632,"Freshwater-derived food grade diatomaceous earth is the type used in US agriculture for grain storage, as feed supplement, and as an insecticide. It is produced uncalcinated, has a very fine particle size, and is very low in crystal silica (<2%)."
1633,"The company's 2013 revenue reached $232.44 million, an 82% growth over 2012's $128 million. In 2010, Tableau reported revenue of $34.2 million. That figure grew to $62.4 million in 2011 and $127.7 million in 2012.Profit during the same periods came to $2.7 million, $3.4 million, and $1.6 million, respectively.he company was founded in Mountain View, California in January, 2003 by Chris Stolte, Christian Chabot and Pat Hanrahan. Their initial aim was to commercialize research conducted at Stanford University’s Department of Computer Science between 1999 and 2002."
1634,"Ashy Dermatosis(EDP) srsusa07. hi, I developed a small ash colored spot on my left arm during the pregnancy and it slowly spread and now my entire arms have become grey in color and now it's spreading on my neck and face. I checked with several doctors but none advised any biopsy but concluded it's ashy dermatosis(also called EDP)."
1635,"Road Distance from Baton Rouge to Atlanta, Georgia, 30301 is 528.3 miles ... see the route map from Baton Rouge, Louisiana to Atlanta, Georgia. Driving Distance between Baton Rouge and Augusta, Maine, 04330 is 1750.9 miles ..."
1636,"Burning mouth syndrome. Treatment. For secondary burning mouth syndrome, treatment depends on any underlying conditions that may be causing your mouth discomfort. For example, replacing poorly fitting dentures or taking supplements for a vitamin deficiency may relieve your discomfort. That's why it's important to try to pinpoint the cause."
1637,Jefferson Place. Home; Skilled Nursing Home Facilities Directory; Iowa (IA) Pella
1638,"Certified Nurse-Midwife (CNM): A Certified Nurse-Midwife (CNM) is an individual educated in the two disciplines of nursing and midwifery, who possesses evidence of certification according to the requirements of the American College of Nurse-Midwives."
1639,"The Board of Directors has appointed the Vacon Executive Management Team which supports the CEO in the preparation of strategic issues, the handling of significant or fundamental operative matters as well as ensuring internal communications."
1640,"Purge protection does not require a special enclosure as normally a standard industrial enclosure will work. This protection method also addresses possible internal releases of flammable gas, vapor, or liquid. This is important for analyzers and other equipment that have a flammable liquid or gas pass through them."
1641,"Beer, liquor, wine, foods containing alcohol -- none of it is good for your cat. That's because alcohol has the same effect on a cat's liver and brain that it has on humans. But it takes far less to do its damage. Just two teaspoons of whisky can cause a coma in a 5-pound cat, and one more teaspoon could kill it."
1642,"Skol Vikings, let's win this game, Skol Vikings, honor your name, Go get that first down, Then get a touchdown. Rock 'em . . . Sock 'em Fight! Fight! Fight! Fight! Go Vikings, run up the score. You'll hear us yell for more. . . V-I-K-I-N-G-S Skol Vikings, let's go! Meaning"
1643,Dr. Dre Nude Photos Leaked Online. News of rapper Dr. Dre’s death spread quickly earlier this week causing concern among fans across the world. However the August 2016 report has now been confirmed as a complete hoax and just the latest in a string of fake celebrity death reports.
1644,"A flush valve is a mechanism used to flush a toilet or urinal. The valve and associated hardware are located within the toilet tank or in the body of the urinal. Most toilets have a lever or push button activator, which is used to operate the flush valve."
1645,"1 This pressure increase causes nerve damage due to decreased blood supply. 2  Symptoms include severe pain, numbness, and decreased range of motion.  Surgery (fasciotomy) is the only treatment for acute compartment syndrome."
1646,"1. n. [Production Testing]. The level to which fluid rises in a well when the well is shut in. The hydrostatic head of this fluid is equal to the well bottomhole pressure. See: bottomhole pressure, hydrostatic head."
1647,"Hyposensitivities to sensory input may include: 1  A constant need to touch people or textures, even when it’s inappropriate to do so. 2  Doesn’t understand personal space even when same-age peers are old enough to understand it. 3  Clumsy and uncoordinated movements.  An extremely high tolerance for or indifference to pain."
1648,This is an authorized Web site of Jehovah’s Witnesses. It is a research tool for publications in various languages produced by Jehovah’s Witnesses. Watchtower ONLINE LIBRARY
1649,"Bank PO's salary or Bank Probationary officer's starting salary in most of public sector banks and even in some private banks is same. The latest revision of salary of Bank PO / Bank Probationary officers has taken place wef 1st November, 2012 (The final agreement has been signed only on 25th May, 2015) ."
1650,"Its purpose is to better enable the public to obtain criminal history record checks. The repository was created and is maintained in accordance with Pennsylvania's Criminal History Information Act contained in Chapter 91 of Title 18, Crimes Code."
1651,"But fruits and vegetables don't always fit nicely into a measuring cup, and there are differences based on volume. We've found pictures of the approximate serving sizes for 18 different fruits and vegetables based on ChooseMyPlate.gov recommendations."
1652,"Master Chief really doesn't suck at Halo 3 because he is a fictional character and there for cannot play Halo 3. There is a video of Master Chief playing Halo 3 and is d … oing badly, but that is a video. You can see that on Youtube."
1653,"Have students record the selected roots, prefixes, and suffixes in the blank tiles with one word part per box. Discuss the meanings of the various word parts. 2. Have students cut the word tiles apart and lay them on their desks. Call out a definition, and have students locate the correct root."
1654,"I was in desperate need of a scar revision after my last hair transplant and subsequent repair caused a two inch bald spot in my donor area. Based on my individual needs, we determined the best solution would be an FUE procedure."
1655,"As any high schooler who has incisively compared bottles in his or her parents' liquor cabinet can tell you, a spirit's proof is exactly twice as much as its percentage of alcohol by volume."
1656,"What to do with LLC business losses. Profit losses in your LLC should be claimed on your individual income tax return. You most likely will have to use IRS Form 1040, as profit or loss from a business must be declared on Schedule C — expenses that are less than $5,000 may be claimed on Schedule C-EZ.hat to do with LLC business losses. Profit losses in your LLC should be claimed on your individual income tax return. You most likely will have to use IRS Form 1040, as profit or loss from a business must be declared on Schedule C — expenses that are less than $5,000 may be claimed on Schedule C-EZ."
1657,"How to Use Tables For complete information on all of our air systems and equipment visit kice.com FC SERIES FANS For a given fan size, wheel design, CFM, and static pressure; capacity tables can be used to obtain outlet velocity, wheel RPM and GHP."
1658,"Computer software engineers work in teams to develop new computer systems, hardware, and software. A team usually consists of engineering, marketing, and manufacturing professionals."
1659,Jehovah is Your Name. Mighty Warrior. Great in Battle. Jehovah is Your Name. Mighty Warrior. Great in Battle. Jehovah is Your Name. Mighty Warrior.
1660,"Probate is the process of determining whether a will is valid and, if it is, paying the deceased person's debts and distributing his or her assets as instructed in the will. In Indiana, a will must be probated in the county where the deceased person lived at the time of his or her death."
1661,"Official-PS4 Prices. $399.00 USA £349 UK €399 EUR. Sony officially announced the price of the Playstation 4 - $399.00. A year and a half after the official release of both the Xbox One and the PS4, we've seen the Xbox One already slash it's price $50."
1662,"(Added) The primary purpose of PIMR is to provide a “real-time” medical readiness assessment of IMR requirements for commanders, individuals, and PCMs so they can manage the readiness status of their assigned or enrolled Air Force personnel."
1663,"With flu symptoms, you usually—though not always—do see a fever, often in the 100 to 102 range (though that can be higher, especially in young children). Don't be surprised if the fever lasts several days. Even though it feels awful, remember that fevers are your body's way of fighting off the infection."
1664,"HP UltraSlim Docking Station; AC power adapter; Documentation. Warranty: HP Ultra-light Docking Stations are supported by a one-year limited warranty. Additional support is available 24 hours a day, seven days a week by phone as well as online support forums."
1665,Swiss Re Ltd (SREN) CHF0.10. * Please note that there can be occasions when the Selling price shown may be temporarily higher than the Buying price. This can sometimes happen when the stock market is closed but it can also happen at other times for a variety of reasons.
1666,Next remove the spark plug from the cylinder that you want to test. Hit the start button or use the kickstart to turn the engine over for around 5 seconds or until the needle on the engine compression tester is at it’s maximum reading. Take the reading and remember to add 5% if you did this with the engine cold.
1667,"Srijan Name Meanings - Find Hindu Boys & Girls Names with meanings in English, what is Srijan meaning and definition with Lucky Number of Srijan."
1668,"Probiotics are bacteria that help keep the natural balance of organisms (microflora) in the intestines. The normal human digestive tract contains about 400 types of probiotic bacteria that reduce the growth of harmful bacteria and promote a healthy digestive system.robiotics may also be used to: 1  Help with other causes of diarrhea. 2  Help prevent infections in the digestive tract. 3  Help control immune response (inflammation), as in inflammatory bowel disease (IBD) ."
1669,"Where to apply. 1  Apply for the marriage license in the New Jersey municipality where either party resides. The license is valid throughout New Jersey. 2  If neither applicant is a New Jersey resident, submit the application in the municipality where the marriage ceremony will be performed."
1670,"The pain which is produced by derogation produces effort and self-denial. I trust that nothing which I have now said will be taken in derogation of the compromises of 1850. In all this there shall be no derogation of our power or of the power of our son and our successors. And then, apparently in derogation of the last inquiry: Shut up, you! During the austerer days of the republic the derogation was unknown."
1671,This has caused many fans to question just how much they get to star on Teen Mom. Check out how much the stars of Teen Mom and Teen Mom 2 are worth according to Celebrity Net Worth. Estimated Net Worth: $30 Thousand. Teen Mom 2 star Jenelle Evans is unfortunately famous for not doing well as a teen mom at all.
1672,"Shoulder pain is an extremely common problem, and many people in particular experience shoulder pain at night. However, not every painful shoulder has the same cause. While treatments for causes of shoulder pain may have some overlap and similarity, there may also be important differences in treatment based on the diagnosis."
1673,"Fat Burning Zone. Your target heart rate for fat burning is approximately 55 percent to 70 percent of your maximum heart rate. Multiply your MHR by 0.55 to get your lower level threshold, and multiply your MHR by 0.70 to get your upper level threshold.o, if you are 40 years old, your estimated maximum heart rate is 180. Keep in mind that this method is based on an estimated maximum heart rate. Your actual maximum heart rate may vary slightly from this number. Your target heart rate for fat burning is approximately 55 percent to 70 percent of your maximum heart rate."
1674,"“The world says: You have needs -- satisfy them. You have as much right as the rich and the mighty. Don't hesitate to satisfy your needs; indeed, expand your needs and demand more.. This is the worldly doctrine of today. And they believe that this is freedom. The result for the rich is isolation and suicide, for the poor, envy and murder.”."
1675,"The wandering albatross has the largest wingspan, at 3.4 meters. The kori bustard is the heaviest flying bird. It can weigh almost 20 kg. An extinct, vulture-like bird called the giant teratorn, Argentavis magnificens, weighed about 75 kg and had a wingspan of 8 meters!"
1676,"Soccer Center Circle. Circle in the center of the soccer field; usually 6 yard radius for U-8, 8 yard radius for U-10 & 10 yard radius for U-12 & older. On a soccer kick off, defenders must stay outside this until the soccer ball is moved by the kicker.(See “Kick Off“).Tags: soccer center circle, soccer kick-off.ircle in the center of the soccer field; usually 6 yard radius for U-8, 8 yard radius for U-10 & 10 yard radius for U-12 & older. On a soccer kick off, defenders must stay outside this until the soccer ball is moved by the kicker. (See “Kick Off“). Tags: soccer center circle, soccer kick-off."
1677,"However, more severe responses, such as panic attacks and emotional outbursts, may need to be treated with anxiolytics, medications that help calm and relax. Common Drugs (Generic Name): Ativan® (lorazepam) Buspar® (buspirone) Klonopin® (clonazepam) Serax® (oxazepam) Valium® (diazepam) Xanax® (alprazolam)"
1678,"Encarnacion. Encarnacion is located in southern Paraguay by the Parana River, which acts as a border from Argentina. Encarnacion is another great place to base your vacation in Paraguay if you intend on exploring Argentina, especially since Encarnation is linked by a bridge to the Argentinian city of Posadas."
1679,"Proteins. The proteins added to dog biscuits supply the animal with essential amino acids, improve taste, and in some cases supply energy. They are derived from a variety of sources including animal and plant. Typical plant protein ingredients found in a dog biscuit are such things as corn gluten meal and soybean meal.They are generally less expensive than animal proteins and are therefore used in greater quantities.arbohydrates. Flour is one of the most abundant ingredients in most dog biscuit recipes and provides the bulk of the carbohydrates. It is obtained by grinding corn, wheat, or rice into a powder. This powder contains the three main parts of the seeds including the bran, germ, and endosperm."
1680,"After accounting for obesity and a large array of other factors, the researchers found that increased sugar in a population’s food supply was linked to higher diabetes rates, independent of obesity rates. Their study was published Feb. 27 in PLOS ONE."
1681,"Republican. Party of Lincoln. Party of the Emancipation. Party that pushed not only black votes but black politicians during that post-bellum period known as Reconstruction. Today, it's almost the exact opposite. That migration of black voters away from the GOP reached its last phase 50 years ago this week."
1682,"Dr. Jennifer Davenport, MD, is a Cardiovascular Disease (Cardiology) specialist in Carlsbad, New Mexico. She attended and graduated from University Of Kansas School Of Medicine in 2001, having over 17 years of diverse experience, especially in Cardiovascular Disease (Cardiology). She is affiliated with many hospitals including Presbyterian Hospital."
1683,"3) is an Act of Congress that created and established the Federal Reserve System, the central banking system of the United States, and granted it the legal authority to issue Federal Reserve Notes (now commonly known as the U.S. Dollar) and Federal Reserve Bank Notes as legal tender.he Federal Reserve Act created a system of private and public entities; there were to be at least eight, and no more than 12, private regional Federal Reserve banks."
1684,"Also, do not allow the AC adapter to contact the skin or a soft surface, such. as pillows or rugs or clothing, during operation. The device an d the AC adapter comply with the user-. accessible surface temperature limits defined by the International Standard for Safety of Information. Technology Equipment (IEC 60950)."
1685,"Dell has used a 13-inch display with a very thin frame, which gives the laptop a smaller footprint than Apple's 13-inch Air and lets it weigh 2.99 pounds (the Air weighs 2.96 pounds)."
1686,"The leading industrial countries of the Europe are United Kingdom, Germany, France and Italy, while several other regions are scattered in other different European countries. A brief description of important industrial regions of Europe is given below: 1. United Kingdom: UK was the first country in the world to become highly industrialised."
1687,"Step 1: Find a Space. For an airgun range, you need plenty of room for shooting. You need at least 15 yards to have a good, safe shooting range. 10 of these will be used for the actually space.1-2 yards will be used to place the target. And you will need to have plenty of room to lay down and to place ammunition and or a gun rack. This will be the other 3-4 yards.tep 1: Find a Space. For an airgun range, you need plenty of room for shooting. You need at least 15 yards to have a good, safe shooting range. 10 of these will be used for the actually space."
1688,Meat production in the US is controlled in large part by just a handful of companies. Four companies control 83% of beef processing. Four companies control 66% of pork processing. Four companies control 58% of broiler chicken production and processing.
1689,"Rose gold is created by increasing the copper-colored alloys mixed with the gold and decreasing the silver-colored alloys. 14K rose gold contains as much pure gold as 14K yellow gold but, because of the increased copper, is slightly pinker in color. Rose gold is available in 9K, 14K and in 18K gold."
1690,the trafficking of women and children for sexual exploitation also results in a negative impact on the health and well being of victims which could be long term and ultimately life threateningfurther human trafficking prevents victims from attaining physical mental and social well beingiolence the consequences of psychological physical and sexual violence associated with trafficking and sexual exploitation include depression suicidal thoughts and attempts and physical injuries such as bruises broken bones head wounds stab wounds mouth and teeth injuries and even death
1691,Relative humidity is a measure of how much water is in a body of air relative to the amount of water that air could hold if it was saturated. Relative humidity is expressed as a percentage. When relative humidity reaches 100% it is at the dew point.
1692,"If the statistic is a percentage, this maximum margin of error can be calculated as the radius of the confidence interval for a reported percentage of 50%. Others suggest that a poll with a random sample of 1,000 people has margin of sampling error of 3% for the estimated percentage of the whole population."
1693,"Actress Says, ‘It Has Been Nice To Miss Awards Season’. Jennifer Lawrence currently holds the record as the youngest three-time Academy Awards nominee in Hollywood, but according to the film star’s latest interview, she is less than thrilled about attending the 2014 Oscars this weekend in honor of her most recent nomination."
1694,"If you're still not sure of who to call, ask around. Word of mouth referrals are often a great way to find someone who is an expert in the field. Other resources you could tap for suggestions include your local Alzheimer's Association, dementia care centers and home health care centers in your community."
1695,"Physical symptoms often accompanying social anxiety disorder include excessive blushing, excess sweating, trembling, palpitations and nausea. Stammering may be present, along with rapid speech. Panic attacks can also occur under intense fear and discomfort."
1696,"Bottom line: If you want an iPhone to use in Germany and/or Europe, buy the unlocked GSM version in the United States if you can! Note: The new iPhone 6s and the old 6, 5/5s/5c and 4s are compatible with both CDMA (Verizon, Sprint) and GSM (AT&T, T-Mobile) networks.That means you can buy an iPhone from either Verizon, Sprint, AT&T or T-Mobile that will work in Europe. Verizon’s old CDMA iPhone 4 will NOT work in Europe.ote: The new iPhone 6s and the old 6, 5/5s/5c and 4s are compatible with both CDMA (Verizon, Sprint) and GSM (AT&T, T-Mobile) networks. That means you can buy an iPhone from either Verizon, Sprint, AT&T or T-Mobile that will work in Europe. Verizon’s old CDMA iPhone 4 will NOT work in Europe."
1697,"Pregnant women and those who are breast-feeding require more as well. Most adults need 6-11 servings of carbs per day, depending on the factors listed above. The general starting point for a moderate-size woman is 45-60 grams of carbohydrates at each meal; for moderate-size men, 60-75 grams of carbs per meal.Most people with diabetes don't need to eat snacks.owever, the amount of carbohydrates you need should depend on many factors, including your size, age, activity, desire to lose weight, and food preferences. There is not a one-size-fits-all amount of carbohydrates for all women. Everyone is different and has diverse nutritional needs. Carb intake depends on:"
1698,"How does a PET scan differ from CT or MRI scans? CT and MRI scans are anatomic imaging modalities, which means that they look at the size and shape of organs and body structures. A PET scan is a metabolic imaging modality, which means it looks at cellular activity. The information collected from a PET scan is different from any other test that is available."
1699,"The cytoplasm comprises cytosol (the gel-like substance enclosed within the cell membrane) – and the organelles – the cell 's internal sub-structures. All of the contents of the cells of prokaryote organisms (such as bacteria, which lack a cell nucleus) are contained within the cytoplasm.t is within the cytoplasm that most cellular activities occur, such as many metabolic pathways including glycolysis, and processes such as cell division."
1700,"A constant tingling and numbness often resides in the face and extremities (i.e., the legs, arms, and fingers) of those with MS due to nerve cell damage to the brain and spinal column. This numbness is often linked to the fact that multiple sclerosis strikes the brain and spinal column (the body’s message center). The brain and spinal column are often sent conflicting signals or no signals at all, which will often cause numbness in the areas of the legs, arms, fingers, and face."
1701,Sometimes your skeletal system and the tissues of your skeleton can have problems. Some genetic diseases cause individuals to grow excessive large and thick bones. Acromegaly is the term used to describe a condition that affects the pituitary gland and causes an excessive amount of growth hormone to be produced.
1702,"1 A minimum of one year (12 months) of experience as an RN within the three years (36 months) prior to application, and. 2  A minimum of 1,000 hours of adult oncology nursing practice (adult care) within the two-and-one-half years (30 months) prior to application."
1703,"Separate Maintenance. Money paid by one married person to the other for support if they are no longer living as Husband and Wife. Commonly it is referred to as separate support and follows from a court order. See Alimony. SEPARATE MAINTENANCE, contracts. An allowance made by a husband to his wife for her separate support and maintenance. 2."
1704,Indicates link opens an external site and may not conform to the same accessibility policies as JetBlue.
1705,"173 people died as a result of the fires, and 414 were injured. Evans is believed to have told friends he was planning to stay on to defend his property. Evans starred in many Australian TV series, as well as major motion pictures such as Mad Max, The Island and Gallipoli."
1706,Two microorganisms account for the majority of cases of uncomplicated UTI and pyelonephritis. Approximately 80% of acute uncomplicated UTIs are caused by E. coli. Uropathogenic E. coli clones cause the majority of uncomplicated infections and consist of only a few serogroups.
1707,"The side pockets are not the only pockets on the jacket, however. Some men’s suit jackets, particularly bespoke and finer made-to-measure offerings, include a small ticket pocket above one of the side pockets, generally on the same side as the wearer’s dominant hand."
1708,"Posted December 11, 2011 11:50pm by attorney Shannon McDonald. Most oil and gas leases are made up of similar clauses, and many companies try to maintain a standard lease. This guide is the second in a series I am working on regarding oil and gas leases and law."
1709,"In order to evict you from your rental lease, your landlord must first give you adequate notice, normally in writing, that must conform to certain formalities. At this point, you have a few options. First, you can act according to the eviction notice and move out."
1710,"If you have been wondering what an earthing sheet is and how it can change your life, you should consider the following benefits of earthing. Research and observations have discovered the following benefits from Earthing: [It] 1  Defuses the cause of inflammation, and improves or eliminates the symptoms of many inflammation-related disorders. 2  Lowers stress and promotes calmness in the body by cooling down the nervous system and stress hormones."
1711,"Trial Work Period. Once you're on disability, the rules encourage you to try a return to the workforce, if you're physically able. Social Security counts a Trial Work Period, or TWP, as starting as soon as you earn $750 in a month, or work 80 hours a month as self-employed."
1712,"But as the temperature of heated plasma rises, the resistance decreases and the ohmic heating becomes less effective. It appears that the maximum plasma temperature attainable by ohmic heating in a tokamak is 20-30 million degrees Celsius."
1713,"In both cases, an appeal by the veteran of VA’s. decision will extend the wait on average to 36 months - compared to an average of 6. months as recently as 1990. Although these time frames would suggest that compensation. claims are extremely complex, the average original claim for compensation requires only."
1714,"Top 10 Bestselling 4G Smartphones in The World. The 10 Most Expensive Stocks In The world in 2016, the most expensive stock of all time. The most expensive stocks in the market: Regular earning are never enough for a human and they always need extra investment."
1715,"CostHelper readers report paying $52-$430 to unclog a sink or tub, at an average cost of $226. If there is backflow from a tub or sink, in all probability the main household sewer line is blocked. Having a plumbing company snake the household sewer line with a long cable device can cost $100-$800 or more, depending on the distance snaked, local rates and if emergency charges apply."
1716,"Adenine /ˈaedɨnɨn/ (ˈædɨnɨn, A) ade is a (nucleobase a purine) derivative with a variety of roles in biochemistry including cellular, respiration in the form of both the-energy rich adenosine (TRIPHOSPHATE) atp and the cofactors nicotinamide adenine (DINUCLEOTIDE) nad and flavin adenine (DINUCLEOTIDE). faddenine is one of the two purine nucleobases (the other being guanine) used in forming nucleotides of the nucleic acids. In DNA, adenine binds to thymine via two hydrogen bonds to assist in stabilizing the nucleic acid structures. In RNA, which is used for protein synthesis, adenine binds to uracil."
1717,"Borger, TX. Sponsored Topics. Borger is the largest city in Hutchinson County, Texas, United States. The population was 14,302 at the 2000 census. Borger is named for businessman Asa Philip Ace Borger, who also established the Hutchinson County seat of Stinnett and several other small towns in Texas and Oklahoma."
1718,ratified on august 18 1920 the 19th amendment to the u s constitution granted american women the right to vote a right known as woman suffrageat the time the u s was founded its female citizens did not share all of the same rights as men including the right to voteatified on august 18 1920 the 19th amendment to the u s constitution granted american women the right to vote a right known as woman suffrage
1719,"Mindanao (/mɪndəˈnaʊ/ min-də-NOW) is the second largest and southernmost major island in the Philippines. It is also the name of one of the three island groups in the country (the other two being Luzon and the Visayas), consisting of the island of Mindanao and smaller outlying islands.indanao is the second largest island in the Philippines at 104,630 square kilometers, and is the eighth most populous island in the world. The island of Mindanao is larger than 125 countries worldwide, including the Netherlands, Austria, Portugal, Czech Republic, Hungary, and Ireland."
1720,"The poblano (Capsicum annuum) is a mild chili pepper originating in the state of Puebla, Mexico. Dried, it is called ancho or chile ancho, from the Mexican Spanish name ancho (wide) or chile ancho (wide chile)."
1721,modem - (from a combination of MOdulate and DEModulate) electronic equipment consisting of a device used to connect computers by a telephone line. monitor - a piece of electronic equipment that keeps track of the operation of a system continuously and warns of trouble.
1722,Machine Printed Convenience Amount for checks:a. Do not use Serif font (for example; 0123456789). Allow each numberand special characters ($ and *) at least 10 points in size to be easilyseparated as in 10-point Courier font (example; 0123456789) that is afixed pitch font.
1723,"Sometimes the members of the constitutional court are appointed by the parliament or by other agencies of authority or justice; for example, in Italy an equal number of the members of the constitutional court are appointed by the president, parliament, and judiciary."
1724,"1. (Heraldry) any small crown, esp one worn by princes or peers as a mark of rank. 2. (Jewellery) a woman's jewelled circlet for the head. 3. (Veterinary Science) the margin between the skin of a horse's pastern and the horn of the hoof. 4. (Zoology) the knob at the base of a deer's antler."
1725,"Biweekly payments take advantage of the fact that there are 52 weeks in the year and 12 months. If you pay half your regular mortgage payment every other week, you'll have made 26 half-payments, or the equivalent of 13 full monthly payments, at year's end."
1726,"Bakker met 57-year-old Lori in 1998 and they tied the knot just 50 days later. 'Like Jim, Lori has a colorful past,' says a preacher friend of the couple. 'She admits in her autobiography, More Than I Could Ever Ask, that she lived a life of sexual promiscuity and drug abuse prior to meeting Jim."
1727,Principles of management of HIV infection in hemophilia 1. Knowledge and expertise in the treatment of HIV-infected people with hemophilia is currently limited to case series and reports. HIV treatment in people with hemophilia is therefore largely informed by guidelines used in the non-hemo-philia population.
1728,"From earliest dawn the house is astir as its inmates rise, walk about, and stamp their feet. We were born in the same parish, within the same park; the greatest part of our youth was passed together; inmates of the same house, sharing the same amusements, objects of the same parental care."
1729,"Civil Rights-Era Leaders: Martin Luther King Jr. Martin Luther King Jr. was undeniably the most significant individual of the civil rights movement. An iconic and tireless leader, he was also a uniter, steadfastly committed to humanity, community, and justice. Stanford’s King Institute is the Web’s best resource for researching the life and work of Dr. King."
1730,"Price points: $6,500- $12,000. As you can see it is tough to ask a broad question like how much do hot tubs cost, without knowing how wide a range of options you have. In this article we started our search with $500 blow up spas and ended with $12,000 full featured acrylic hot tubs."
1731,"I Am for an Art: Claes Oldenburg on His 1961 “Ode to Possibilities”. By Claes Oldenburg. “Apparently, it has survived,” says Claes Oldenburg about his most famous piece of writing. I Am For … was written in 1961 for the catalogue of an exhibition at Martha Jackson Gallery called Environments, Situations, Spaces. While it’s been dubbed a manifesto, Oldenburg insists it’s not."
1732,"Electrolyte: A substance that dissociates into ions in solution and acquires the capacity to conduct electricity. Sodium, potassium, chloride, calcium, and phosphate are examples of electrolytes, informally known as lytes.Electrolyte replacement is needed when a patient has prolonged vomiting or diarrhea, and as a response to strenuous athletic activity.Commercial electrolyte solutions are available, particularly for sick children (solutions such as Pedialyte) and athletes (sports drinks, such as Gatorade).lectrolyte replacement is needed when a patient has prolonged vomiting or diarrhea, and as a response to strenuous athletic activity. Commercial electrolyte solutions are available, particularly for sick children (solutions such as Pedialyte) and athletes (sports drinks, such as Gatorade)."
1733,"Subscribe to our Question of the Week: Question: What is the meaning of the Hebrew word shalom?. Answer: Commonly translated as “peace” and used as both a greeting and farewell, shalom has rich meaning in Hebrew. “Peace” is an accurate translation of the term, but shalom implies more than lack of conflict. According to Strong’s Exhaustive Concordance, shalom means “completeness"
1734,"But unlike humans, who rest best when they stick to a regular schedule, dogs are flexible sleepers: They can easily pop up when there’s action (like when there’s a mail carrier at the door) and sleep when they’re bored. Dogs also sleep less when they have more to do. Working pups, like police or farm dogs, sleep less than those that have little more to do than sit around a house all day. When To Be Concerned. While there can be a lot of variability in dogs’ sleeping habits, the one thing to keep an eye out for is a dramatic change."
1735,"the skills on my resume are based on the previous jobs and volunteer experience i've had. for example i work in retail. so customer service, organization, i train new hires so team building and training. typing is a skill but depending on what line of work you are going into, nobody will pay attention to it. if it fits your .line of work you are ..."
1736,"Operating Expenses. Operating expenses are the costs a business incurs as part of its regular business activities, not including the cost of goods sold. These costs include administrative expenses such as office supplies and salaries for administrative personnel. Commissions and advertising are examples of sales expenses."
1737,"While +44-1604230230 is Barclaycard (UK)'s #3 most popular phone number, it's not the only way to get a hold of their customer care team. You already know from reading above that +44-0870-1540154 is their best customer phone number overall, and we have put together a comparison of their undefined total ways to contact support for you to look at as well."
1738,Rise Broadband Plans and Pricing. Below we've listed some of the plans our team collected for Rise Broadband. To see more Rise Broadband deals and promotions in your area enter your zip code above.
1739,"In terms of the thickness of the hydrocarbon producing zone, the Bakken Shale averages 10-120 feet in thickness, while Eagle Ford Shale formations are 150-300 feet thick. The Permian offers formations that are 1,300-1,800 feet, which is 12 times the Bakken thickness."
1740,"By mid June, the number of Syrian refugees in Lebanon was estimated by human rights associations at 8,500, with the main concentrations in the Akkar and Tripoli areas, and the total number of Syrian refugees in all surrounding countries surpassing more than 20,000 people."
1741,The following are examples of pliers and cutter types that are used for electrical work. Combine the function of a number of types of pliers and therefore have a wide variety of uses in the electrical trade. Available in sizes from 150 to 230mm.
1742,"British army Maj. Gen. Rupert Jones, deputy commander of Combined Joint Task Force Operation Inherent Resolve, speaks to Pentagon reporters via teleconference from Baghdad to provide an update on operations to defeat the Islamic State of Iraq and Syria, Aug. 23, 2017."
1743,"Stanol esters, which are in certain margarines such as Take Control or Benecol and in pill-form supplements, are also used in combination with statin drugs. This plant-derived compound can reduce cholesterol by as much as 10% by stopping the absorption of cholesterol."
1744,"Runner-up at the 2012 Neuro Film Festival, Duchenne with a Future: The Power to Live features commentary by Kennedy Krieger's Dr. Kathryn Wagner. Under the directorship of Dr. Kathryn Wagner, the Center for Genetic Muscle Disorders serves an important need within the muscle disorders community."
1745,"THe hawthorns Golf and country club. The Hawthorns Golf & Country Club is a premier, family-oriented, full service private country club with an 18 hole Arthur Hills designed championship golf course, fitness center with a half size basketball court, six outdoor tennis courts, outdoor heated Jr."
1746,"If you've already submitted your passport application, you can Find your Application Status. Your Passport Forms Use our passport Form Finder to make sure you're using the right form."
1747,"If you do okay with yogurt and nuts, then that is another possibility, however many people with Candida do not tolerate nuts very well. For many, Candida will feed on nuts. Personally, I can’t eat yogurt or nuts unless I have first eaten meat and vegetables. If I eat yogurt or nuts alone, it will feed my Candida and give me a migraine. If I eat them after a meal of meat protein and vegetables, and keep the proportion low, then I do okay. However, yogurt contains lactose, which is milk sugar that can feed yeast if too much is eaten, so it needs to be regulated."
1748,"So, with this information we can proceed to defining Competency: 1  A set of individual performance behaviors which are observable, measurable and critical to successful individual and company performance. 2  Individual characteristics of a person which result in an effective and superior performance in a job."
1749,Isolated severe thunderstorms with a potential for large hail and wind damage are possible today across parts of the southern Plains into the northern Ozarks. Marginally severe thunderstorms with strong wind gusts and hail are also possible from the Ohio Valley into the central and northern Appalachians. Read More >.
1750,Milk also contains most other minerals found in the body. Calcium and phosphorous are the. found in milk. These minerals are required in large quantities by the rapidly growing neonate for bone growth and development of soft tissues. Calcium and phosphorous mostly are associated with the casein micelle structure.
1751,"Weather in South Beach in December. The average maximum daytime temperature in South Beach in December is a warm 24°C (75°F). There are usually 7 hours of bright sunshine each day, which represents 66% of the 10 hours of daylight. The average sea temperature in and around South Beach in December is 23°C (73°F)."
1752,"SearchSecurity. 1  Web application firewall (WAF) A Web application firewall (WAF) is a firewall that monitors, filters or blocks traffic to and from a Web application. 2  MD5 The MD5 hashing algorithm is a one-way cryptographic function that accepts a message of any length as input and returns as output..."
1753,"In most cases, emergency CBCs are reported back in less than an hour. Results of routine CBCs for hospital in-patients are made available in three to six hours. Majority of specimens handled at RML are for outpatient services and are usually shipped to a central location."
1754,You only own a leasehold property for a fixed period of time. You’ll have a legal agreement with the landlord (sometimes known as the ‘freeholder’) called a ‘lease’. This tells you how many years you’ll own the property. Ownership of the property returns to the landlord when the lease comes to an end. Most flats are leasehold.
1755,"In order to understand puberty, it is important to know about the hormones that are responsible for puberty, as well as the female and male reproductive organs that are affected by these hormones. Two areas of the brain produce the hormones that are needed for puberty: the hypothalamus and the pituitary gland.hey are located in the scrotum at the base of the penis. When the hormones that signal the beginning of puberty reach the testes, boys begin to produce testosterone and sperm. Testosterone is a hormone responsible for most of the changes a boy’s body goes through during puberty."
1756,"What element is found in all organic molecules? A: Every organic molecule contains carbon. The different classifications of organic compounds are determined by the number of carbon atoms within the compound, the type of bonds they form with one another, and the type of bonds they form with other elements. Continue Reading."
1757,The city is divided into various zones called sectors. Almost all the place of Ghaziabad are on the path of high development with a tremendous scope for the real estate businessmen. Pin codes from the India post vary when it comes to some pleace of Ghaziabad. The pin code of Sector 1 Vaishali is 201010.
1758,"Instructions. Open your document in Word 2007. Click the Show/Hide Formatting button in the Paragraph box of the Home tab. Alternatively, type CTRL, Shift and *, the character over over the 8 key. Click the View tab.Click the Draft button in the Document Views box.Locate the page break in your document.Word denotes the break with Page Break written in small letters, with straight lines in front of the text and behind it.lternatively, type CTRL, Shift and *, the character over over the 8 key. Click the View tab. Click the Draft button in the Document Views box. Locate the page break in your document. Word denotes the break with Page Break written in small letters, with straight lines in front of the text and behind it."
1759,"For the agile software development community, agility is defined by the values expressed in the agile manifesto. But in concrete terms, what does it mean for a software project to be agile? US Air Force Colonel John Boyd defined agility as the ability to operate the Observation-Orientation-Decision-Action (OODA) loop faster than an adversary."
1760,But a surprising number of upstanding citizens who have done nothing more insidious than take their prescription medicine “as directed” suffer severe symptoms of withdrawal when they stop their medication suddenly.
1761,"Solving the world's problems. . . one answer at a time. Gold is measured in troy ounces. One troy ounce is exactly 31.1034768 grams. This makes the troy ounce larger than the avoirdupois ounce, which has a mass of 28.35 grams.any professionals and websites don't even specify the troy p … art of the term. However, when we say an ounce of gold, we mean a troy ounce. A troy ounce comprises 31.1 grams (unlike a conventional ounce, which is 28.35 grams) and 20 pennyweights."
1762,"Its southern half is level coastal prairie, and the northern half touches the rolling East Texas qv timberlands. Central Harris County is fifty-five feet above sea level. The land rises gradually to more than 200 feet on the northern borders, while the smallish bluffs around upper Galveston Bay descend to sea level."
1763,"Section 6.3 Viruses: Structure, Function, and Uses. A virus is a small parasite that cannot reproduce by itself. Once it infects a susceptible cell, however, a virus can direct the cell machinery to produce more viruses. Most viruses have either RNA or DNA as their genetic material.The nucleic acid may be single-or double-stranded.hat are central to the life cycle of a virus are the types of nucleic acids formed during its replication and the pathway by which mRNA is produced. The relation between the viral mRNA and the nucleic acid of the infectious particle is the basis of a simple means of classifying viruses."
1764,"In Canada, primary school (also referred to as elementary school) usually begins at ages three or four, starting with either Kindergarten or Grade 1 and lasts until age 13 or 14. Many places in Canada have a split between primary and elementary schools."
1765,Table 1 displays the recommended oral dosage of TAMIFLU for prophylaxis of influenza in pediatric patients 1 year to 12 years of age based on body weight and provides information about prescribing the capsule or the formulation for oral suspension. Prophylaxis in pediatric patients is recommended for 10 days following close
1766,"Some U.S. states require their vendors to retain additional documentation in addition to a copy of the tax exemption card. For example, certain states require foreign missions and their members to complete a streamlined sales tax agreement exemption certificate. OFM has compiled relevant state guidance on its website at http://www.state.gov/ofm/tax/sales/c63020.htm."
1767,"A preventative dosage would be 1 gram of lysine three times a day to prevent recurrence of herpes, cancer or osteoporosis. The pediatric dosage of lysine for children 2 to 12 years of age is 10 milligrams for every pound of body weight. So if the child is 50 pounds, the dosage is 500 milligrams, or a half gram per day."
1768,"Loan approval is subject to credit approval and program guidelines. Not all loan programs are available in all states for all loan amounts. Interest rates and program terms are subject to. change without notice. Visit usbank.com to learn more about U.S. Bank products and services. Mortgage, Home Equity and Credi t products are offered by U.S. Bank National Association."
1769,"During 1997–2006, hospitalization rates for children and adolescents with a diagnosis of hypertension doubled, from approximately 18 cases per 100,000 pediatric hospital discharges in 1997 to approximately 35 cases per 100,000 in 2006 (5)."
1770,"The death benefit will be disbursed via check, Safe Access Account (not available for John Hancock New York), or electronic funds transfer (depending on the amount and your preference). The disbursement will include interest."
1771,"Meat, fish, dairy and grain groups all contain high-producing acidic foods. The following are some meat products to avoid to prevent tendinitis: corned beef, liver, sausage, lunch meat, rump steak, salami, pastrami and veal. Fish to avoid are trout, cod, herring and haddock."
1772,"It can be slightly easier to correct an improper terminal disclaimer before issuance. Typographical errors, such as incorrect patent numbers, can be corrected by filing a replacement terminal disclaimer before the patent application issues.[14] Other errors can be corrected by filing a petition under 37 C.F.R. § 1.182."
1773,Similar products: Peace Lily | Peace Lily Plant | Plants | At Peace | Peace Plant | House Plants | Urn | Urn Arrangement | At Peace Bouquet | Touched By Peace Lily Plant.
1774,"Michael Jahr is vice president of outreach and special projects at WPRI. Jahr is an experienced communications strategist who uses storytelling and networking to build movements, inform public opinion and improve lives. From 2012 to 2015, he served as communications director at The Kern Family Foundation."
1775,"DNA is made of nucleotides which are made of nitrogenous bases, sugar and a phosphate group. The nitrogenous bases in DNA are adenine, thymine, guanine and cystosine (abbreviated A,T,G,C).In RNA, uracil (U) replaces the thymine. In DNA, A & T always bond while G & C always bond.In RNA substitute the U for the T and the result is that A & U bond. The sugar in DNA is deoxyribose and in RNA is ribose.Given the bases you list, the matching bases would be GATCCA; however the bases only come in groups of 4.n RNA, uracil (U) replaces the thymine. In DNA, A & T always bond while G & C always bond. In RNA substitute the U for the T and the result is that A & U bond. The sugar in DNA is deoxyribose and in RNA is ribose. Given the bases you list, the matching bases would be GATCCA; however the bases only come in groups of 4."
1776,"Moradabad city is governed by Municipal Corporation and is situated in Uttar Pradesh State/UT. As per provisional reports of Census India, population of Moradabad in 2011 is 887,871; of which male and female are 464,580 and 423,291 respectively."
1777,"A form of apparatus often used for testing specimens of steel consists of a small electric furnace in which to heat the specimen, and a special thermo-couple pyrometer (see  Pyrometers ) for indicating the range of temperatures through which the steel passes."
1778,"The 2016 Toyota Corolla is a five-passenger compact sedan available in four main trim levels: L, LE, LE Eco and S. All but the L are further offered in Plus and Premium sub-trims. There's also a limited-production S Special Edition that slots in between the S Plus and Premium models. Standard fe..."
1779,"If you are currently a Walmart associate with a question about receiving your W-2 form, contact the payroll department at (479) 273-4323. If you need to change your address for Walmart stock, call 1-800-438-6278. For Profit Sharing/401k questions, call 1-888-968-4015."
1780,"Security's dedication to providing only the most comprehensive title insurance services has been the cornerstone of its sustained growth over the years. Since 1996, Security Title has offered title insurance and title-related services to builders, lenders and real estate professionals in the St. Louis metropolitan area. A home is one of the biggest investments many people make."
1781,"A: Derry Area Federal Credit Union employs approximately 3 people at this location. Q: How much does Derry Area Federal Credit Union in Derry, PA make in annual revenue? A: The company generates an estimated $302,660 USD in annual sales."
1782,The Barcol Impressor meets the following ASTM (American Society for Testing and Materials) standards: E140-97; D2583-75; B648-78: E140-97 Standard Hardness Conversion Tables for Metals; D2583-75 Standard Method of Testing for Indentation Hardness of Plastics by means of a Barcol Impressor; B648-78 Standard Method of Testing for Indentation Harness of Aluminum Alloys by means of a Barcol Impressor.
1783,"Quick Gnocchi. Make tender, delicious gnocchi using instant mashed potatoes to slash prep time. Blend egg, salt, pepper, flour and mashed potatoes into a dough, cut into bite-size pieces and cook in boiling water. Serve with the sauce of your choice.ake tender, delicious gnocchi using instant mashed potatoes to slash prep time. Blend egg, salt, pepper, flour and mashed potatoes into a dough, cut into bite-size pieces and cook in boiling water."
1784,"Is James Arness that played Matt Dillon of the tv show Gunsmoke still alive Yes, actor James Arness is still alive at 85 years old."
1785,"Kalispell Brewing Company is defined as a 10 barrel craft brewery. Brew houses are classified by the batch size they produce. When we brew each beer, we make 10 barrels of it. There are 31 gallons in one barrel of beer, so when we make Rope Tow Pale Ale or Winter at Noon Dunkel, we’re brewing 310 gallons of each. In comparison, Montana’s largest brewery, Big Sky Brewing Company, is currently expanding its existing 37 barrel system to a 60 barrel system. Big Sky is considered a regional brewery, which is a category of the craft beer industry defined by an annual production of 15,000 to 6,000,000 barrels."
1786,"With low energy prices, the U.S. shale revolution is unaffordable. In contrast with producing conventional oil and gas in the Middle East, the cost of producing shale gas and light tight oil in the United States is simply unsustainable."
1787,"Brain Tumors. A diagnostic test, such as an MRI or CAT scan, can determine whether or not your dog has an abnormal growth on the brain. Brain tumors, especially those in the cerebrum, can be a common reason for seizures in older dogs, but they are rarely the cause of seizures in younger dogs. The highest incidence is found among the short-nosed breeds such as the Pug, Boxer, Bulldog, and Boston Terrier. Tick-induced Diseases."
1788,"In order to meet your minimum carbohydrate requirements, you must first know what foods contain carbohydrate. Because carbohydrates are found in most plant-based foods, whole grains, starches, fruits and vegetables are all excellent sources of this essential nutrient."
1789,"Contact Dr. Grossman. New Patients Call to schedule a new patient appointment with Dr. Grossman. Get Phone Number. Existing Patients Call to schedule or change your appointment with Dr. Grossman. Get Phone Number. Other Inquiries Call for information including fax number, directions, lab results."
1790,"The games are held every four years in staggered summer and winter events consistent with the current Olympic Games format. The first summer version was held in Singapore from 14 to 26 August 2010 while the first winter version was held in Innsbruck, Austria from 13 to 22 January 2012.he scale of the Youth Olympic Games is smaller than that of the Olympics, which is intentional and allows for smaller cities to host an Olympic event."
1791,"About the Merle Labradoodle. Merling is a color and a gene that carries a multi-color pattern in the coat, along with this trait a merles can have blue eyes. This to me is the most beautiful trait to have. I have always been in love with the merle gene that is carried in many breeds."
1792,"Mitral valve regurgitation means that one of the valves in your heart-the mitral valve-is letting blood leak backward into the heart. Heart valves work like one-way gates, helping blood flow in one direction between heart chambers or in and out of the heart. The mitral valve is on the left side of your heart."
1793,DVDs Release Dates is the best source to find out when does John Wick: Chapter 3 come out on DVD and Blu-ray. Dates do change so check back often as the release approaches. Disclaimer | Privacy Policy | Copyright (c) 2018 www.dvdsreleasedates.com This product uses the TMDb API but is not endorsed or certified by TMDb
1794,Place flour in a pile in the center of a large cutting board or counter top and make a well in the center of the flour. Crack the eggs into the center of the well and add the olive oil and salt. (see my flavored pasta link below to add delicious natural flavors to this step). Take a fork and begin to beat the eggs and other ingredients right in the center of the well.
1795,"Once again, this is very important and is almost always asked on the written exam. Remember: 1  With the service brake depressed, the air loss rate should be less than 3 psi in 1 minute for single vehicles.  With the service brake depressed, the air loss rate should be less than 4 psi in 1 minute for combination vehicles."
1796,How long does it take to get a tax refund if you efile? Between 8-15 days if you select direct deposit into a bank account or about 4 weeks if you choose to receive an IRS check.
1797,below you can find map of oxon hill or look up other zip codes in maryland or other us states if oxon hill s zip code is duplicated and other places have same zip code number you can use our zip code searcher by number 20745
1798,"Average Engineer Salaries. The average salary for engineer jobs is $66,000. Average engineer salaries can vary greatly due to company, location, industry, experience and benefits. This salary was calculated using the average salary for all jobs with the term engineer anywhere in the job listing."
1799,"These Were My Results – 16 lbs of Muscle In Just 1 Month. 1  Week One: 2  On Day 7: 3  Week Two: 4  Week Three: 5  Week Four: 6  I couldn’t be any happier with the results. I gained 16 lbs of muscle in 4 weeks . No Special Diet, No Intense Exercise. 7  I gained 16 lbs of muscle in 4 weeks. No Special Diet, No Intense Exercise."
1800,Last Name History & Meaning Last Name History & Meaning; Name Popularity Tracker Name Popularity Tracker; Celebrity Names Celebrity Names; Search for Names by Trait Search for Names by Trait; Browse First Names A-Z Browse First Names A-Z; Browse Last Names A-Z Browse Last Names A-Z; Browse First Names by Origin Browse First Names by Origin; Browse Last Names by Origin Browse Last Names by Origin; Baby Name Lists Baby Name Lists; How to Choose a Name How to Choose a Name
1801,"She is suffering from Vertigo from 2 years and usually experiences all the symptoms such as pain in the ear, dizziness, loss of energy. I am having pressure on top of my head and at the back of my head, sensitivity to light, sensitivity to sound, fullness in the ear, mild ear pain, of late nasal congestion. I had swelling in my lymph nodes under my left jaw, this is the bad side, I had pain in the jaw and sinuses as well during that time."
1802,"Emerald ash borer adults are very small, metallic green beetles. They are about the size of a cooked grain of rice: only 3/8 - 1/2 inch long and 1/16 inch wide.Adult emerald ash borers emerge from beneath the bark of ash trees late May through mid-July.he pupae, like the larvae, cannot be seen unless bark is pulled away from the tree. EAB Look-Alikes. There are many metallic green insects that are common in Wisconsin and often mistaken for EAB. For more information on these look-alikes please visit the University of Wisconsin-Madison's emerald ash borer webpage."
1803,About Concrete Etch. Prepare bare concrete for coating or staining with Rust-Oleum® EPOXYSHIELD® Concrete Etch. This citric-acid-based formula is easy and safe to use—indoors or out—and will open up tiny pores within the concrete to allow for maximum penetration and adhesion. Best solution for water-borne coatings.
1804,"To those few who were fortunate to escape and tell their story, it was mass murder. Bodies litter the ground after the mass suicide of Jones's followers. History remembers it as the Jonestown Massacre - and, excluding acts of war and natural disasters, it was the biggest single loss of life in modern times."
1805,"1 is still acceptable. 2  Italicize book and journal titles, but not article titles. 3  APA's capitalization rules for titles can be confusing! 4  In the reference list, capitalize the first letter of every main word of a journal, magazine or newspaper title."
1806,"The joy of sax: the 10 best orchestral saxophones. To mark the bicentenary of the birth of its inventor, Adolph Sax - surely the most famous musical-instrument maker Belgium has ever produced - we present 10 of his instrument’s finest classical moments. Tom Service. Wednesday 5 November 2014 02.00 EST Last modified on Tuesday 18 April 2017 11.20 EDT."
1807,"During early pregnancy, it is not uncommon for a woman to have bleeding or spotting. This bleeding can sometimes be mistaken for a period. Twenty to twenty-five percent of women have bleeding or spotting during pregnancy. The bleeding is generally not as heavy a regular period. However, if a woman did not know that she was pregnant, she may assume the bleeding was just a light period."
1808,"The botanical gardens, lawns and extensive natural bushland of Kings Park in Perth form a peaceful green oasis right in the very centre of the city. At 4.06km2, it's the world's biggest inner city park. Kings Park occupies Mount Eliza, one of the highest points in Perth's mostly flat landscape. It soars high above the Swan River and the Perth skyline, with panoramic views to the east from the edge of a steep escarpment."
1809,"Dragonflies in their aquatic stage eat many kinds of small animals: aquatic insects, tadpoles, small fish, and other invertebrates. Adult dragonflies eat flying insects, especially mosquitoes and other true flies, but also aphids, smaller dragonflies, damselflies, and just about any other insects they can grab."
1810,"The Assembly then delivers God’s Message through the Messenger, whereafter it is transcribed and made available to you and to all people. In this remarkable process, the Voice of Revelation is speaking anew. The Word and the Sound are in the world."
1811,"1 Certain genetic disorders, such as Down syndrome, are associated with an increased risk of leukemia. 2  Exposure to certain chemicals. 3  Exposure to certain chemicals, such as benzene — which is found in gasoline and is used by the chemical industry — also is linked to an increased risk of some kinds of leukemia. 4  Smoking. Previous cancer treatment. 2  People who've had certain types of chemotherapy and radiation therapy for other cancers have an increased risk of developing certain types of leukemia. 3  Genetic disorders. 4  Genetic abnormalities seem to play a role in the development of leukemia."
1812,"Bacteremia is an infection of the blood however it should not be confused with blood poisoning. Bacteremia however is an infection which occurs before the occurrence of sepsis. However if the problem is diagnosed, with the appropriate steps, sepsis can be prevented from occurring."
1813,"It’s the most wonderful time of the year! Dig into the true etymological meaning of Christmas, plus five more festive word treats to mull over. Read more These are not the words you are looking for: Collins’ Guide to Star Wars terminology"
1814,"High Speed Internet service. Enjoy blazing-fast Chula Vista Internet for streaming movies, downloading music—no matter how you use the Internet, we have the perfect High Speed Internet package for you. View Internet offers"
1815,"last modified October 04, 2017. http://classroom.synonym.com/can-i-join-the-army-with-a-felony-on-my-record-13583227.html Copy Citation Note: Depending on which text editor you're pasting into, you might have to add the italics to the site name."
1816,"Pour a cup of Dawn liquid dish detergent into the toilet bowl and let it sit for 15 minutes. After 15 minutes, pour a bucket of hot water from waist height into the toilet bowl to clear it out. 4. CLEAN YOUR WINDOWS."
1817,Public Transportation from Los Angeles International Airport (LAX) to the Disneyland Resort. Disneyland Resort Express. The Disneyland Resort Express provides the most convenient mode of transportation between LAX and the Disneyland Resort area — including Disneyland Resort and Anaheim Resort hotels.
1818,"Guide to Dallas weather in March. The average maximum daytime temperature in Dallas in March is a comfortable 20°C (68°F). The average night-time temperature is usually a cool 8°C (46°F). There are usually 7 hours of bright sunshine each day, which represents 60% of the 12 hours of daylight."
1819,"Substantial evidence means more than a mere scintilla. Richardson v. Perales, 402 U.S. 389, 401 (1971). [w]here there is such relevant evidence as reasonable minds might accept as adequate to support a conclusion even if it is possible to draw two inconsistent conclusions from the evidence. Landes v. Royal, 833 F.2d 1365, 1371 (9th Cir. 1987).'Substantial' evidence is not synonymous with 'any' evidence."
1820,"I first took my cockatiel in, the one who acted like he had fleas. The vet said it was classic symptoms of Giardia. He ran a fecal trichrome on both of our cockatiels, Rosco and his cagemate, Clyde, and they came back positive. We then ran tests on Petie and Tony, and they came back negative."
1821,"Darius Rucker was born on May 13, 1966 in Charleston, South Carolina, USA as Darius Carlos Rucker. He has been married to Beth Leonard since December 9, 2000. They have two children."
1822,"A plant is any one of the vast number of organisms within the biological kingdom Plantae; in general, these species are considered of limited motility and generally manufacture their own food. They include a host of familiar organisms including trees, forbs, shrubs, grasses, vines, ferns, and mosses."
1823,"Using the concept of z scores, we can restate Chebyshev's Theorem to say that for any population or sample, the proportion of all observations, whose z score has an absolute value less than or equal to k, is no less than (1 - (1 / k2))."
1824,"1933: Michigan recognized as National Champion. UM recognized by: Billingsley, Boand, College Football Research Association, Dickinson, Helms, Houlgate, Football Research, National Championship Foundation, Parke Davis (tie with Princeton), Poling."
1825,"If you think your pet has ingested a poisonous substance, Call your veterinarian! They are the best source of help and advice for you! This is Not a complete list!For further help-National Poison Control Center - 1-800-222-1222. If your veterinarian wants to see your pet, the following instructions may be helpful. 1  Transport the pet to the veterinarian as soon as possible."
1826,"Fun Facts about the name Joor How unique is the name Joor? Out of 5,838,786 records in the U.S. Social Security Administration public data, the first name Joor was not present."
1827,Signs and Symptoms. Symptoms of botulism begin between 3 to 30 days after an infant ingests the spores. Constipation is often the first sign of botulism that parents notice (although there are many other causes of constipation). Call your doctor if your baby hasn't had a bowel movement in 3 days.
1828,"If so, you’re probably not alone. According to CBS News, the average Verizon phone bill surged to a level never seen before late last year – $148 per customer, per month. In case you don’t want to do the math, that’s a whopping of $1,776 per year."
1829,"(dē'sat-yū-rā'shŭn), 1. The act, or the result of the act, of making something less completely saturated; more specifically, the percentage of total binding sites remaining unfilled; for example, when hemoglobin is 70% saturated with oxygen and nothing else, its desaturation is 30%. Compare: saturation (5). 2."
1830,"Unlock more access to Hoover’s! 1  Build customized email lists 24/7, based on your best customer profile. 2  Learn more about the companies you want to sell to. Hoover’s has reports on 85+ million companies and 900 industries. 65,000 data points are updated each day."
1831,Answer by Mandyjb. Confidence votes 58. An Amphibian is a group of animals that are born and live in water when they are young (larvae) and live mostly on land which is near a water source when they are adults. Modern Amphibians are actually active in water AND land.onfidence votes 58. An Amphibian is a group of animals that are born and live in water when they are young (larvae) and live mostly on land which is near a water source when they are adults.
1832,"The largest standing and tallest Egyptian obelisk is the Lateran Obelisk in the square in front of the Lateran Basilica in Rome at 105.6 feet (32.2 m) tall and a weight of 455 tons. Not all the Egyptian obelisks in the Roman Empire were set up at Rome. number of obelisks were carved in the ancient Axumite Kingdom of today northern Ethiopia. Together with (21 m high) King Ezana's Stele, the last erected one and the only unbroken, the most famous example of axumite obelisk is the so-called (24 m high) Obelisk of Axum."
1833,"Gaffs are used when the weight of the fish exceeds the breaking point of the fishing line or the fishing pole. A gaff cannot be used if it is intended to release the fish unharmed after capture, unless the fish is skilfully gaffed in the lip, jaw, or lower gill using a thin gaff hook.A flying gaff is a specialized type of gaff used for securing and controlling very large fish.The hook part of the gaff (the head) detaches when sufficient force is used, somewhat like a harpoon's dart. The head is secured to the boat with a length of heavy rope or cable. gaff cannot be used if it is intended to release the fish unharmed after capture, unless the fish is skilfully gaffed in the lip, jaw, or lower gill using a thin gaff hook. A flying gaff is a specialized type of gaff used for securing and controlling very large fish."
1834,"No one knows for sure how many species of fungi there are on our planet at this point in time, but what is known is that at least 99,000 species of fungi have been described, and new species are described at the rate of approximately 1200 per year (Blackwell 2011; Kirk et al.2008).o one knows for sure how many species of fungi there are on our planet at this point in time, but what is known is that at least 99,000 species of fungi have been described, and new species are described at the rate of approximately 1200 per year (Blackwell 2011; Kirk et al. 2008)."
1835,"Steps. 1  1. Prepare your package. Pack and seal your object(s) within an appropriately-sized, plain cardboard box or container. 2  2. Create a UPS label. You can acquire a UPS label by logging on to the company's website or by visiting a local UPS store, drop box location or customer center. 3  3. Attach the completed UPS label to your sealed package."
1836,"Despite modern contraception, better provision of sex education, and greater scientific knowledge about human reproduction, a number of factors combine to place women today at just as great a risk of unplanned pregnancy (if not a greater risk) than women of our mothers or grandmothers generations."
1837,"And you’re not as useless as you think’: Jordan Peterson. Photograph: Phil Fisk for the Observer I t is uncomfortable to be told to get in touch with your inner psychopath, that life is a catastrophe and that the aim of living is not to be happy."
1838,"Add in $500 to $2000 for appliances and furnishing depending on desires. Add in $2000 for cost overruns and other unexpected expenses. So for a barebones build with nothing fancy, your looking at $10-$15k. I’m sure I left some important stuff out, this is just a basic parts list."
1839,"Prostate cancer can cause higher amounts of PSA to leak out of the prostate into the blood. Tell your doctor if you take any medications to treat an enlarged prostate. Certain prostate medications, such as finasteride (Proscar) and dutasteride (Avodart), can affect PSA test results."
1840,Hyperbaric medicine is also used in the treatment of gas embolisms in the blood. An embolism is a gas bubble that can become fatal to the patient if it ends up in the wrong place. Time in a hyperbaric chamber will force the bubble to break up and dissolve so that it can be expressed by the body.
1841,"OneDrive on any device, anytime. When you save your files to OneDrive, you can access them from all your favorite devices, including PCs, Macs, tablets, and mobile phones. Sign in Sign up Get your referral bonus Go to my OneDrive. Get 15 GB for free."
1842,"Misdiagnosis and Centriacinar Emphysema. Sinusitis is overdiagnosed: There is a tendency to give a diagnosis of sinusitis, when the condition is really a harmless complication of another infection, such as a common cold....read more »."
1843,Experts reveal the SIX words women hate the most - with 'moist' topping the list of cringe-inducing phrases. Research by underwear company Knix Wear has confirmed that 'moist' is just one of six words women find almost impossible to tolerate.
1844,"Hives, also known as urticaria, usually starts as an itchy patch of skin that turns into swollen red welts. It can be set off by many substances or situations. The itching may be mild to severe. Scratching, alcoholic beverages, exercise and emotional stress may worsen the itching."
1845,"The number of episodes of Naruto in each season varied but there were 220 episodes made, split over 5 seasons. In addition, there have been 3 movies released, all of which a…re available on DVD."
1846,"When the operator gene is turned on, the enzyme moves over the operator gene to reach the structural genes and the transcription of mRNA starts. 2. The base sequence of promoter gene determines which DNA strand acts as a template for mRNA transcription."
1847,"The Muscle-Up. The muscle-up is a skill that is essentially a pull-up followed by a dip. It is used to take yourself from below a sets of rings or bar to above a set of rings or bar.Many can do a pull-up, and many can do a dip, but transitioning between the two takes a certain level of strength and coordination.he use of steps or the ground can help the muscle-up by allowing one to assist with the legs and jump off the ground. If you have a set of steps then simply use lower and lower steps as you get stronger."
1848,"The streams coming together to create the River Jordan in its upper basin are, west to east: 1  Iyyon (Hebrew: עיון Iyyon, Arabic: دردره Dardara or براغيث Braghith – on old PEF maps (1871–77) as Wadi el-Kharrar in the Merj 'Ayun area and Nahr Bareighit in its lower part), a stream which flows from Lebanon."
1849,Or you can call our toll-free number and ask for . Your Ticket to Work (Publication . No. 05-10061). You can also visit the Ticket to Work website at . www.socialsecurity.gov/work. for more information. Social Security work incentives at a glance (The SSI program rules begin on page . 6.) Trial work period — The trial work
1850,"viola1. 1  a four-stringed musical instrument of the violin family, slightly larger than the violin; a tenor or alto violin. 2  a labial organ stop of eight-foot or four-foot pitch, giving tones of a penetrating stringlike quality."
1851,"Definition: The Common Core State Standards is a set of learning standards that provide a clear and consistent understanding of what students are expected to learn throughout the school year.he standards are designed to provide teachers with a guideline of what skills and knowledge students need, so that they can prepare students for future success. Alternate Spellings: Common Core, Common Core Standards, Common Core Learning Standards."
1852,"787 pages on this wiki. Mark Andrew Spitz (born February 10, 1950) is a retired American swimmer. He won seven gold medals at the 1972 Summer Olympics, an achievement only surpassed by Michael Phelps who won eight golds at the 2008 Olympics.Spitz set new world records in all seven events in which he competed, a record that still stands.87 pages on this wiki. Mark Andrew Spitz (born February 10, 1950) is a retired American swimmer. He won seven gold medals at the 1972 Summer Olympics, an achievement only surpassed by Michael Phelps who won eight golds at the 2008 Olympics."
1853,In the ‘Search and Export’ page you need to create a ‘New Item’. In the new item page you will now see the DLP templates that we mentioned earlier. For this test we are going to select U.K. Financial Data as that is the data we copied earlier for the credit cards.
1854,"Microsoft Dynamics CRM for Investment Banking. Deals. Obtain a true 360 view of your deals with views into external and internal deal teams, financials, and potential buyers. Consolidated activity tracking ensures all team members stay informed and can easily work together."
1855,"A Flathead is an engine in which the valve is in the block, not in the head, in what is called an 'L' configuration or layout. It is one of the earliest valve configurations for the internal combustion engine and was favored at the inception of such devices for its simplicity and lower manufacturing cost."
1856,"The dose of this medicine will be different for different patients. Follow your doctor's orders or the directions on the label. The following information includes only the average doses of this medicine. If your dose is different, do not change it unless your doctor tells you to do so."
1857,"If, as an employer, you offer a benefit plan to full-time employees, limiting the number of hours an employee works can lessen your employee-related expenses. 1  1. Write a company policy -- if you do not already have one in place -- stating that benefits are only available for full-time employees."
1858,Devolution is the. a. passing of authority from the national government to the state and local levels. b. expansion of national authority that began in the 1930s. c. contraction of state authority and the expansion of local government authority.
1859,"You are here: PeaceHealth Home ︎ PeaceHealth Medical Group ︎ Medical Care in Whatcom County, Washington ︎ Primary Care ︎ Center for Senior Health ︎ Meet Our Team Center for Senior Health"
1860,A jumbo loan provides financing for loan amounts higher than the maximum conforming limits set by Fannie Mae and Freddie Mac. A conforming first mortgage plus a home equity line of credit may provide greater payment flexibility.
1861,"A fatty streak is the first grossly visible (visible to the naked eye) lesion in the development of atherosclerosis.It appears as an irregular yellow-white discoloration on the luminal surface of an artery.atty streaks may also include T cells, aggregated platelets, and smooth muscle cells. It is the precursor lesion of atheromas that may become atheromatous plaques. Almost all children older than 10 in developed countries have fatty streaks, with coronary fatty streaks beginning in adolescence."
1862,"First the pork chops are dipped in a mixture of milk and egg, then they are coated with corn bread stuffing mix. The chops are baked at 425 degrees F for 20 minutes or until the chops reach an internal temperature of 145 degrees F. Allow chops to stand for 3 minutes at room temperature before serving."
1863,"The undesirable component, with the opposite polarization, is called the crosspolarization component. The mix of copolarization and crosspolarization components determine the quality of CP and correlates with the axial ratio. More details can be found in [2]."
1864,What does the name Estefani mean? We have received lots of suggestion from our website users on baby names. We are thankful for all the contribution on meaning of girl name Estefani. What does the name Estefani mean in other origin if you know then please suggest. Further suggestion or detail on what is the meaning of name Estefani. History of name and famous personality with Estefani will help to update our database and other website users.
1865,Anand Krishnan Retweeted. Mohandas Menon ‏@mohanstatsman Dec 19. Karun Nair 303* in 381 balls 1st 100 in 185 balls (S/r 54.05) 2nd 100 in 121 balls (S/r 82.64) 3rd 100 in 75 balls (S/r 133.33) #IndvEng. 10 replies 196 retweets 337 likes.
1866,"Making certain lifestyle changes and incorporating certain practices into a healthy regimen can help treat, reduce and prevent lymphedema. Regular detoxification of the body by way of Epsom salt baths removes destructive toxins from the body that may be contributing to swelling."
1867,"Why I won’t be participating in Take Our Daughters and Sons to Work Day. Be the first to know about new stories from PowerPost. Sign up to follow, and we’ll e-mail you free updates as they’re published. You’ll receive free e-mail news updates each time a new story is published."
1868,"Latin America and the Caribbean. Ouro Preto (Portuguese pronunciation: [ˈoɾu ˈpɾetu], Black Gold) is a city in the state of Minas Gerais, Brazil, a former colonial mining town located in the Serra do Espinhaço mountains and designated a World Heritage Site by UNESCO because of its outstanding Baroque architecture."
1869,Your doctor may decrease your dose if you experience side effects. Tell your doctor if you feel that your pain is not controlled or if you experience side effects during your treatment with hydromorphone. Do not change the dose of your medication without talking to your doctor.
1870,"Let’s go back to the apple example mentioned earlier to elaborate. An apple is a favorite example to illustrate a one joule of work when using the definition given earlier (i.e., the amount of work done ….) because an apple weighs approximately one Newton. Thus, you’d have to exert a one Newton upward force to counteract its one Newton weight."
1871,"A managing director is someone who is responsible for the daily operations of a company, organization, or corporate division.A managing director may also be called a chief executive officer.. A managing director is responsible for leading teams to meet the company's goals.A company may have several managing directors in charge of various semi-autonomous business units. managing director is someone who is responsible for the daily operations of a company, organization, or corporate division."
1872,"He had two daughters from his first marriage, and four daughters and a son from his second marriage. The children all survive him, as does his third wife, Dotti. · Christian Rudolph 'Buddy' Ebsen, actor and dancer, born April 2 1908; died July 6 2003."
1873,"After a year, the longer term effects of sitting can start to manifest subtly. According to this study by Nature, you might start to experience weight gain and high cholesterol. Studies in woman suggest you can lose up to 1 percent of bone mass a year by sitting for over six hours a day."
1874,"In this article, we look at the structure and primary focus of each of the major central banks, and give you the scoop on the major players within these banks. We also explain how to combine the relative monetary policies of each central bank to predict where the interest rate spread between a currency pair is headed."
1875,"Find What is Autocracy! Find what is Autocracy! A government type in which a single person has unlimited authority. It can also be described as, Greek origin government with single person in power. For any form of government some characteristics would define its framework and structure."
1876,"transitive verb. 1 : to come into possession of : acquire receive a gift. 2a : to act as a receptacle or container for the cistern receives water from the roofb : to assimilate through the mind or senses receive new ideas. 3a : to permit to enter : admitb : welcome, greetc : to react to in a specified manner."
1877,"Please call them at the number on your member ID Card. Relay services for individuals with a hearing disability are available by dialing 711. If you need a PDF document in an accessible format, you can request it directly by completing this online form."
1878,"Maharashtra has reported 62,095. accidental deaths out of 3,94,982 such deaths. in the country during the year and remained at. the top with nearly one-sixth (15.7%) of total. accidental deaths reported in the country. Uttar. Pradesh, the most populous State in the. country with population share of 16.9%, on the."
1879,"The 2015 Volkswagen Jetta offers plenty of cabin space and several engine choices that perform well, reviewers say, but some find it lacking with respect to technology features. Volkswagen has recently stopped selling Jetta models with diesel engines because they do not comply with U.S. emissions standards.et the best local price on a 2015 Volkswagen Jetta ]. The 2015 Jetta’s cabin features a redesigned instrument cluster and piano-black trim, which gives it a luxurious appearance, according to critics. A few disapprove of some of the hard plastic surfaces in the vehicle, however."
1880,"Print the cup wrapper templates on a color printer and cut along the outlines. You and your child can write each party guest’s name on a wrapper. Wrap around each cup, lining up the ends, and then secure with tape. Tags: PAW Patrol, Nick Jr."
1881,"Price: $2045.00 . Seca 684 Medical Bariatric Scales Multi-functional scale with flip up seat serves as a chair scale, a handrail scale and a wheelchair scale -- all in one durable unit! Large 800 lb capacity weighs even the heaviest patients. Features integrated pre-TARE function, and convenient HOLD function. And the transport castors make it convenient to move"
1882,"The term malignant neoplasm means that the tumor is cancerous. You indicated that this is a preliminary diagnosis, and while it may have been based on observation by the doctor — that is, how the lesion looked on colonoscopy — the biopsy of the lesion can tell you and your doctor if it is indeed malignant or not."
1883,"The hematocrit (Ht or HCT, British English spelling haematocrit), also known as packed cell volume (PCV) or erythrocyte volume fraction (EVF), is the volume percentage (%) of red blood cells in blood.It is normally 45% for men and 40% for women.ecause the purpose of red blood cells is to transfer oxygen from the lungs to body tissues, a blood sample's hematocrit—the red blood cell volume percentage—can become a point of reference of its capability of delivering oxygen."
1884,"Homestead exemption programs reduce property taxes by exempting a certain amount of a home's value from taxation. The value of the tax reduction depends on the exemption amount and the assessment level, or the portion of a property's value that is subject to the local government's tax rate. Homestead credit programs, on the other hand, provide tax credits directly to taxpayers. Qualifying homeowners receive a discount on their tax bills or a rebate equal to a certain percentage of taxes due or a fixed amount."
1885,"As of the census of 2000, there were 574 people, 229 households, and 160 families residing in the town. The population density was 804.3 people per square mile (312.1/km²). There were 253 housing units at an average density of 354.5 per square mile (137.6/km²)."
1886,"Many useful devices, such as microscopes and telescopes, use more than one lens to form images. To analyze any system with more than one lens, work in steps. Each lens takes an object and creates an image."
1887,"Marijuana refers to the dried leaves, flowers, stems, and seeds from the hemp plant, Cannabis sativa. The plant contains the mind-altering chemical delta-9-tetrahydrocannabinol (THC) and other related compounds. Extracts can also be made from the cannabis plant (see Marijuana Extracts)."
1888,"But unlike years past, many older gang members believe that gang violence has increased in Chicago because of undisciplined youth who are now running the gangs. Chief Keef’s recent tribulations have shed light on the youth violence in Chicago and the gang he’s reportedly affiliated with, the Black Disciples. To get a better understanding of the Black Disciples, we have provided a list of 10 things to know about the infamous gang and its foundation."
1889,"2 the power to direct the thinking or behavior of others usually indirectly has a great deal of clout in the film industry Synonyms authority, influence, credit, heft, in, juice [slang], leverage, pull, sway, weightRelated Words counterinfluence; command, dominance, dominion, mastery, predominance, reign, scepter, sovereignty (also sovranty), ..."
1890,"X-Ray Technician salaries can vary with location, experience, employer and education. Median annual X-Ray Technician salaries were about $54,000 in May 2012. The lowest 10 percent earned an X-Ray Technician salary of less than about $37,000 and the highest 10 percent earned more than about $77,000.he lowest 10 percent earned an X-Ray Technician salary of less than about $37,000 and the highest 10 percent earned more than about $77,000."
1891,"25 years ago, before Mexico realized the need for tourism to develop and sustain the economy; Cancun was a simple fishing village with a population of about 120 people. Cancun.."
1892,New listing DERUTA DIP. A MANO ITALY 9.75 PHOENIX FLORAL SET OF SIX PASTA SOUP VEG BOWLS. $99.00; 1 bid +$20.50 shipping
1893,She gave the children some sweets to chew on during the long car journey. The journey was quite quick because the road was clear. I expect you'd like to rest after your long journey. We did the journey to Wales in five hours. The train journey took us through a valley past rolling hills.
1894,"The condition does not have specific symptoms but is causes blood and mucus in stool. They sometimes also cause constipation, bloating, flatulence and abdominal pain. If these pouches become inflamed it causes fever, sharp pain in the abdomen, vomiting and nausea, or a distended stomach."
1895,"The King approved slightly altered designs in 1903, and the Union Jack was to remain the senior flag to both designs. Then, in 1909 a seventh point was added to the Federation star. For many years there was considerable misunderstanding in Australia and in other countries with regard to the use of the Australian flags."
1896,"Recipe by: jenn. These are just like the tamales my Abuelita used to make for special occasions. This recipe makes a lot, but if you're going to go to all the trouble of making tamales from scratch, you might as well have a party! You will need butchers' twine and a large pot with a steamer basket to make these."
1897,"Overtime: Employers must also pay all non-exempt employees a rate of time-and-one-half the regular rate of pay for each hour of overtime worked. Nursing care facilities may pay employees overtime after 40 hours in a 7 day workweek or alternatively, use the 8 and 80 system.nder the 8 and 80 system, the nursing care facility may pay employees -- with whom they have a prior agreement -- overtime for any hours worked after more than 8 hours in a day and more than 80 hours in a 14-day period."
1898,Won Director Award: 2003 Won DVDX Award: Best New Movie Scenes (Finished-Edited Into Movie or Stand-Alone) The Lord of the Rings: The Two Towers (2002)
1899,"For information about other parasols, see Parasol (disambiguation). Peach's Parasol (also called Peach's Umbrella) is what Princess Peach uses to defend herself and to glide in the air. It replaces her floating dress ability from Super Mario Bros. 2. Peach has been using this parasol ever since she was a baby."
1900,"A Dr. Jerry P. Gordon, DMD , Dentist, answered. Immediate dentures may cost about 10-20% more than a standard denture. That is, if a denture costs around $1,400, and immediate denture may cost between $1540-1680. You will also incur the cost of having the remaining teeth removed, anywhere between $150-300 per tooth."
1901,"The most common causes of muscle pain are tension, stress, overuse and minor injuries. This type of pain is usually localized, affecting just one or more muscles or parts of your body. Systemic muscle pain, which you feel throughout your body, is different.It's more often the result of an infection, an illness or a side effect of a medication. Common causes of muscle pain include: 1  Chronic exertional compartment syndrome. 2  Chronic fatigue syndrome. 3  Claudication.ystemic muscle pain, which you feel throughout your body, is different. It's more often the result of an infection, an illness or a side effect of a medication. Common causes of muscle pain include: 1  Chronic exertional compartment syndrome. 2  Chronic fatigue syndrome. 3  Claudication."
1902,Bakery Lofts added 15 new photos to the album: Doggie Costume Contest 2013. Potluck and K9 costume contest.
1903,"The Costs. The average cost to install a mini-split air conditioning system is $1,900. The maximum average cost to install a mini-split air conditioning system is $2,100.The minimum average reported cost for mini split-air conditioner installation is $1,700.Continue reading to see more cost considerations for all mini-split air conditioning systems.urthermore, proper insulating must be done to maximize energy efficiency. When hiring an HVAC company or contractor to install a mini-split air-conditioning system, there are some specific factors that must be taken into account. The cost of the unit itself usually ranges between $1,100 and $1,400."
1904,"Jovana Williams 28 people named Jovana Williams found in California, Nebraska and 14 other states. Click a state below to find Jovana more easily."
1905,"A nuclear one. The disaster at Chernobyl is considered to be the worst nuclear disaster in history. One of the nuclear reactors at the plant had a meltdown, and spewed toxic, … radioactive fallout all over Chernobyl and the surrounding areas.Practically half of Russia and Europe were affected.t was in the Chernobyl nuclear power plant that the 4th reactor melted down and formed a radioactive cloud spreading deadly radiation throughout the north Ukrainian area and … some parts of Russia."
1906,"1 The folder named Number Sense contains pdfs that are tests from the years 1961 - 2009 on all the UIL test types (A, B, District 1, District 2, Regional, State) and the TMSCA State test from that year. 2  The folder named Calculator contains pdfs that are tests from the years 1991 - 2009."
1907,Grapes can grow on either depending on the kind. Grapes grow on vines which are neither bushes nor trees. Older vines my look like bushes.
1908,"Jawas were typically short rodent-like natives of Tatooine. They were passionate scavengers, seeking out technology for sale or trade in the deep deserts in their huge sandcrawler transports. A band of Jawas was responsible for locating C-3PO and R2-D2 and selling them to Luke Skywalker 's uncle, Owen Lars."
1909,"Our Cabernet Sauvignon displays all the hallmarks of our Rutherglen reds, pure rich fruit, true varietal character and the tannin structure for longevity. BOBBIE BURNS SHIRAZ 2013. A Rutherglen icon – showing the true power of the Rutherglen shiraz fruit with the tannin structure for longevity.For more than forty years our Bobbie Burns Shiraz has enjoyed a reputation for being of consistently high quality.OBBIE BURNS SHIRAZ 2013. A Rutherglen icon – showing the true power of the Rutherglen shiraz fruit with the tannin structure for longevity. For more than forty years our Bobbie Burns Shiraz has enjoyed a reputation for being of consistently high quality."
1910,"Click to read more below. The thymus gland, despite containing glandular tissue and producing several hormones, is much more closely associated with the immune system than with the endocrine system.The thymus serves a vital role in the training and development of T-lymphocytes or T cells, an extremely important type of white blood cell.he thymus is a soft, roughly triangular organ located in the mediastinum of the thoracic cavity anterior and superior to the heart and posterior to the sternum...."
1911,"Coffee Husk. We are offering Coffee Husk to our highly valued clients. It is a fibrous product, which is obtained while processing coffee beans by our vendors. It is used as bio-fuel, compost, etc. it is demanded by the clients inmore.."
1912,"If you want to test your freezer to see what temperature it is use a freezer thermometer. Ideally read the thermometer after the freezer door has been closed for quite awhile, like first thing in the morning, so you get an accurate reading."
1913,"A wooden board next to a tree (and a brown pipe on the ground) mark the start of the trail to Lizard’s Mouth. Trailhead address: West Camino Cielo (Forest Route 5N12), Los Padres National Forest, Santa Barbara, CA 93105. Trailhead coordinates: 34.503055, -119.865691 (34° 30′ 10.99″N 119° 51′ 56.48″W)"
1914,Cat people are more likely to live alone and in apartments than dog people. One study shoes that cat owners are a third more likely to live alone than dog owners and twice as likely to live in an apartment rather than a house. The most likely individuals to own cats are single women.
1915,"Define Jove. Jove synonyms, Jove pronunciation, Jove translation, English dictionary definition of Jove. n. Roman Mythology See Jupiter. Idiom: by Jove Used as a mild oath to express surprise or emphasis. n 1. another name for Jupiter1 2. by Jove an exclamation... Jove - definition of Jove by The Free Dictionary https://www.thefreedictionary.com/Jove"
1916,About Moon Calendar. Above you can see our calendar of Moon phases for october 2004.The name of a current phase and the approximate percent of an illuminated surface of the Moon visible from the Earth are also given.he name of a current phase and the approximate percent of an illuminated surface of the Moon visible from the Earth are also given.
1917,Define burgher: an inhabitant of a borough or a town; a member of the middle class : a prosperous solid citizen — burgher in a sentence an inhabitant of a borough or a town; a member of the middle class : a prosperous solid citizen…
1918,"Against this background, the Liberians United for Reconciliation and Democracy (LURD) launched armed attacks initially against the northwestern regions of Liberia on April 21, 1999. As expected, the Taylor regime launched counter-attacks against the insurgents, thereby setting into motion the second Liberian civil war."
1919,"Contact CSL. The CSL Group develop a range of highly-specialised products to prevent and treat serious human medical conditions. Headquartered in Melbourne Australia, the CSL Group has over 16,000 employees working in more than 30 countries."
1920,"When you order your horse's supplements in SmartPaks, you're automatically* eligible for our FREE SmartPerks benefits, including: 1  Free ground shipping on what you want, when you want it. 2  10% off all SmartPak brand tack, apparel, and gear. 3  A free Team SmartPak calendar, exclusive email offers and discounts, and more!"
1921,Method The procedure for producing the criteria framework has been the following: First I started with a broad search on the net for terms such as “good information system” and “evaluation of information system” to find encompassing models fitting what I wanted (a model for the evaluation of information systems).
1922,"A clandestine laboratory is simply defined as a place where preparation of illegal substances takes place. These ‘labs’ are used to manufacture drugs, explosives and even biological or chemical weapons.Most often, the labs are used to manufacture methamphetamine, a potent illegal stimulant drug.ow should a person removed from a clandestine laboratory be decontaminated? The answer to this question depends entirely upon the exposure history of the involved persons. For example, a police officer involved in warrant service in a lab may only need decontamination of his/her boots with a soap and water solution."
1923,"I have been employed with the Palm Beach County Sheriff’s office since 1992. Throughout my tenure at PBSO, I have been assigned to various job assignments a follows: Deputy Sheriff- Corrections Division- Eagle Academy- Road Patrol Division- Sergeant City of Belle Glade- Sergeant Royal Palm Beach; and now Lieutenant District 13 Commander."
1924,"Bilevel positive airway pressure (BPAP), commonly referred to by the trademarked names BiPAP and BIPAP, is a form of non-invasive mechanical pressure support ventilation that uses a time-cycled or flow-cycled change between two different applied levels of positive airway pressure.ettings and measurements [edit]. 1  IPAP: this is the pressure applied during patient triggered breaths. 2  EPAP: this is the pressure applied in between patient triggered breaths. 3  FiO2: The fraction of O2 percentage that is being added to the delivered air. 4  Vf: on many machines a respiratory rate is set as a guarantee for intermittent bursts of IPAP."
1925,Click on one of the articles below to find the answers you are looking for. 1  Cruise Line Comparison. 2  Tampa Cruise Ships. 3  Last Minute Cruises. 4  Tampa Hotels. 5  Tampa Car Rental.
1926,Metal Prices; Gold Price; Silver Price; Copper Price; Platinum Price; Palladium Price; Forex; Learn
1927,"Flaps can change the camber or curve of the wing airfoil by adding 1/4 of the wing cord without changing the critical angle of attack. The efficiency of the wing at different speeds can be changes as required. When flaps are added the zero lift line changes, as does the angle of attack."
1928,"The number of children getting treatment for ADHD has risen. It is not clear whether more children have ADHD or more children are receiving a diagnosis of ADHD. Also, more children with ADHD are getting treatment for a longer period. ADHD is now one of the most common and most studied conditions of childhood."
1929,Definition of box sill. : a sill that is constructed of brick or concrete enclosed in planks and that is used in frame house construction.
1930,"IR-2013-54, May 23, 2013. WASHINGTON — The Internal Revenue Service reminds U.S. citizens and resident aliens, including those with dual citizenship who have lived or worked abroad during all or part of 2012, that they may have a U.S. tax liability and a filing requirement in 2013."
1931,"BUY & DONATE MEDICAL SUPPLIES IN NEW JERSEY. A division of Goodwill Industries of Southern NJ & Philadelphia, Goodwill Home Medical Equipment collects, sanitizes, refurbishes and sells gently-used, durable medical equipment and unopened medical supplies at affordable prices."
1932,"Normal polarity in electronics is when you have the positive hooked up to the positive terminal and the nega … tive to the negative terminal. Reverse polarity would be having the positive hooked up to the negative terminal and the negative to the positive terminal.The same concept can be used with magnets.f you connect the electrode holder to the positive post and the ground clamp to the negative post the curren … t flows to the base metal thru the ground clamp, across the arc, thru the electrode and holder and back to the machine. This is reverse polarity. Most stick welding is done this way."
1933,How to Contact HPD. 1  Dial 9-1-1 to report an emergency. Helpful information on using the 9-1-1 Emergency Number. 2  Dial (713) 884-3131 to request non-emergency police service for locations within the city limits of Houston.
1934,"Code: 11 - Full Service Branch Office-Accept deposits, can make different types of loans, open and close accounts, loan officer is typically on site, normal hours, full-time banking staff. These office locations may or may not have safe deposit facilities on site, they can give loan and deposit rates. The branch location may be owned by the bank or may be leased by the financial institution."
1935,"Ishikari-gawa is the third longest river in Japan; its length it 167 miles (268 kilometers). Also, it is the longest river on the island of Hokkaido. The river originates from the Taisetsu Mountain Range, from Mount Ishikari. After its drainage area, it the second largest river of the country."
1936,"Fleet boarded the Titanic in Southampton on 10 April 1912. The ship made two stops, first in Cherbourg, France and Queenstown, in Ireland. The lookouts, six in total, made two-hour shifts due to extreme cold in the crow's nest. The trip was uneventful until the night of 14 April 1912."
1937,"Ms. Joyce Lagno, MPT, is a Physical Therapy specialist in Arlington Heights, Illinois. She graduated in 1977, having over 41 years of diverse experience, especially in Physical Therapy. Ms. Joyce Lagno also cooperates with other doctors and physicians in medical groups including Lifetime Health And Wellness Center. Ms. Joyce Lagno accepts Medicare-approved amount as payment in full."
1938,"Jun 18, 2008, 6:47 AM. Palermo and Catania are large and gritty cities that will be very hot in August. These are not the most beautiful places to visit in Sicily! Taormina is a beautiful hill town."
1939,"Adult dogs can be neutered at any age, but the best time is before sexual maturity. For many years, the recommended spay/neuter age was six to nine months. When a puppy’s future involves performance competition, ask your veterinarian and breeder about timing.Delaying for a couple of months may allow the pup to attain better physical development important to these demands.pay ing and neutering puppies is the responsible thing to do, and it's important to know when to neuter a puppy. When love is in the air, the dogs know it. Girl pups mature more quickly than you might think."
1940,"2. When we wake up in the morning, we're observing a significant amount of condensation on the bedroom windows around the edges on the inside (inside the house not between the panes)."
1941,"If you place laminate flooring on a weak or uneven sub-floor, the new floor will be compromised and eventually buckle, damage the laminate locking system, creak, or create micro gaps in the new floor. Here are some ways you can check for problems in a sub-floor: Use a level to see how flat the floor is."
1942,"In this more permissive state, the cells no longer retain the memory of their previous lineages and revert to a blank slate with unrestricted potential to become any adult cell. I feel like he's somebody who may be called a blank slate, but that's somebody that's open to ideas."
1943,"Make sure you keep this in mind when you speak with them to estimate moving costs. The average cost of movers for 2 men and a truck is between $90 and $120 per hour. If you decide to hire movers for labor only (without a moving truck), the professionals will charge about $60 to $80 per hour of labor.You can use our local moving cost calculator form on the top of the page as a cost estimator about the entire move. Moving out of a 2-bedroom apartment or house (approximately 1000 square feet) will probably cost you between $375 and $450 if 3 local movers complete the local relocation job in 5-6 hours."
1944,"In addition to the existing ban on drinking within 12 hours of a flight, pilots will be allowed the day before the flight to drink no more than 1,000. of beer (about two midsize bottles), about 360. of sake, and 140. of ''shochu'' distilled spirit or their equivalent."
1945,"Coeur d'Alene Weather. Coeur d'Alene Weather and When to Go. Coeur d'Alene weather essentials. The town of Coeur d’Alene features a climate that is consistent with the Pacific Northwest, but unlike nearby Seattle or Portland this region actually has four truly distinct seasons. The spring and fall can be pleasant with temperatures that average around 60 degrees during the daytime."
1946,"Diffuse reflection is the reflection of light from a surface such that an incident ray is reflected at many angles rather than at just one angle as in the case of specular reflection. surface may also exhibit both specular and diffuse reflection, as is the case, for example, of glossy paints as used in home painting, which give also a fraction of specular reflection, while matte paints give almost exclusively diffuse reflection."
1947,"The most valuable promo recently sold on eBay was a Pikachu Illustrator promo. This one was graded PSA 9 and sold for a whopping $90,000! This promo is the rarest with only six copies ever printed. It was awarded to the winners of the Pokémon Card Game Illustration Contest held in Japan in 1997."
1948,"JP Printers Jakharia Road, Malad West,shop No 8, Ground Floor Opposite neha jewellers, Mumbai-400064, Maharashtra, India"
1949,"Linear motion, also called uniform motion or rectilinear motion, motion in one spatial dimension. 1  According to Newton’s first law (also known as the principle of inertia), a body with no net force acting on it will either remain at rest or continue to move with uniform speed in a straight line, according to its initial condition of motion."
1950,Small Intestine – nearly all chemical digestion and nutrient absorption occurs in small intestine– the longest part of the digestive tract • 2.7 to 4.5 m long in a living person• 4 to 8 m long in a cadaver where there is no muscle tone – “small” intestine refers to the diameter not length • 2.5 cm (1 inch).mall Intestine – nearly all chemical digestion and nutrient absorption occurs in small intestine– the longest part of the digestive tract • 2.7 to 4.5 m long in a living person• 4 to 8 m long in a cadaver where there is no muscle tone – “small” intestine refers to the diameter not length • 2.5 cm (1 inch).
1951,"The TWIC program has served as a model for the development of Federal Information Processing Standards Publication 201 (FIPS 201), which requires any personal identity verification system, of which TWIC is one, to be implemented in strict accordance with the privacy laws and policies of the Federal government."
1952,I joined the chamber because I knew that as a group of small businesses we have a much greater voice when addressing issues that affect our livelihoods and quality of life in our community. Business advocacy is an extremely important function of the Greater Las Cruces Chamber of Commerce.
1953,"There are three types of muscle tissues: skeletal, cardiac and smooth muscles. a. skeletal muscle: multinucleated, striated; attached to bones producing locomotion, general support and posture; producing heat. Contraction is voluntary, and not long-sustained."
1954,"BattlEye is a pro-active protection, so it blocks cheats before hooking into the game. It also has an active detection system that scans your computer’s memory for for cheating software that attempts to bypass it's protection. For more information on how BattlEye works, please visit this blog and the BattlEye website."
1955,"1 The National Center for Education Statistics estimates the average private school tuition for elementary students in 2007-2008 was $6,733 for all private schools; $4,944 at Catholic schools; $6,576 at other religious institutions; and $15,945 for nonsectarian schools. For working parents, before and after school care can cost $100-$500 or more a month at public schools (it might be free for low-income students) or $300-$800 or more monthly at private schools. 2  Private schools and some public schools require students to wear a school uniform."
1956,"Now the company is tightening its rules about just how many people can officially enjoy the benefits of one $99 Amazon account, which previously allowed Prime members to share the online retailer's two-day free shipping feature with four other adults. Amazon is now saying that only two adults in one household can share an account."
1957,"Studies of postmenopausal women report that aerobic, weight-bearing, and strength training exercise can increase bone mineral density in the spine, and that a simple walking program can increase bone mineral density in the spine and hip."
1958,"DataNet customers report they reduce manufacturing scrap, waste, defects or rework by up to 50 percent using WinSPC. WinSPC allows shop-floor operators to monitor product and process quality in real-time, so they are better able to detect, correct, and prevent process variation that causes defects.educe your manufacturing scrap, defects, waste and give-away using WinSPC: 1  Chart, control and monitor real-time processes with control charts. 2  Sound alarms or alert operators and managers when processes require corrective action. 3  Empower operators to take immediate corrective action, or trigger auto-corrective actions."
1959,"The term JPEG is an initialism/acronym for the Joint Photographic Experts Group, which created the standard. The MIME media type for JPEG is image/jpeg, except in older Internet Explorer versions, which provides a MIME type of image/pjpeg when uploading JPEG images. JPEG files usually have a filename extension of .jpg or .jpeg. JPEG/JFIF supports a maximum image size of 65,535×65,535 pixels, hence up to 4 gigapixels for an aspect ratio of 1:1."
1960,Patient Education. Most men's shoes conform to the shape of the feet and have a roomy toe box with sufficient horizontal and vertical space and a low heel (usually about half an inch high).
1961,"Frame of reference definition, a structure of concepts, values, customs, views, etc., by means of which an individual or group perceives or evaluates data, communicates ideas, and regulates behavior. See more."
1962,"Generic Company Place Holder Tor Browser Bundle. Though it's not as fast as regular browsers, the Tor Browser Bundle offers an excellent way to browse anonymously. If you want to beef up and anonymize your Internet browsing experience as well, Tor Browser Bundle (free) is the way to go. The Tor network provides a way to browse anonymously. Tor's Vidalia Control Panel handles all connections automatically, launching Firefox as soon as you can browse."
1963,"The elbow joint is a complex hinge joint formed between the distal end of the humerus in the upper arm and the proximal ends of the ulna and radius in the forearm. The elbow allows for the flexion and extension of the forearm relative to the upper arm, as well as rotation of the forearm and wrist."
1964,"If someone asks you to send your work as a PDF, you can save your Word document as a PDF file. Click File Export Create PDF/XPS. Choose where you want to save the PDF file. Tips To avoid including information you don’t want to share, in the Publish as PDF or XPS window, click Options."
1965,"Mid-Range. Some employers' policies dictate that they bring in new employees at or slightly below the midpoint in the salary range. This means if you're applying for a job with a pay range of $50,000 to $60,000, chances are you'll be hired at $55,000 or possibly less.In this case, indicate that you'd like to negotiate a starting salary slightly above midpoint.he online applications generally give you a $10,000 range to select from, so you can get pretty close to what the job pays by choosing a range that's close to the salaries you found in your research."
1966,"The Function() Constructor. As you have seen in the previous examples, JavaScript functions are defined with the function keyword. Functions can also be defined with a built-in JavaScript function constructor called Function()."
1967,if you do spot an error in your credit report you can file a free dispute with each of the credit reporting bureaus you can file a dispute with equifax either online by phone or by mail by law equifax is required to investigate your dispute within 30 to 45 days and inform you of the outcome
1968,How to print a usage page on an HP LaserJet P3015. You can print a usage page from a LaserJet P3015 by following these steps: - Press the down arrow to go into the printer's menu. - Press the down arrow again until INFORMATION is the highlighted option.- Press the OK button.- Press the down arrow until PRINT USAGE PAGE is the highlighted option. - Press OK.ou can print a usage page from a LaserJet P3015 by following these steps: - Press the down arrow to go into the printer's menu.
1969,Usage - Pronoun-Antecedent Agreement. A pronoun is a word used to stand for (or take the place of) a noun. A word can refer to an earlier noun or pronoun in the sentence. Example:
1970,Investors who anticipate trading during these times are strongly advised to use limit orders. 1  Data is delayed at least 15 minutes. 2  Pre-Market trade data will be posted from 4:15 a.m. ET to 7:30 a.m. ET of the following day. 3  After Hours trades will be posted from 4:15 p.m. ET to 3:30 p.m. ET of the following day.
1971,"First of all, the question should have been: How was Monument Valley formed? Monument Valley (U.S.A.) is made from sandstone and is an ancient seabed. Exposure to the atmosphere and weather has gradually, over millions of years, eroded much of the soft sandstone, leaving the slightly harder portions standing."
1972,"Call your doctor if any of the following occur during home treatment: 1  You have early symptoms of pregnancy, such as: 2  Missed periods. 3  Increased urination. 4  Fatigue. 5  Breast tenderness or enlargement. 6  Nausea and vomiting. 7  You have missed more than two menstrual periods in a row."
1973,"The amount of gravity between two objects depends on the masses of the objects, and also the distance between them. When you have two very large objects like the Moon and the Earth, different parts of them are pulled differently due to distance. The part of the Earth closest to the moon is pulled most."
1974,"Highland Park is a suburban city in Lake County, Illinois, United States, about 25 miles (40 km) north of downtown Chicago. As of the 2010 census, the population was 29,763. Highland Park is one of several municipalities located on the North Shore of the Chicago metropolitan area"
1975,Our panelists will discuss: 1  The current legislative environment. 2  The proposed tax legislation on individual tax reform. 3  Considerations to prepare for change.
1976,"All of North America is divided into climate zones based on the two parameters of temperature and moisture. One of the fundamental principles of building science is that buildings must be suited to their climate. When they're not, problems can ensue. Maybe it's just that they're not as efficient as they should be."
1977,"However, minor ethnic differences in skin structure, tone and behavior can create distinctions in how African Americans, Caucasians, Hispanics, Asians, etc. can best care for their skin. For example, African American skin can be more prone to pigmentation problems, ingrown hairs, and obvious scarring."
1978,"However, only the FQDN that is a concatenation of the host name and the primary DNS suffix is the full computer name. In this chapter, the first label of the full computer name is known as the host name , and the remaining labels form a primary DNS suffix."
1979,"Definitely covalent. The electronegativity difference isn't great enough for a bond between Nitrogen and Oxygen to be ionic. In order for a bond to be Ionic, the electronegati … vity difference must be 2.7 or greater.The electronegativity difference of N and O is merely .4.o. A bond cannot be both covalent and ionic. A bond can be covalent, ionic or metallic. In covalent bonding electrons are shared, electrons are transferred in ionic bonding a … nd electrons move about in a sea of electrons in metallic bonds. 5 people found this useful."
1980,"Save. Your Hotmail -- now Outlook.com -- email account is your Microsoft account. If you want to delete the account because of spam or any other reason, you must delete the entire Microsoft account and lose access to all Microsoft services.tep 4. Scroll to the bottom of the page and click the Close My Account link in the Closing Your Account. Outlook.com (Image: Image courtesy of Microsoft). Type your password again and click Sign In to confirm your identity, if necessary."
1981,"Investment Accounts: Transfer on Death An investment account can transfer fairly easily, as long as you designate a beneficiary and consider his or her ability to manage the account. On a nonretirement account, designating a beneficiary or beneficiaries establishes a transfer on death (TOD) registration for the account."
1982,Check the spelling and formatting: Please check your spelling and use the common location formats listed below. We cannot find listings using informal location names such as Maui or Bay Area.
1983,"Your kidneys eliminate baclofen from your system. Take baclofen with caution if you have kidney disease and reduced kidney function because the drug can build up in your system. Baclofen is not recommended to treat muscle spasms caused by a stroke. Baclofen can cause more side effects in people with a history of stroke. Baclofen can make you drowsy and affect your balance, so don't drive or operate heavy machinery until you know how baclofen affects you."
1984,"His Tahafut al-tahafut (Incoherence of the Incoherence) is a response to an earlier attack upon philosophy, the Tahafut al falasifa (Incoherence of the Philosophers) written by AL-GHAZALI, who had argued in this work that there are two major problems with Islamic philosophy."
1985,"If you bought 15 shares of apple computer stocks in 1982 what would they be worth today? At maximum profit, the price would start at $1.4 and end up at the current market price (August 14, 2012) of $631.69, generating a profit of $630.29 per share."
1986,"Best Answer: There are many different pills out there. Loestrin24 gives you a period for only 4 days a month. Seasonale or Seasonique will give you 4 periods a year. I used to take a typical 21 active pill BC, my doctor simply had me not take the sugar pills.I would have 1 period a year (just to clean everything out).There is actually now a pill out there that has no sugar pills, its called Lybrel.s there a pill yet to stop your period? Birth control im talking about, because everyone has always told me about the sugar pills in the cycle of birth control pill."
1987,"Heat a large frying pan with about tablespoon of olive oil on medium heat, then add meat, cook ... 2. STEAK RANCHERO. Cover round steak with flour and lightly brown ... and simmer until meat is tender (add water or tomato sauce if more liquid is needed)."
1988,"LimeWire was a free peer-to-peer file sharing (P2P) client program that ran on Windows, Mac OS X, Linux, and other operating systems supported by the Java software platform.LimeWire used the gnutella network as well as the BitTorrent protocol. A freeware version and a purchasable enhanced version were available.BitTorrent support is provided by libtorrent.ersions of LimeWire prior to 5.5.10 can still connect to the Gnutella network and users of these versions are still able to download files, even though a message is displayed concerning the injunction during the startup process of the software."
1989,"Winter Park, CO. Sponsored Topics. Winter Park is a Home Rule Municipality in Grand County, Colorado, United States. The town population was 662 at the 2000 census, although tourists and seasonal workers significantly increase the population."
1990,What I would like your group to do is to write a 5 paragraph essay about Spring Break. Here is how I want you to write it: Paragraph 1 - General Introduction to Spring Break and what it means to students. Paragraph 2 - Things that one needs to do prior to leaving for Spring Break.
1991,"About Primates. Primates are the mammals that are humankinds closest biological relatives. We share 98.4% of your DNA with chimpanzees. Apes, monkeys, and prosimians such as lorises, bush babies and lemurs make up the 234 species of the family tree. About 90% of primates live in tropical forests.They play an integral role in the ecology of their habitat. They help the forest by being pollinators, seed predators, and seed dispersers.ost primates live in tropical, developing countries, and humans compete with them for resources. In many parts of the world, primates are exploited for food, medicine, and commercial trade. Primates that raid crops are shot or poisoned."
1992,"Parrish was born Jill Annette Niederhauser in Ogden, Utah, on August 16, 1961, the daughter of Ed and Beulah Niederhauser. She lived in Ogden until she left for law school in 1982. Parrish graduated from Ogden High School in 1979."
1993,"Concrete leveling, or mudjacking, as it is sometimes called, is a very cost-efficient way to fix concrete problems. It is a fraction of the cost of breaking up, removing and replacing concrete.Therefore, it can offer an economical fix to a potentially large repair cost.he concrete leveling machine is cumbersome and bulky. Therefore, it is difficult to get it close to a confined area. It will cost $5 to $8 per square foot of concrete to level a typical job."
1994,"Last Updated Feb 23, 2015 12:39 AM EST. The long take of Birdman has stretched all the way to the Oscars, where the jazzy, surreal comedy about an actor fleeing his superhero past, took Hollywood's top honor in a ceremony punctuated by passionate pleas for equality."
1995,Books On Literature Reviews in the Meriam Library. 1  Conducting Research Literature Reviews : From the Internet to Paper Call Number: Main Collection - Q180.55.M4 F56 2014. 2  Literature Reviews Made Easy: A Quick Guide to Success Call Number: Main Collection - PN98.B7 D37 2010.
1996,County and local requirements. 1  Different counties and municipalities have varying requirements and permits that may apply to your new restaurant. These can include: 2  Certificate of occupancy. 3  Flammable materials permit. 4  Health department permit. 5  Sign permit.
1997,"Large Gumballs. These colorful 1 gumballs are a must-have for your own bubblegum machine and will make your candy buffet really pop! Whether it's for a wedding reception or a birthday party, layer these gumballs neatly with other colors or mix them all up in jars for a sweet look your birthday party and wedding guests will love. Find your favorite gumball flavors and colors to match your party theme on our website!"
1998,"I will see you 4 weeks later, a total of 8 weeks after the operation, to then start physiotherapy and you can discard the boot when the physiotherapist feels that you have enough strength in your calf. Driving You should not drive a manual car for at least 6 weeks following surgery.After this you should start gradually, to see if you are comfortable. It normally takes a few days to feel confident. If you have an automatic car and have only had the left Achilles operated upon then you may drive after 2 weeks.Work If you have an office based job then it may be possible for you to return after 2 weeks however it is more advisable to return after 8 weeks.ecovery It is usually possible to start light jogging after 12 weeks and return to normal sports by 6 months. The Achilles is usually thickened after surgery and while this may reduce slightly with time it is normal for it to remain slightly thicker than the other side."
1999,"But thinning hair and hair loss are also common in women, and no less demoralizing. Reasons can range from the simple and temporarya vitamin deficiencyto the more complex, like an underlying health condition. In many cases, there are ways to treat both male and female hair loss. It all depends on the cause. Here are some common and not-so-common reasons why you might be seeing less hair on your head. Next: Physical stress. Get the latest health, fitness, anti-aging, and nutrition news, plus special offers, insights and updates from Health.com!"
